record_type,queue_index,case_id,method_id,budget,terminal_status,attempt_index,round,accepted,energy_hartree,absolute_fci_error_hartree,parameter_count,cnot_count,cnot_depth,total_depth,operators_blocks,energy_event_index,parameter_vector_length,parameter_l2_norm
attempt,1,lih-3.0,same-structure-reoptimization,LOW,COMPLETED,1,1,True,-7.797909682469515,0.0009334770328921493,15,107,30,171,15,NA,NA,NA
attempt,3,lih-3.0,v4.1-one-shot-joint-compression,LOW,ALGORITHM_REJECTED,1,1,False,-7.787066510113316,0.011776649389091176,11,71,30,119,11,NA,NA,NA
attempt,4,lih-3.0,v5-fixed-source-whitelist-no-replenishment,LOW,COMPLETED,1,1,False,-7.797909682465739,0.000933477036668684,14,98,30,158,14,NA,NA,NA
attempt,4,lih-3.0,v5-fixed-source-whitelist-no-replenishment,LOW,COMPLETED,2,1,True,-7.79790968245605,0.0009334770463578224,14,98,30,158,14,NA,NA,NA
attempt,5,lih-3.0,v5-sequential-with-rebuilding,LOW,COMPLETED,1,1,False,-7.797909682465739,0.000933477036668684,14,98,30,158,14,NA,NA,NA
attempt,5,lih-3.0,v5-sequential-with-rebuilding,LOW,COMPLETED,2,1,True,-7.79790968245605,0.0009334770463578224,14,98,30,158,14,NA,NA,NA
attempt,7,lih-3.0,same-structure-reoptimization,MEDIUM,COMPLETED,1,1,True,-7.797909682469515,0.0009334770328921493,15,107,30,171,15,NA,NA,NA
attempt,8,lih-3.0,structural-magnitude-pruning,MEDIUM,ALGORITHM_REJECTED,1,1,False,-7.797909682465741,0.0009334770366669076,14,98,30,158,14,NA,NA,NA
attempt,9,lih-3.0,v4.1-one-shot-joint-compression,MEDIUM,ALGORITHM_REJECTED,1,1,False,-7.787066510113316,0.011776649389091176,11,71,30,119,11,NA,NA,NA
attempt,10,lih-3.0,v5-fixed-source-whitelist-no-replenishment,MEDIUM,COMPLETED,1,1,False,-7.797909682465739,0.000933477036668684,14,98,30,158,14,NA,NA,NA
attempt,10,lih-3.0,v5-fixed-source-whitelist-no-replenishment,MEDIUM,COMPLETED,2,1,True,-7.79790968245605,0.0009334770463578224,14,98,30,158,14,NA,NA,NA
attempt,10,lih-3.0,v5-fixed-source-whitelist-no-replenishment,MEDIUM,COMPLETED,3,2,False,-7.797909682452256,0.0009334770501512324,13,89,30,145,13,NA,NA,NA
attempt,10,lih-3.0,v5-fixed-source-whitelist-no-replenishment,MEDIUM,COMPLETED,4,2,True,-7.797904013347532,0.0009391461548755586,13,96,30,151,13,NA,NA,NA
attempt,11,lih-3.0,v5-sequential-with-rebuilding,MEDIUM,COMPLETED,1,1,False,-7.797909682465739,0.000933477036668684,14,98,30,158,14,NA,NA,NA
attempt,11,lih-3.0,v5-sequential-with-rebuilding,MEDIUM,COMPLETED,2,1,True,-7.79790968245605,0.0009334770463578224,14,98,30,158,14,NA,NA,NA
attempt,11,lih-3.0,v5-sequential-with-rebuilding,MEDIUM,COMPLETED,3,2,False,-7.797909682452256,0.0009334770501512324,13,89,30,145,13,NA,NA,NA
attempt,11,lih-3.0,v5-sequential-with-rebuilding,MEDIUM,COMPLETED,4,2,True,-7.797904013347532,0.0009391461548755586,13,96,30,151,13,NA,NA,NA
attempt,13,lih-3.0,same-structure-reoptimization,HIGH,COMPLETED,1,1,True,-7.797909682469515,0.0009334770328921493,15,107,30,171,15,NA,NA,NA
attempt,14,lih-3.0,structural-magnitude-pruning,HIGH,ALGORITHM_REJECTED,1,1,False,-7.797909682465741,0.0009334770366669076,14,98,30,158,14,NA,NA,NA
attempt,15,lih-3.0,v4.1-one-shot-joint-compression,HIGH,ALGORITHM_REJECTED,1,1,False,-7.787066510113316,0.011776649389091176,11,71,30,119,11,NA,NA,NA
attempt,16,lih-3.0,v5-fixed-source-whitelist-no-replenishment,HIGH,COMPLETED,1,1,False,-7.797909682465739,0.000933477036668684,14,98,30,158,14,NA,NA,NA
attempt,16,lih-3.0,v5-fixed-source-whitelist-no-replenishment,HIGH,COMPLETED,2,1,True,-7.79790968245605,0.0009334770463578224,14,98,30,158,14,NA,NA,NA
attempt,16,lih-3.0,v5-fixed-source-whitelist-no-replenishment,HIGH,COMPLETED,3,2,False,-7.797909682452256,0.0009334770501512324,13,89,30,145,13,NA,NA,NA
attempt,16,lih-3.0,v5-fixed-source-whitelist-no-replenishment,HIGH,COMPLETED,4,2,True,-7.797904013347532,0.0009391461548755586,13,96,30,151,13,NA,NA,NA
attempt,16,lih-3.0,v5-fixed-source-whitelist-no-replenishment,HIGH,COMPLETED,5,3,False,-7.79790401334385,0.0009391461585570582,12,87,30,138,12,NA,NA,NA
attempt,16,lih-3.0,v5-fixed-source-whitelist-no-replenishment,HIGH,COMPLETED,6,3,False,-7.797895038304643,0.000948121197764884,12,94,30,144,12,NA,NA,NA
attempt,17,lih-3.0,v5-sequential-with-rebuilding,HIGH,COMPLETED,1,1,False,-7.797909682465739,0.000933477036668684,14,98,30,158,14,NA,NA,NA
attempt,17,lih-3.0,v5-sequential-with-rebuilding,HIGH,COMPLETED,2,1,True,-7.79790968245605,0.0009334770463578224,14,98,30,158,14,NA,NA,NA
attempt,17,lih-3.0,v5-sequential-with-rebuilding,HIGH,COMPLETED,3,2,False,-7.797909682452256,0.0009334770501512324,13,89,30,145,13,NA,NA,NA
attempt,17,lih-3.0,v5-sequential-with-rebuilding,HIGH,COMPLETED,4,2,True,-7.797904013347532,0.0009391461548755586,13,96,30,151,13,NA,NA,NA
attempt,17,lih-3.0,v5-sequential-with-rebuilding,HIGH,COMPLETED,5,3,False,-7.79790401334385,0.0009391461585570582,12,87,30,138,12,NA,NA,NA
attempt,17,lih-3.0,v5-sequential-with-rebuilding,HIGH,COMPLETED,6,3,False,-7.797895038304643,0.000948121197764884,12,94,30,144,12,NA,NA,NA
attempt,19,h6-1.5,same-structure-reoptimization,LOW,COMPLETED,1,1,True,-2.994173530324659,0.0013918955072833583,137,879,306,1595,79,NA,NA,NA
attempt,20,h6-1.5,structural-magnitude-pruning,LOW,COMPLETED,1,1,True,-2.994173468083188,0.0013919577487540025,136,879,306,1595,79,NA,NA,NA
attempt,25,h6-1.5,same-structure-reoptimization,MEDIUM,COMPLETED,1,1,True,-2.994173530324659,0.0013918955072833583,137,879,306,1595,79,NA,NA,NA
attempt,26,h6-1.5,structural-magnitude-pruning,MEDIUM,COMPLETED,1,1,True,-2.994173468083188,0.0013919577487540025,136,879,306,1595,79,NA,NA,NA
attempt,26,h6-1.5,structural-magnitude-pruning,MEDIUM,COMPLETED,2,2,True,-2.9941729228518312,0.0013925029801109545,135,879,306,1592,79,NA,NA,NA
attempt,28,h6-1.5,v5-fixed-source-whitelist-no-replenishment,MEDIUM,COMPLETED,1,1,True,-2.994173522927487,0.0013919029044551223,136,875,306,1584,79,NA,NA,NA
attempt,29,h6-1.5,v5-sequential-with-rebuilding,MEDIUM,COMPLETED,1,1,True,-2.994173522927487,0.0013919029044551223,136,875,306,1584,79,NA,NA,NA
attempt,31,h6-1.5,same-structure-reoptimization,HIGH,COMPLETED,1,1,True,-2.994173530324659,0.0013918955072833583,137,879,306,1595,79,NA,NA,NA
attempt,32,h6-1.5,structural-magnitude-pruning,HIGH,COMPLETED,1,1,True,-2.994173468083188,0.0013919577487540025,136,879,306,1595,79,NA,NA,NA
attempt,32,h6-1.5,structural-magnitude-pruning,HIGH,COMPLETED,2,2,True,-2.9941729228518312,0.0013925029801109545,135,879,306,1592,79,NA,NA,NA
attempt,32,h6-1.5,structural-magnitude-pruning,HIGH,COMPLETED,3,3,True,-2.994172839946263,0.0013925858856791429,134,877,306,1585,78,NA,NA,NA
attempt,32,h6-1.5,structural-magnitude-pruning,HIGH,COMPLETED,4,4,True,-2.9941727950791743,0.0013926307527678539,133,877,305,1582,78,NA,NA,NA
attempt,33,h6-1.5,v4.1-one-shot-joint-compression,HIGH,ALGORITHM_REJECTED,1,1,False,-2.9933134487526436,0.002251977079298584,131,862,303,1554,78,NA,NA,NA
attempt,34,h6-1.5,v5-fixed-source-whitelist-no-replenishment,HIGH,COMPLETED,1,1,True,-2.994173522927487,0.0013919029044551223,136,875,306,1584,79,NA,NA,NA
attempt,34,h6-1.5,v5-fixed-source-whitelist-no-replenishment,HIGH,COMPLETED,2,2,True,-2.9941735064470953,0.0013919193848468403,135,871,306,1573,79,NA,NA,NA
attempt,34,h6-1.5,v5-fixed-source-whitelist-no-replenishment,HIGH,COMPLETED,3,3,True,-2.9941734779501648,0.0013919478817774333,134,867,306,1562,79,NA,NA,NA
attempt,34,h6-1.5,v5-fixed-source-whitelist-no-replenishment,HIGH,COMPLETED,4,4,True,-2.99417342078755,0.001392005044392075,133,867,306,1562,79,NA,NA,NA
attempt,35,h6-1.5,v5-sequential-with-rebuilding,HIGH,COMPLETED,1,1,True,-2.994173522927487,0.0013919029044551223,136,875,306,1584,79,NA,NA,NA
attempt,35,h6-1.5,v5-sequential-with-rebuilding,HIGH,COMPLETED,2,2,True,-2.9941735064470953,0.0013919193848468403,135,871,306,1573,79,NA,NA,NA
attempt,35,h6-1.5,v5-sequential-with-rebuilding,HIGH,COMPLETED,3,3,True,-2.9941734779501648,0.0013919478817774333,134,867,306,1562,79,NA,NA,NA
attempt,35,h6-1.5,v5-sequential-with-rebuilding,HIGH,COMPLETED,4,4,True,-2.99417342078755,0.001392005044392075,133,867,306,1562,79,NA,NA,NA
attempt,37,h6-3.0,same-structure-reoptimization,LOW,COMPLETED,1,1,True,-2.7994516590123237,0.0015072406421183793,149,785,294,1493,95,NA,NA,NA
attempt,38,h6-3.0,structural-magnitude-pruning,LOW,COMPLETED,1,1,True,-2.799451658921053,0.001507240733388926,148,785,294,1493,95,NA,NA,NA
attempt,43,h6-3.0,same-structure-reoptimization,MEDIUM,COMPLETED,1,1,True,-2.7994516590123237,0.0015072406421183793,149,785,294,1493,95,NA,NA,NA
attempt,44,h6-3.0,structural-magnitude-pruning,MEDIUM,COMPLETED,1,1,True,-2.799451658921053,0.001507240733388926,148,785,294,1493,95,NA,NA,NA
attempt,44,h6-3.0,structural-magnitude-pruning,MEDIUM,COMPLETED,2,2,True,-2.7994516557769242,0.0015072438775178831,147,785,294,1490,95,NA,NA,NA
attempt,45,h6-3.0,v4.1-one-shot-joint-compression,MEDIUM,ALGORITHM_REJECTED,1,1,False,-2.7992224739394467,0.0017364257149954376,144,781,289,1473,95,NA,NA,NA
attempt,46,h6-3.0,v5-fixed-source-whitelist-no-replenishment,MEDIUM,COMPLETED,1,1,True,-2.7994516589210527,0.00150724073338937,148,785,294,1493,95,NA,NA,NA
attempt,47,h6-3.0,v5-sequential-with-rebuilding,MEDIUM,COMPLETED,1,1,True,-2.7994516589210527,0.00150724073338937,148,785,294,1493,95,NA,NA,NA
attempt,49,h6-3.0,same-structure-reoptimization,HIGH,COMPLETED,1,1,True,-2.7994516590123237,0.0015072406421183793,149,785,294,1493,95,NA,NA,NA
attempt,50,h6-3.0,structural-magnitude-pruning,HIGH,COMPLETED,1,1,True,-2.799451658921053,0.001507240733388926,148,785,294,1493,95,NA,NA,NA
attempt,50,h6-3.0,structural-magnitude-pruning,HIGH,COMPLETED,2,2,True,-2.7994516557769242,0.0015072438775178831,147,785,294,1490,95,NA,NA,NA
attempt,50,h6-3.0,structural-magnitude-pruning,HIGH,COMPLETED,3,3,True,-2.7994516416818604,0.001507257972581666,146,785,294,1487,95,NA,NA,NA
attempt,50,h6-3.0,structural-magnitude-pruning,HIGH,COMPLETED,4,4,True,-2.799451619335648,0.001507280318794102,145,785,294,1487,95,NA,NA,NA
attempt,51,h6-3.0,v4.1-one-shot-joint-compression,HIGH,ALGORITHM_REJECTED,1,1,False,-2.7992224739394467,0.0017364257149954376,144,781,289,1473,95,NA,NA,NA
attempt,52,h6-3.0,v5-fixed-source-whitelist-no-replenishment,HIGH,COMPLETED,1,1,True,-2.7994516589210527,0.00150724073338937,148,785,294,1493,95,NA,NA,NA
attempt,52,h6-3.0,v5-fixed-source-whitelist-no-replenishment,HIGH,COMPLETED,2,2,True,-2.799451655776926,0.0015072438775161068,147,785,294,1490,95,NA,NA,NA
attempt,52,h6-3.0,v5-fixed-source-whitelist-no-replenishment,HIGH,COMPLETED,3,3,True,-2.799451650440422,0.0015072492140202343,146,781,294,1479,95,NA,NA,NA
attempt,53,h6-3.0,v5-sequential-with-rebuilding,HIGH,COMPLETED,1,1,True,-2.7994516589210527,0.00150724073338937,148,785,294,1493,95,NA,NA,NA
attempt,53,h6-3.0,v5-sequential-with-rebuilding,HIGH,COMPLETED,2,2,True,-2.799451655776926,0.0015072438775161068,147,785,294,1490,95,NA,NA,NA
attempt,53,h6-3.0,v5-sequential-with-rebuilding,HIGH,COMPLETED,3,3,True,-2.799451650440422,0.0015072492140202343,146,781,294,1479,95,NA,NA,NA
attempt,55,beh2-3.0,same-structure-reoptimization,LOW,COMPLETED,1,1,True,-15.335468001671352,0.0013362343936158538,38,284,94,458,32,NA,NA,NA
attempt,56,beh2-3.0,structural-magnitude-pruning,LOW,COMPLETED,1,1,True,-15.335467947765471,0.001336288299496502,37,275,89,445,31,NA,NA,NA
attempt,57,beh2-3.0,v4.1-one-shot-joint-compression,LOW,ALGORITHM_REJECTED,1,1,False,-15.334015983806696,0.0027882522582718394,34,258,82,410,30,NA,NA,NA
attempt,58,beh2-3.0,v5-fixed-source-whitelist-no-replenishment,LOW,COMPLETED,1,1,True,-15.33546800106691,0.0013362349980567956,37,275,94,445,31,NA,NA,NA
attempt,59,beh2-3.0,v5-sequential-with-rebuilding,LOW,COMPLETED,1,1,True,-15.33546800106691,0.0013362349980567956,37,275,94,445,31,NA,NA,NA
attempt,61,beh2-3.0,same-structure-reoptimization,MEDIUM,COMPLETED,1,1,True,-15.335468001671352,0.0013362343936158538,38,284,94,458,32,NA,NA,NA
attempt,62,beh2-3.0,structural-magnitude-pruning,MEDIUM,COMPLETED,1,1,True,-15.335467947765471,0.001336288299496502,37,275,89,445,31,NA,NA,NA
attempt,62,beh2-3.0,structural-magnitude-pruning,MEDIUM,COMPLETED,2,2,False,-15.335467947130597,0.001336288934369989,36,266,89,432,30,NA,NA,NA
attempt,63,beh2-3.0,v4.1-one-shot-joint-compression,MEDIUM,ALGORITHM_REJECTED,1,1,False,-15.334015983806696,0.0027882522582718394,34,258,82,410,30,NA,NA,NA
attempt,64,beh2-3.0,v5-fixed-source-whitelist-no-replenishment,MEDIUM,COMPLETED,1,1,True,-15.33546800106691,0.0013362349980567956,37,275,94,445,31,NA,NA,NA
attempt,64,beh2-3.0,v5-fixed-source-whitelist-no-replenishment,MEDIUM,COMPLETED,2,2,True,-15.335467974191966,0.0013362618730017317,36,275,92,442,31,NA,NA,NA
attempt,65,beh2-3.0,v5-sequential-with-rebuilding,MEDIUM,COMPLETED,1,1,True,-15.33546800106691,0.0013362349980567956,37,275,94,445,31,NA,NA,NA
attempt,65,beh2-3.0,v5-sequential-with-rebuilding,MEDIUM,COMPLETED,2,2,True,-15.335467974191966,0.0013362618730017317,36,275,92,442,31,NA,NA,NA
attempt,67,beh2-3.0,same-structure-reoptimization,HIGH,COMPLETED,1,1,True,-15.335468001671352,0.0013362343936158538,38,284,94,458,32,NA,NA,NA
attempt,68,beh2-3.0,structural-magnitude-pruning,HIGH,COMPLETED,1,1,True,-15.335467947765471,0.001336288299496502,37,275,89,445,31,NA,NA,NA
attempt,68,beh2-3.0,structural-magnitude-pruning,HIGH,COMPLETED,2,2,False,-15.335467947130597,0.001336288934369989,36,266,89,432,30,NA,NA,NA
attempt,69,beh2-3.0,v4.1-one-shot-joint-compression,HIGH,ALGORITHM_REJECTED,1,1,False,-15.334015983806696,0.0027882522582718394,34,258,82,410,30,NA,NA,NA
attempt,70,beh2-3.0,v5-fixed-source-whitelist-no-replenishment,HIGH,COMPLETED,1,1,True,-15.33546800106691,0.0013362349980567956,37,275,94,445,31,NA,NA,NA
attempt,70,beh2-3.0,v5-fixed-source-whitelist-no-replenishment,HIGH,COMPLETED,2,2,True,-15.335467974191966,0.0013362618730017317,36,275,92,442,31,NA,NA,NA
attempt,70,beh2-3.0,v5-fixed-source-whitelist-no-replenishment,HIGH,COMPLETED,3,3,True,-15.335467917428645,0.0013363186363228863,35,266,87,429,30,NA,NA,NA
attempt,70,beh2-3.0,v5-fixed-source-whitelist-no-replenishment,HIGH,COMPLETED,4,4,True,-15.335467855325515,0.0013363807394526361,34,266,85,426,30,NA,NA,NA
attempt,71,beh2-3.0,v5-sequential-with-rebuilding,HIGH,COMPLETED,1,1,True,-15.33546800106691,0.0013362349980567956,37,275,94,445,31,NA,NA,NA
attempt,71,beh2-3.0,v5-sequential-with-rebuilding,HIGH,COMPLETED,2,2,True,-15.335467974191966,0.0013362618730017317,36,275,92,442,31,NA,NA,NA
attempt,71,beh2-3.0,v5-sequential-with-rebuilding,HIGH,COMPLETED,3,3,True,-15.335467917428645,0.0013363186363228863,35,266,87,429,30,NA,NA,NA
attempt,71,beh2-3.0,v5-sequential-with-rebuilding,HIGH,COMPLETED,4,4,True,-15.335467855325515,0.0013363807394526361,34,266,85,426,30,NA,NA,NA
attempt,73,h4-1.5-known-development,same-structure-reoptimization,LOW,COMPLETED,1,1,True,-1.9949017237736966,0.0012486017451127651,10,80,34,126,8,NA,NA,NA
attempt,74,h4-1.5-known-development,structural-magnitude-pruning,LOW,ALGORITHM_REJECTED,1,1,False,-1.9896053438545303,0.0065449816642790815,9,71,34,113,7,NA,NA,NA
attempt,75,h4-1.5-known-development,v4.1-one-shot-joint-compression,LOW,ALGORITHM_REJECTED,1,1,False,-1.9923396575276413,0.0038106679911680263,8,72,28,104,8,NA,NA,NA
attempt,76,h4-1.5-known-development,v5-fixed-source-whitelist-no-replenishment,LOW,ALGORITHM_REJECTED,1,1,False,-1.994788934324131,0.001361391194678374,9,76,34,115,8,NA,NA,NA
attempt,76,h4-1.5-known-development,v5-fixed-source-whitelist-no-replenishment,LOW,ALGORITHM_REJECTED,2,1,False,-1.9935423178486071,0.002608007670202195,9,80,34,123,8,NA,NA,NA
attempt,76,h4-1.5-known-development,v5-fixed-source-whitelist-no-replenishment,LOW,ALGORITHM_REJECTED,3,1,False,-1.9928937733016394,0.003256552217169917,9,76,34,115,8,NA,NA,NA
attempt,76,h4-1.5-known-development,v5-fixed-source-whitelist-no-replenishment,LOW,ALGORITHM_REJECTED,4,1,False,-1.9918340731079978,0.004316252410811572,9,76,34,115,8,NA,NA,NA
attempt,77,h4-1.5-known-development,v5-sequential-with-rebuilding,LOW,ALGORITHM_REJECTED,1,1,False,-1.994788934324131,0.001361391194678374,9,76,34,115,8,NA,NA,NA
attempt,77,h4-1.5-known-development,v5-sequential-with-rebuilding,LOW,ALGORITHM_REJECTED,2,1,False,-1.9935423178486071,0.002608007670202195,9,80,34,123,8,NA,NA,NA
attempt,77,h4-1.5-known-development,v5-sequential-with-rebuilding,LOW,ALGORITHM_REJECTED,3,1,False,-1.9928937733016394,0.003256552217169917,9,76,34,115,8,NA,NA,NA
attempt,77,h4-1.5-known-development,v5-sequential-with-rebuilding,LOW,ALGORITHM_REJECTED,4,1,False,-1.9918340731079978,0.004316252410811572,9,76,34,115,8,NA,NA,NA
attempt,79,h4-1.5-known-development,same-structure-reoptimization,MEDIUM,COMPLETED,1,1,True,-1.9949017237736966,0.0012486017451127651,10,80,34,126,8,NA,NA,NA
attempt,80,h4-1.5-known-development,structural-magnitude-pruning,MEDIUM,ALGORITHM_REJECTED,1,1,False,-1.9896053438545303,0.0065449816642790815,9,71,34,113,7,NA,NA,NA
attempt,81,h4-1.5-known-development,v4.1-one-shot-joint-compression,MEDIUM,ALGORITHM_REJECTED,1,1,False,-1.9923396575276413,0.0038106679911680263,8,72,28,104,8,NA,NA,NA
attempt,82,h4-1.5-known-development,v5-fixed-source-whitelist-no-replenishment,MEDIUM,ALGORITHM_REJECTED,1,1,False,-1.994788934324131,0.001361391194678374,9,76,34,115,8,NA,NA,NA
attempt,82,h4-1.5-known-development,v5-fixed-source-whitelist-no-replenishment,MEDIUM,ALGORITHM_REJECTED,2,1,False,-1.9935423178486071,0.002608007670202195,9,80,34,123,8,NA,NA,NA
attempt,82,h4-1.5-known-development,v5-fixed-source-whitelist-no-replenishment,MEDIUM,ALGORITHM_REJECTED,3,1,False,-1.9928937733016394,0.003256552217169917,9,76,34,115,8,NA,NA,NA
attempt,82,h4-1.5-known-development,v5-fixed-source-whitelist-no-replenishment,MEDIUM,ALGORITHM_REJECTED,4,1,False,-1.9918340731079978,0.004316252410811572,9,76,34,115,8,NA,NA,NA
attempt,83,h4-1.5-known-development,v5-sequential-with-rebuilding,MEDIUM,ALGORITHM_REJECTED,1,1,False,-1.994788934324131,0.001361391194678374,9,76,34,115,8,NA,NA,NA
attempt,83,h4-1.5-known-development,v5-sequential-with-rebuilding,MEDIUM,ALGORITHM_REJECTED,2,1,False,-1.9935423178486071,0.002608007670202195,9,80,34,123,8,NA,NA,NA
attempt,83,h4-1.5-known-development,v5-sequential-with-rebuilding,MEDIUM,ALGORITHM_REJECTED,3,1,False,-1.9928937733016394,0.003256552217169917,9,76,34,115,8,NA,NA,NA
attempt,83,h4-1.5-known-development,v5-sequential-with-rebuilding,MEDIUM,ALGORITHM_REJECTED,4,1,False,-1.9918340731079978,0.004316252410811572,9,76,34,115,8,NA,NA,NA
attempt,85,h4-1.5-known-development,same-structure-reoptimization,HIGH,COMPLETED,1,1,True,-1.9949017237736966,0.0012486017451127651,10,80,34,126,8,NA,NA,NA
attempt,86,h4-1.5-known-development,structural-magnitude-pruning,HIGH,ALGORITHM_REJECTED,1,1,False,-1.9896053438545303,0.0065449816642790815,9,71,34,113,7,NA,NA,NA
attempt,87,h4-1.5-known-development,v4.1-one-shot-joint-compression,HIGH,ALGORITHM_REJECTED,1,1,False,-1.9923396575276413,0.0038106679911680263,8,72,28,104,8,NA,NA,NA
attempt,88,h4-1.5-known-development,v5-fixed-source-whitelist-no-replenishment,HIGH,ALGORITHM_REJECTED,1,1,False,-1.994788934324131,0.001361391194678374,9,76,34,115,8,NA,NA,NA
attempt,88,h4-1.5-known-development,v5-fixed-source-whitelist-no-replenishment,HIGH,ALGORITHM_REJECTED,2,1,False,-1.9935423178486071,0.002608007670202195,9,80,34,123,8,NA,NA,NA
attempt,88,h4-1.5-known-development,v5-fixed-source-whitelist-no-replenishment,HIGH,ALGORITHM_REJECTED,3,1,False,-1.9928937733016394,0.003256552217169917,9,76,34,115,8,NA,NA,NA
attempt,88,h4-1.5-known-development,v5-fixed-source-whitelist-no-replenishment,HIGH,ALGORITHM_REJECTED,4,1,False,-1.9918340731079978,0.004316252410811572,9,76,34,115,8,NA,NA,NA
attempt,89,h4-1.5-known-development,v5-sequential-with-rebuilding,HIGH,ALGORITHM_REJECTED,1,1,False,-1.994788934324131,0.001361391194678374,9,76,34,115,8,NA,NA,NA
attempt,89,h4-1.5-known-development,v5-sequential-with-rebuilding,HIGH,ALGORITHM_REJECTED,2,1,False,-1.9935423178486071,0.002608007670202195,9,80,34,123,8,NA,NA,NA
attempt,89,h4-1.5-known-development,v5-sequential-with-rebuilding,HIGH,ALGORITHM_REJECTED,3,1,False,-1.9928937733016394,0.003256552217169917,9,76,34,115,8,NA,NA,NA
attempt,89,h4-1.5-known-development,v5-sequential-with-rebuilding,HIGH,ALGORITHM_REJECTED,4,1,False,-1.9918340731079978,0.004316252410811572,9,76,34,115,8,NA,NA,NA
energy_event,3,lih-3.0,v4.1-one-shot-joint-compression,LOW,ALGORITHM_REJECTED,1,NA,NA,-7.785717346117313,0.013125813385094887,NA,NA,NA,NA,NA,1,11,0.7176729526466763
energy_event,3,lih-3.0,v4.1-one-shot-joint-compression,LOW,ALGORITHM_REJECTED,1,NA,NA,-7.786616849193942,0.012226310308465216,NA,NA,NA,NA,NA,2,11,0.6468541135133992
energy_event,3,lih-3.0,v4.1-one-shot-joint-compression,LOW,ALGORITHM_REJECTED,1,NA,NA,-7.787004713818564,0.011838445683843624,NA,NA,NA,NA,NA,3,11,0.6760015453559802
energy_event,3,lih-3.0,v4.1-one-shot-joint-compression,LOW,ALGORITHM_REJECTED,1,NA,NA,-7.787064379203621,0.011778780298786096,NA,NA,NA,NA,NA,4,11,0.6833482316903201
energy_event,3,lih-3.0,v4.1-one-shot-joint-compression,LOW,ALGORITHM_REJECTED,1,NA,NA,-7.7870662666737935,0.011776892828613938,NA,NA,NA,NA,NA,5,11,0.6827265558519369
energy_event,3,lih-3.0,v4.1-one-shot-joint-compression,LOW,ALGORITHM_REJECTED,1,NA,NA,-7.787066508954747,0.011776650547660417,NA,NA,NA,NA,NA,6,11,0.682291160953163
energy_event,3,lih-3.0,v4.1-one-shot-joint-compression,LOW,ALGORITHM_REJECTED,1,NA,NA,-7.787066510052281,0.011776649450126797,NA,NA,NA,NA,NA,7,11,0.6823026841722828
energy_event,3,lih-3.0,v4.1-one-shot-joint-compression,LOW,ALGORITHM_REJECTED,1,NA,NA,-7.787066510111016,0.011776649391391558,NA,NA,NA,NA,NA,8,11,0.6822834776882397
energy_event,3,lih-3.0,v4.1-one-shot-joint-compression,LOW,ALGORITHM_REJECTED,1,NA,NA,-7.787066510113275,0.011776649389132032,NA,NA,NA,NA,NA,9,11,0.6822797190740797
energy_event,3,lih-3.0,v4.1-one-shot-joint-compression,LOW,ALGORITHM_REJECTED,1,NA,NA,-7.78706651011331,0.011776649389097393,NA,NA,NA,NA,NA,10,11,0.682279541399469
energy_event,3,lih-3.0,v4.1-one-shot-joint-compression,LOW,ALGORITHM_REJECTED,1,NA,NA,-7.787066510113316,0.011776649389091176,NA,NA,NA,NA,NA,11,11,0.6822795621726575
energy_event,4,lih-3.0,v5-fixed-source-whitelist-no-replenishment,LOW,COMPLETED,1,NA,NA,-7.797909682465734,0.0009334770366731249,NA,NA,NA,NA,NA,1,14,0.9815141581448948
energy_event,4,lih-3.0,v5-fixed-source-whitelist-no-replenishment,LOW,COMPLETED,1,NA,NA,-7.797909682465739,0.000933477036668684,NA,NA,NA,NA,NA,2,14,0.9815141666873746
energy_event,4,lih-3.0,v5-fixed-source-whitelist-no-replenishment,LOW,COMPLETED,1,NA,NA,-7.797909682465735,0.0009334770366722367,NA,NA,NA,NA,NA,3,14,0.9815141955714349
energy_event,4,lih-3.0,v5-fixed-source-whitelist-no-replenishment,LOW,COMPLETED,1,NA,NA,-7.797909682465735,0.0009334770366722367,NA,NA,NA,NA,NA,4,14,0.9815141677396994
energy_event,4,lih-3.0,v5-fixed-source-whitelist-no-replenishment,LOW,COMPLETED,1,NA,NA,-7.797909682465734,0.0009334770366731249,NA,NA,NA,NA,NA,5,14,0.9815141666890344
energy_event,4,lih-3.0,v5-fixed-source-whitelist-no-replenishment,LOW,COMPLETED,1,NA,NA,-7.797909682465739,0.000933477036668684,NA,NA,NA,NA,NA,6,14,0.9815141666873746
energy_event,4,lih-3.0,v5-fixed-source-whitelist-no-replenishment,LOW,COMPLETED,1,NA,NA,-7.797909682465734,0.0009334770366731249,NA,NA,NA,NA,NA,7,14,0.98151416668847
energy_event,4,lih-3.0,v5-fixed-source-whitelist-no-replenishment,LOW,COMPLETED,1,NA,NA,-7.797909682465739,0.000933477036668684,NA,NA,NA,NA,NA,8,14,0.9815141666873746
energy_event,4,lih-3.0,v5-fixed-source-whitelist-no-replenishment,LOW,COMPLETED,1,NA,NA,-7.797909682465739,0.000933477036668684,NA,NA,NA,NA,NA,9,14,0.9815141666873746
energy_event,4,lih-3.0,v5-fixed-source-whitelist-no-replenishment,LOW,COMPLETED,1,NA,NA,-7.797909682465733,0.0009334770366749012,NA,NA,NA,NA,NA,10,14,0.9815141666879222
energy_event,4,lih-3.0,v5-fixed-source-whitelist-no-replenishment,LOW,COMPLETED,1,NA,NA,-7.797909682465739,0.000933477036668684,NA,NA,NA,NA,NA,11,14,0.9815141666873746
energy_event,4,lih-3.0,v5-fixed-source-whitelist-no-replenishment,LOW,COMPLETED,1,NA,NA,-7.797909682465735,0.0009334770366722367,NA,NA,NA,NA,NA,12,14,0.9815141666876485
energy_event,4,lih-3.0,v5-fixed-source-whitelist-no-replenishment,LOW,COMPLETED,1,NA,NA,-7.797909682465739,0.000933477036668684,NA,NA,NA,NA,NA,13,14,0.9815141666873746
energy_event,4,lih-3.0,v5-fixed-source-whitelist-no-replenishment,LOW,COMPLETED,1,NA,NA,-7.797909682465739,0.000933477036668684,NA,NA,NA,NA,NA,14,14,0.9815141666873746
energy_event,4,lih-3.0,v5-fixed-source-whitelist-no-replenishment,LOW,COMPLETED,1,NA,NA,-7.7979096824657415,0.0009334770366660194,NA,NA,NA,NA,NA,15,14,0.9815141666875115
energy_event,4,lih-3.0,v5-fixed-source-whitelist-no-replenishment,LOW,COMPLETED,1,NA,NA,-7.7979096824657415,0.0009334770366660194,NA,NA,NA,NA,NA,16,14,0.9815141666875115
energy_event,4,lih-3.0,v5-fixed-source-whitelist-no-replenishment,LOW,COMPLETED,1,NA,NA,-7.797909682465735,0.0009334770366722367,NA,NA,NA,NA,NA,17,14,0.98151416668758
energy_event,4,lih-3.0,v5-fixed-source-whitelist-no-replenishment,LOW,COMPLETED,1,NA,NA,-7.7979096824657415,0.0009334770366660194,NA,NA,NA,NA,NA,18,14,0.9815141666875115
energy_event,4,lih-3.0,v5-fixed-source-whitelist-no-replenishment,LOW,COMPLETED,1,NA,NA,-7.797909682465734,0.0009334770366731249,NA,NA,NA,NA,NA,19,14,0.9815141666875459
energy_event,4,lih-3.0,v5-fixed-source-whitelist-no-replenishment,LOW,COMPLETED,1,NA,NA,-7.7979096824657415,0.0009334770366660194,NA,NA,NA,NA,NA,20,14,0.9815141666875115
energy_event,4,lih-3.0,v5-fixed-source-whitelist-no-replenishment,LOW,COMPLETED,1,NA,NA,-7.797909682465738,0.0009334770366695722,NA,NA,NA,NA,NA,21,14,0.9815141666875287
energy_event,4,lih-3.0,v5-fixed-source-whitelist-no-replenishment,LOW,COMPLETED,1,NA,NA,-7.7979096824657415,0.0009334770366660194,NA,NA,NA,NA,NA,22,14,0.9815141666875115
energy_event,4,lih-3.0,v5-fixed-source-whitelist-no-replenishment,LOW,COMPLETED,1,NA,NA,-7.797909682465734,0.0009334770366731249,NA,NA,NA,NA,NA,23,14,0.98151416668752
energy_event,4,lih-3.0,v5-fixed-source-whitelist-no-replenishment,LOW,COMPLETED,1,NA,NA,-7.7979096824657415,0.0009334770366660194,NA,NA,NA,NA,NA,24,14,0.9815141666875115
energy_event,4,lih-3.0,v5-fixed-source-whitelist-no-replenishment,LOW,COMPLETED,1,NA,NA,-7.797909682465734,0.0009334770366731249,NA,NA,NA,NA,NA,25,14,0.9815141666875158
energy_event,4,lih-3.0,v5-fixed-source-whitelist-no-replenishment,LOW,COMPLETED,1,NA,NA,-7.7979096824657415,0.0009334770366660194,NA,NA,NA,NA,NA,26,14,0.9815141666875115
energy_event,4,lih-3.0,v5-fixed-source-whitelist-no-replenishment,LOW,COMPLETED,1,NA,NA,-7.797909682465738,0.0009334770366695722,NA,NA,NA,NA,NA,27,14,0.9815141666875137
energy_event,4,lih-3.0,v5-fixed-source-whitelist-no-replenishment,LOW,COMPLETED,1,NA,NA,-7.7979096824657415,0.0009334770366660194,NA,NA,NA,NA,NA,28,14,0.9815141666875115
energy_event,4,lih-3.0,v5-fixed-source-whitelist-no-replenishment,LOW,COMPLETED,1,NA,NA,-7.797909682465741,0.0009334770366669076,NA,NA,NA,NA,NA,29,14,0.9815141666875126
energy_event,4,lih-3.0,v5-fixed-source-whitelist-no-replenishment,LOW,COMPLETED,1,NA,NA,-7.7979096824657415,0.0009334770366660194,NA,NA,NA,NA,NA,30,14,0.9815141666875115
energy_event,4,lih-3.0,v5-fixed-source-whitelist-no-replenishment,LOW,COMPLETED,1,NA,NA,-7.7979096824657415,0.0009334770366660194,NA,NA,NA,NA,NA,31,14,0.981514166687512
energy_event,4,lih-3.0,v5-fixed-source-whitelist-no-replenishment,LOW,COMPLETED,1,NA,NA,-7.7979096824657415,0.0009334770366660194,NA,NA,NA,NA,NA,32,14,0.9815141666875123
energy_event,4,lih-3.0,v5-fixed-source-whitelist-no-replenishment,LOW,COMPLETED,1,NA,NA,-7.797909682465741,0.0009334770366669076,NA,NA,NA,NA,NA,33,14,0.9815141666875126
energy_event,4,lih-3.0,v5-fixed-source-whitelist-no-replenishment,LOW,COMPLETED,1,NA,NA,-7.7979096824657415,0.0009334770366660194,NA,NA,NA,NA,NA,34,14,0.9815141666875123
energy_event,4,lih-3.0,v5-fixed-source-whitelist-no-replenishment,LOW,COMPLETED,1,NA,NA,-7.7979096824657415,0.0009334770366660194,NA,NA,NA,NA,NA,35,14,0.9815141666875125
energy_event,4,lih-3.0,v5-fixed-source-whitelist-no-replenishment,LOW,COMPLETED,1,NA,NA,-7.7979096824657415,0.0009334770366660194,NA,NA,NA,NA,NA,36,14,0.9815141666875125
energy_event,4,lih-3.0,v5-fixed-source-whitelist-no-replenishment,LOW,COMPLETED,1,NA,NA,-7.797909682465741,0.0009334770366669076,NA,NA,NA,NA,NA,37,14,0.9815141666875126
energy_event,4,lih-3.0,v5-fixed-source-whitelist-no-replenishment,LOW,COMPLETED,1,NA,NA,-7.7979096824657415,0.0009334770366660194,NA,NA,NA,NA,NA,38,14,0.9815141666875125
energy_event,4,lih-3.0,v5-fixed-source-whitelist-no-replenishment,LOW,COMPLETED,1,NA,NA,-7.797909682465742,0.0009334770366651313,NA,NA,NA,NA,NA,39,14,0.9815141666875125
energy_event,4,lih-3.0,v5-fixed-source-whitelist-no-replenishment,LOW,COMPLETED,1,NA,NA,-7.797909682465741,0.0009334770366669076,NA,NA,NA,NA,NA,40,14,0.9815141666875126
energy_event,4,lih-3.0,v5-fixed-source-whitelist-no-replenishment,LOW,COMPLETED,1,NA,NA,-7.797909682465742,0.0009334770366651313,NA,NA,NA,NA,NA,41,14,0.9815141666875125
energy_event,4,lih-3.0,v5-fixed-source-whitelist-no-replenishment,LOW,COMPLETED,1,NA,NA,-7.797909682465742,0.0009334770366651313,NA,NA,NA,NA,NA,42,14,0.9815141666875125
energy_event,4,lih-3.0,v5-fixed-source-whitelist-no-replenishment,LOW,COMPLETED,1,NA,NA,-7.797909682465741,0.0009334770366669076,NA,NA,NA,NA,NA,43,14,0.9815141666875126
energy_event,4,lih-3.0,v5-fixed-source-whitelist-no-replenishment,LOW,COMPLETED,1,NA,NA,-7.797909682465742,0.0009334770366651313,NA,NA,NA,NA,NA,44,14,0.9815141666875125
energy_event,4,lih-3.0,v5-fixed-source-whitelist-no-replenishment,LOW,COMPLETED,1,NA,NA,-7.797909682465735,0.0009334770366722367,NA,NA,NA,NA,NA,45,14,0.9815141955714349
energy_event,4,lih-3.0,v5-fixed-source-whitelist-no-replenishment,LOW,COMPLETED,1,NA,NA,-7.797909682465738,0.0009334770366695722,NA,NA,NA,NA,NA,46,14,0.9815141696838814
energy_event,4,lih-3.0,v5-fixed-source-whitelist-no-replenishment,LOW,COMPLETED,1,NA,NA,-7.79790968246574,0.0009334770366677958,NA,NA,NA,NA,NA,47,14,0.981514168185628
energy_event,4,lih-3.0,v5-fixed-source-whitelist-no-replenishment,LOW,COMPLETED,1,NA,NA,-7.797909682465735,0.0009334770366722367,NA,NA,NA,NA,NA,48,14,0.9815141689347546
energy_event,4,lih-3.0,v5-fixed-source-whitelist-no-replenishment,LOW,COMPLETED,1,NA,NA,-7.79790968246574,0.0009334770366677958,NA,NA,NA,NA,NA,49,14,0.9815141685601912
energy_event,4,lih-3.0,v5-fixed-source-whitelist-no-replenishment,LOW,COMPLETED,1,NA,NA,-7.797909682465738,0.0009334770366695722,NA,NA,NA,NA,NA,50,14,0.9815141684346682
energy_event,4,lih-3.0,v5-fixed-source-whitelist-no-replenishment,LOW,COMPLETED,1,NA,NA,-7.797909682465739,0.000933477036668684,NA,NA,NA,NA,NA,51,14,0.9815141683101481
energy_event,4,lih-3.0,v5-fixed-source-whitelist-no-replenishment,LOW,COMPLETED,1,NA,NA,-7.797909682465734,0.0009334770366731249,NA,NA,NA,NA,NA,52,14,0.981514168247888
energy_event,4,lih-3.0,v5-fixed-source-whitelist-no-replenishment,LOW,COMPLETED,1,NA,NA,-7.797909682465736,0.0009334770366713485,NA,NA,NA,NA,NA,53,14,0.981514168216758
energy_event,4,lih-3.0,v5-fixed-source-whitelist-no-replenishment,LOW,COMPLETED,1,NA,NA,-7.797909682465737,0.0009334770366704603,NA,NA,NA,NA,NA,54,14,0.9815141682011929
energy_event,4,lih-3.0,v5-fixed-source-whitelist-no-replenishment,LOW,COMPLETED,1,NA,NA,-7.797909682465738,0.0009334770366695722,NA,NA,NA,NA,NA,55,14,0.9815141681934105
energy_event,4,lih-3.0,v5-fixed-source-whitelist-no-replenishment,LOW,COMPLETED,1,NA,NA,-7.79790968246574,0.0009334770366677958,NA,NA,NA,NA,NA,56,14,0.9815141681895192
energy_event,4,lih-3.0,v5-fixed-source-whitelist-no-replenishment,LOW,COMPLETED,2,NA,NA,-7.797909674202845,0.0009334852995621645,NA,NA,NA,NA,NA,57,14,0.9815190787625468
energy_event,4,lih-3.0,v5-fixed-source-whitelist-no-replenishment,LOW,COMPLETED,2,NA,NA,-7.797909682451313,0.0009334770510944779,NA,NA,NA,NA,NA,58,14,0.981511812195925
energy_event,4,lih-3.0,v5-fixed-source-whitelist-no-replenishment,LOW,COMPLETED,2,NA,NA,-7.797909682455922,0.00093347704648572,NA,NA,NA,NA,NA,59,14,0.9815128740363881
energy_event,4,lih-3.0,v5-fixed-source-whitelist-no-replenishment,LOW,COMPLETED,2,NA,NA,-7.79790968245605,0.0009334770463578224,NA,NA,NA,NA,NA,60,14,0.9815126955935877
energy_event,5,lih-3.0,v5-sequential-with-rebuilding,LOW,COMPLETED,1,NA,NA,-7.797909682465734,0.0009334770366731249,NA,NA,NA,NA,NA,1,14,0.9815141581448948
energy_event,5,lih-3.0,v5-sequential-with-rebuilding,LOW,COMPLETED,1,NA,NA,-7.797909682465739,0.000933477036668684,NA,NA,NA,NA,NA,2,14,0.9815141666873746
energy_event,5,lih-3.0,v5-sequential-with-rebuilding,LOW,COMPLETED,1,NA,NA,-7.797909682465735,0.0009334770366722367,NA,NA,NA,NA,NA,3,14,0.9815141955714349
energy_event,5,lih-3.0,v5-sequential-with-rebuilding,LOW,COMPLETED,1,NA,NA,-7.797909682465735,0.0009334770366722367,NA,NA,NA,NA,NA,4,14,0.9815141677396994
energy_event,5,lih-3.0,v5-sequential-with-rebuilding,LOW,COMPLETED,1,NA,NA,-7.797909682465734,0.0009334770366731249,NA,NA,NA,NA,NA,5,14,0.9815141666890344
energy_event,5,lih-3.0,v5-sequential-with-rebuilding,LOW,COMPLETED,1,NA,NA,-7.797909682465739,0.000933477036668684,NA,NA,NA,NA,NA,6,14,0.9815141666873746
energy_event,5,lih-3.0,v5-sequential-with-rebuilding,LOW,COMPLETED,1,NA,NA,-7.797909682465734,0.0009334770366731249,NA,NA,NA,NA,NA,7,14,0.98151416668847
energy_event,5,lih-3.0,v5-sequential-with-rebuilding,LOW,COMPLETED,1,NA,NA,-7.797909682465739,0.000933477036668684,NA,NA,NA,NA,NA,8,14,0.9815141666873746
energy_event,5,lih-3.0,v5-sequential-with-rebuilding,LOW,COMPLETED,1,NA,NA,-7.797909682465739,0.000933477036668684,NA,NA,NA,NA,NA,9,14,0.9815141666873746
energy_event,5,lih-3.0,v5-sequential-with-rebuilding,LOW,COMPLETED,1,NA,NA,-7.797909682465733,0.0009334770366749012,NA,NA,NA,NA,NA,10,14,0.9815141666879222
energy_event,5,lih-3.0,v5-sequential-with-rebuilding,LOW,COMPLETED,1,NA,NA,-7.797909682465739,0.000933477036668684,NA,NA,NA,NA,NA,11,14,0.9815141666873746
energy_event,5,lih-3.0,v5-sequential-with-rebuilding,LOW,COMPLETED,1,NA,NA,-7.797909682465735,0.0009334770366722367,NA,NA,NA,NA,NA,12,14,0.9815141666876485
energy_event,5,lih-3.0,v5-sequential-with-rebuilding,LOW,COMPLETED,1,NA,NA,-7.797909682465739,0.000933477036668684,NA,NA,NA,NA,NA,13,14,0.9815141666873746
energy_event,5,lih-3.0,v5-sequential-with-rebuilding,LOW,COMPLETED,1,NA,NA,-7.797909682465739,0.000933477036668684,NA,NA,NA,NA,NA,14,14,0.9815141666873746
energy_event,5,lih-3.0,v5-sequential-with-rebuilding,LOW,COMPLETED,1,NA,NA,-7.7979096824657415,0.0009334770366660194,NA,NA,NA,NA,NA,15,14,0.9815141666875115
energy_event,5,lih-3.0,v5-sequential-with-rebuilding,LOW,COMPLETED,1,NA,NA,-7.7979096824657415,0.0009334770366660194,NA,NA,NA,NA,NA,16,14,0.9815141666875115
energy_event,5,lih-3.0,v5-sequential-with-rebuilding,LOW,COMPLETED,1,NA,NA,-7.797909682465735,0.0009334770366722367,NA,NA,NA,NA,NA,17,14,0.98151416668758
energy_event,5,lih-3.0,v5-sequential-with-rebuilding,LOW,COMPLETED,1,NA,NA,-7.7979096824657415,0.0009334770366660194,NA,NA,NA,NA,NA,18,14,0.9815141666875115
energy_event,5,lih-3.0,v5-sequential-with-rebuilding,LOW,COMPLETED,1,NA,NA,-7.797909682465734,0.0009334770366731249,NA,NA,NA,NA,NA,19,14,0.9815141666875459
energy_event,5,lih-3.0,v5-sequential-with-rebuilding,LOW,COMPLETED,1,NA,NA,-7.7979096824657415,0.0009334770366660194,NA,NA,NA,NA,NA,20,14,0.9815141666875115
energy_event,5,lih-3.0,v5-sequential-with-rebuilding,LOW,COMPLETED,1,NA,NA,-7.797909682465738,0.0009334770366695722,NA,NA,NA,NA,NA,21,14,0.9815141666875287
energy_event,5,lih-3.0,v5-sequential-with-rebuilding,LOW,COMPLETED,1,NA,NA,-7.7979096824657415,0.0009334770366660194,NA,NA,NA,NA,NA,22,14,0.9815141666875115
energy_event,5,lih-3.0,v5-sequential-with-rebuilding,LOW,COMPLETED,1,NA,NA,-7.797909682465734,0.0009334770366731249,NA,NA,NA,NA,NA,23,14,0.98151416668752
energy_event,5,lih-3.0,v5-sequential-with-rebuilding,LOW,COMPLETED,1,NA,NA,-7.7979096824657415,0.0009334770366660194,NA,NA,NA,NA,NA,24,14,0.9815141666875115
energy_event,5,lih-3.0,v5-sequential-with-rebuilding,LOW,COMPLETED,1,NA,NA,-7.797909682465734,0.0009334770366731249,NA,NA,NA,NA,NA,25,14,0.9815141666875158
energy_event,5,lih-3.0,v5-sequential-with-rebuilding,LOW,COMPLETED,1,NA,NA,-7.7979096824657415,0.0009334770366660194,NA,NA,NA,NA,NA,26,14,0.9815141666875115
energy_event,5,lih-3.0,v5-sequential-with-rebuilding,LOW,COMPLETED,1,NA,NA,-7.797909682465738,0.0009334770366695722,NA,NA,NA,NA,NA,27,14,0.9815141666875137
energy_event,5,lih-3.0,v5-sequential-with-rebuilding,LOW,COMPLETED,1,NA,NA,-7.7979096824657415,0.0009334770366660194,NA,NA,NA,NA,NA,28,14,0.9815141666875115
energy_event,5,lih-3.0,v5-sequential-with-rebuilding,LOW,COMPLETED,1,NA,NA,-7.797909682465741,0.0009334770366669076,NA,NA,NA,NA,NA,29,14,0.9815141666875126
energy_event,5,lih-3.0,v5-sequential-with-rebuilding,LOW,COMPLETED,1,NA,NA,-7.7979096824657415,0.0009334770366660194,NA,NA,NA,NA,NA,30,14,0.9815141666875115
energy_event,5,lih-3.0,v5-sequential-with-rebuilding,LOW,COMPLETED,1,NA,NA,-7.7979096824657415,0.0009334770366660194,NA,NA,NA,NA,NA,31,14,0.981514166687512
energy_event,5,lih-3.0,v5-sequential-with-rebuilding,LOW,COMPLETED,1,NA,NA,-7.7979096824657415,0.0009334770366660194,NA,NA,NA,NA,NA,32,14,0.9815141666875123
energy_event,5,lih-3.0,v5-sequential-with-rebuilding,LOW,COMPLETED,1,NA,NA,-7.797909682465741,0.0009334770366669076,NA,NA,NA,NA,NA,33,14,0.9815141666875126
energy_event,5,lih-3.0,v5-sequential-with-rebuilding,LOW,COMPLETED,1,NA,NA,-7.7979096824657415,0.0009334770366660194,NA,NA,NA,NA,NA,34,14,0.9815141666875123
energy_event,5,lih-3.0,v5-sequential-with-rebuilding,LOW,COMPLETED,1,NA,NA,-7.7979096824657415,0.0009334770366660194,NA,NA,NA,NA,NA,35,14,0.9815141666875125
energy_event,5,lih-3.0,v5-sequential-with-rebuilding,LOW,COMPLETED,1,NA,NA,-7.7979096824657415,0.0009334770366660194,NA,NA,NA,NA,NA,36,14,0.9815141666875125
energy_event,5,lih-3.0,v5-sequential-with-rebuilding,LOW,COMPLETED,1,NA,NA,-7.797909682465741,0.0009334770366669076,NA,NA,NA,NA,NA,37,14,0.9815141666875126
energy_event,5,lih-3.0,v5-sequential-with-rebuilding,LOW,COMPLETED,1,NA,NA,-7.7979096824657415,0.0009334770366660194,NA,NA,NA,NA,NA,38,14,0.9815141666875125
energy_event,5,lih-3.0,v5-sequential-with-rebuilding,LOW,COMPLETED,1,NA,NA,-7.797909682465742,0.0009334770366651313,NA,NA,NA,NA,NA,39,14,0.9815141666875125
energy_event,5,lih-3.0,v5-sequential-with-rebuilding,LOW,COMPLETED,1,NA,NA,-7.797909682465741,0.0009334770366669076,NA,NA,NA,NA,NA,40,14,0.9815141666875126
energy_event,5,lih-3.0,v5-sequential-with-rebuilding,LOW,COMPLETED,1,NA,NA,-7.797909682465742,0.0009334770366651313,NA,NA,NA,NA,NA,41,14,0.9815141666875125
energy_event,5,lih-3.0,v5-sequential-with-rebuilding,LOW,COMPLETED,1,NA,NA,-7.797909682465742,0.0009334770366651313,NA,NA,NA,NA,NA,42,14,0.9815141666875125
energy_event,5,lih-3.0,v5-sequential-with-rebuilding,LOW,COMPLETED,1,NA,NA,-7.797909682465741,0.0009334770366669076,NA,NA,NA,NA,NA,43,14,0.9815141666875126
energy_event,5,lih-3.0,v5-sequential-with-rebuilding,LOW,COMPLETED,1,NA,NA,-7.797909682465742,0.0009334770366651313,NA,NA,NA,NA,NA,44,14,0.9815141666875125
energy_event,5,lih-3.0,v5-sequential-with-rebuilding,LOW,COMPLETED,1,NA,NA,-7.797909682465735,0.0009334770366722367,NA,NA,NA,NA,NA,45,14,0.9815141955714349
energy_event,5,lih-3.0,v5-sequential-with-rebuilding,LOW,COMPLETED,1,NA,NA,-7.797909682465738,0.0009334770366695722,NA,NA,NA,NA,NA,46,14,0.9815141696838814
energy_event,5,lih-3.0,v5-sequential-with-rebuilding,LOW,COMPLETED,1,NA,NA,-7.79790968246574,0.0009334770366677958,NA,NA,NA,NA,NA,47,14,0.981514168185628
energy_event,5,lih-3.0,v5-sequential-with-rebuilding,LOW,COMPLETED,1,NA,NA,-7.797909682465735,0.0009334770366722367,NA,NA,NA,NA,NA,48,14,0.9815141689347546
energy_event,5,lih-3.0,v5-sequential-with-rebuilding,LOW,COMPLETED,1,NA,NA,-7.79790968246574,0.0009334770366677958,NA,NA,NA,NA,NA,49,14,0.9815141685601912
energy_event,5,lih-3.0,v5-sequential-with-rebuilding,LOW,COMPLETED,1,NA,NA,-7.797909682465738,0.0009334770366695722,NA,NA,NA,NA,NA,50,14,0.9815141684346682
energy_event,5,lih-3.0,v5-sequential-with-rebuilding,LOW,COMPLETED,1,NA,NA,-7.797909682465739,0.000933477036668684,NA,NA,NA,NA,NA,51,14,0.9815141683101481
energy_event,5,lih-3.0,v5-sequential-with-rebuilding,LOW,COMPLETED,1,NA,NA,-7.797909682465734,0.0009334770366731249,NA,NA,NA,NA,NA,52,14,0.981514168247888
energy_event,5,lih-3.0,v5-sequential-with-rebuilding,LOW,COMPLETED,1,NA,NA,-7.797909682465736,0.0009334770366713485,NA,NA,NA,NA,NA,53,14,0.981514168216758
energy_event,5,lih-3.0,v5-sequential-with-rebuilding,LOW,COMPLETED,1,NA,NA,-7.797909682465737,0.0009334770366704603,NA,NA,NA,NA,NA,54,14,0.9815141682011929
energy_event,5,lih-3.0,v5-sequential-with-rebuilding,LOW,COMPLETED,1,NA,NA,-7.797909682465738,0.0009334770366695722,NA,NA,NA,NA,NA,55,14,0.9815141681934105
energy_event,5,lih-3.0,v5-sequential-with-rebuilding,LOW,COMPLETED,1,NA,NA,-7.79790968246574,0.0009334770366677958,NA,NA,NA,NA,NA,56,14,0.9815141681895192
energy_event,5,lih-3.0,v5-sequential-with-rebuilding,LOW,COMPLETED,2,NA,NA,-7.797909674202845,0.0009334852995621645,NA,NA,NA,NA,NA,57,14,0.9815190787625468
energy_event,5,lih-3.0,v5-sequential-with-rebuilding,LOW,COMPLETED,2,NA,NA,-7.797909682451313,0.0009334770510944779,NA,NA,NA,NA,NA,58,14,0.981511812195925
energy_event,5,lih-3.0,v5-sequential-with-rebuilding,LOW,COMPLETED,2,NA,NA,-7.797909682455922,0.00093347704648572,NA,NA,NA,NA,NA,59,14,0.9815128740363881
energy_event,5,lih-3.0,v5-sequential-with-rebuilding,LOW,COMPLETED,2,NA,NA,-7.79790968245605,0.0009334770463578224,NA,NA,NA,NA,NA,60,14,0.9815126955935877
energy_event,8,lih-3.0,structural-magnitude-pruning,MEDIUM,ALGORITHM_REJECTED,1,NA,NA,-7.797909682465741,0.0009334770366669076,NA,NA,NA,NA,NA,1,14,0.981514138905471
energy_event,8,lih-3.0,structural-magnitude-pruning,MEDIUM,ALGORITHM_REJECTED,1,NA,NA,-7.797909682465736,0.0009334770366713485,NA,NA,NA,NA,NA,2,14,0.9815141549610666
energy_event,8,lih-3.0,structural-magnitude-pruning,MEDIUM,ALGORITHM_REJECTED,1,NA,NA,-7.797909682465739,0.000933477036668684,NA,NA,NA,NA,NA,3,14,0.9815141392939692
energy_event,8,lih-3.0,structural-magnitude-pruning,MEDIUM,ALGORITHM_REJECTED,1,NA,NA,-7.797909682465741,0.0009334770366669076,NA,NA,NA,NA,NA,4,14,0.9815141389061061
energy_event,8,lih-3.0,structural-magnitude-pruning,MEDIUM,ALGORITHM_REJECTED,1,NA,NA,-7.797909682465736,0.0009334770366713485,NA,NA,NA,NA,NA,5,14,0.9815141391620957
energy_event,8,lih-3.0,structural-magnitude-pruning,MEDIUM,ALGORITHM_REJECTED,1,NA,NA,-7.797909682465743,0.0009334770366642431,NA,NA,NA,NA,NA,6,14,0.9815141389062171
energy_event,8,lih-3.0,structural-magnitude-pruning,MEDIUM,ALGORITHM_REJECTED,1,NA,NA,-7.797909682465738,0.0009334770366695722,NA,NA,NA,NA,NA,7,14,0.9815141390341563
energy_event,8,lih-3.0,structural-magnitude-pruning,MEDIUM,ALGORITHM_REJECTED,1,NA,NA,-7.797909682465742,0.0009334770366651313,NA,NA,NA,NA,NA,8,14,0.9815141389062401
energy_event,8,lih-3.0,structural-magnitude-pruning,MEDIUM,ALGORITHM_REJECTED,1,NA,NA,-7.797909682465743,0.0009334770366642431,NA,NA,NA,NA,NA,9,14,0.9815141389062171
energy_event,8,lih-3.0,structural-magnitude-pruning,MEDIUM,ALGORITHM_REJECTED,1,NA,NA,-7.7979096824657415,0.0009334770366660194,NA,NA,NA,NA,NA,10,14,0.9815141389062285
energy_event,8,lih-3.0,structural-magnitude-pruning,MEDIUM,ALGORITHM_REJECTED,1,NA,NA,-7.797909682465743,0.0009334770366642431,NA,NA,NA,NA,NA,11,14,0.9815141389062171
energy_event,8,lih-3.0,structural-magnitude-pruning,MEDIUM,ALGORITHM_REJECTED,1,NA,NA,-7.7979096824657415,0.0009334770366660194,NA,NA,NA,NA,NA,12,14,0.9815141389062227
energy_event,8,lih-3.0,structural-magnitude-pruning,MEDIUM,ALGORITHM_REJECTED,1,NA,NA,-7.797909682465743,0.0009334770366642431,NA,NA,NA,NA,NA,13,14,0.9815141389062171
energy_event,8,lih-3.0,structural-magnitude-pruning,MEDIUM,ALGORITHM_REJECTED,1,NA,NA,-7.797909682465738,0.0009334770366695722,NA,NA,NA,NA,NA,14,14,0.9815141389062199
energy_event,8,lih-3.0,structural-magnitude-pruning,MEDIUM,ALGORITHM_REJECTED,1,NA,NA,-7.797909682465743,0.0009334770366642431,NA,NA,NA,NA,NA,15,14,0.9815141389062171
energy_event,8,lih-3.0,structural-magnitude-pruning,MEDIUM,ALGORITHM_REJECTED,1,NA,NA,-7.79790968246574,0.0009334770366677958,NA,NA,NA,NA,NA,16,14,0.9815141389062183
energy_event,8,lih-3.0,structural-magnitude-pruning,MEDIUM,ALGORITHM_REJECTED,1,NA,NA,-7.797909682465743,0.0009334770366642431,NA,NA,NA,NA,NA,17,14,0.9815141389062171
energy_event,8,lih-3.0,structural-magnitude-pruning,MEDIUM,ALGORITHM_REJECTED,1,NA,NA,-7.797909682465742,0.0009334770366651313,NA,NA,NA,NA,NA,18,14,0.9815141389062177
energy_event,8,lih-3.0,structural-magnitude-pruning,MEDIUM,ALGORITHM_REJECTED,1,NA,NA,-7.797909682465743,0.0009334770366642431,NA,NA,NA,NA,NA,19,14,0.9815141389062171
energy_event,8,lih-3.0,structural-magnitude-pruning,MEDIUM,ALGORITHM_REJECTED,1,NA,NA,-7.797909682465742,0.0009334770366651313,NA,NA,NA,NA,NA,20,14,0.9815141389062173
energy_event,8,lih-3.0,structural-magnitude-pruning,MEDIUM,ALGORITHM_REJECTED,1,NA,NA,-7.797909682465743,0.0009334770366642431,NA,NA,NA,NA,NA,21,14,0.9815141389062171
energy_event,8,lih-3.0,structural-magnitude-pruning,MEDIUM,ALGORITHM_REJECTED,1,NA,NA,-7.7979096824657415,0.0009334770366660194,NA,NA,NA,NA,NA,22,14,0.9815141389062172
energy_event,8,lih-3.0,structural-magnitude-pruning,MEDIUM,ALGORITHM_REJECTED,1,NA,NA,-7.797909682465743,0.0009334770366642431,NA,NA,NA,NA,NA,23,14,0.9815141389062171
energy_event,8,lih-3.0,structural-magnitude-pruning,MEDIUM,ALGORITHM_REJECTED,1,NA,NA,-7.797909682465742,0.0009334770366651313,NA,NA,NA,NA,NA,24,14,0.9815141389062171
energy_event,8,lih-3.0,structural-magnitude-pruning,MEDIUM,ALGORITHM_REJECTED,1,NA,NA,-7.797909682465743,0.0009334770366642431,NA,NA,NA,NA,NA,25,14,0.9815141389062171
energy_event,8,lih-3.0,structural-magnitude-pruning,MEDIUM,ALGORITHM_REJECTED,1,NA,NA,-7.797909682465742,0.0009334770366651313,NA,NA,NA,NA,NA,26,14,0.9815141389062171
energy_event,8,lih-3.0,structural-magnitude-pruning,MEDIUM,ALGORITHM_REJECTED,1,NA,NA,-7.797909682465743,0.0009334770366642431,NA,NA,NA,NA,NA,27,14,0.9815141389062171
energy_event,8,lih-3.0,structural-magnitude-pruning,MEDIUM,ALGORITHM_REJECTED,1,NA,NA,-7.797909682465742,0.0009334770366651313,NA,NA,NA,NA,NA,28,14,0.9815141389062171
energy_event,8,lih-3.0,structural-magnitude-pruning,MEDIUM,ALGORITHM_REJECTED,1,NA,NA,-7.797909682465743,0.0009334770366642431,NA,NA,NA,NA,NA,29,14,0.9815141389062171
energy_event,8,lih-3.0,structural-magnitude-pruning,MEDIUM,ALGORITHM_REJECTED,1,NA,NA,-7.797909682465742,0.0009334770366651313,NA,NA,NA,NA,NA,30,14,0.9815141389062171
energy_event,8,lih-3.0,structural-magnitude-pruning,MEDIUM,ALGORITHM_REJECTED,1,NA,NA,-7.797909682465743,0.0009334770366642431,NA,NA,NA,NA,NA,31,14,0.9815141389062171
energy_event,8,lih-3.0,structural-magnitude-pruning,MEDIUM,ALGORITHM_REJECTED,1,NA,NA,-7.797909682465742,0.0009334770366651313,NA,NA,NA,NA,NA,32,14,0.9815141389062171
energy_event,8,lih-3.0,structural-magnitude-pruning,MEDIUM,ALGORITHM_REJECTED,1,NA,NA,-7.797909682465743,0.0009334770366642431,NA,NA,NA,NA,NA,33,14,0.9815141389062171
energy_event,8,lih-3.0,structural-magnitude-pruning,MEDIUM,ALGORITHM_REJECTED,1,NA,NA,-7.797909682465742,0.0009334770366651313,NA,NA,NA,NA,NA,34,14,0.9815141389062171
energy_event,8,lih-3.0,structural-magnitude-pruning,MEDIUM,ALGORITHM_REJECTED,1,NA,NA,-7.797909682465743,0.0009334770366642431,NA,NA,NA,NA,NA,35,14,0.9815141389062171
energy_event,8,lih-3.0,structural-magnitude-pruning,MEDIUM,ALGORITHM_REJECTED,1,NA,NA,-7.797909682465742,0.0009334770366651313,NA,NA,NA,NA,NA,36,14,0.9815141389062171
energy_event,8,lih-3.0,structural-magnitude-pruning,MEDIUM,ALGORITHM_REJECTED,1,NA,NA,-7.797909682465743,0.0009334770366642431,NA,NA,NA,NA,NA,37,14,0.9815141389062171
energy_event,8,lih-3.0,structural-magnitude-pruning,MEDIUM,ALGORITHM_REJECTED,1,NA,NA,-7.797909682465736,0.0009334770366713485,NA,NA,NA,NA,NA,38,14,0.9815141549610666
energy_event,8,lih-3.0,structural-magnitude-pruning,MEDIUM,ALGORITHM_REJECTED,1,NA,NA,-7.797909682465737,0.0009334770366704603,NA,NA,NA,NA,NA,39,14,0.9815141469332687
energy_event,8,lih-3.0,structural-magnitude-pruning,MEDIUM,ALGORITHM_REJECTED,1,NA,NA,-7.797909682465735,0.0009334770366722367,NA,NA,NA,NA,NA,40,14,0.9815141429193698
energy_event,8,lih-3.0,structural-magnitude-pruning,MEDIUM,ALGORITHM_REJECTED,1,NA,NA,-7.797909682465737,0.0009334770366704603,NA,NA,NA,NA,NA,41,14,0.9815141409124203
energy_event,8,lih-3.0,structural-magnitude-pruning,MEDIUM,ALGORITHM_REJECTED,1,NA,NA,-7.797909682465739,0.000933477036668684,NA,NA,NA,NA,NA,42,14,0.9815141399089456
energy_event,8,lih-3.0,structural-magnitude-pruning,MEDIUM,ALGORITHM_REJECTED,1,NA,NA,-7.797909682465737,0.0009334770366704603,NA,NA,NA,NA,NA,43,14,0.9815141394072084
energy_event,8,lih-3.0,structural-magnitude-pruning,MEDIUM,ALGORITHM_REJECTED,1,NA,NA,-7.7979096824657335,0.000933477036674013,NA,NA,NA,NA,NA,44,14,0.9815141391563398
energy_event,8,lih-3.0,structural-magnitude-pruning,MEDIUM,ALGORITHM_REJECTED,1,NA,NA,-7.797909682465734,0.0009334770366731249,NA,NA,NA,NA,NA,45,14,0.9815141390309052
energy_event,8,lih-3.0,structural-magnitude-pruning,MEDIUM,ALGORITHM_REJECTED,1,NA,NA,-7.797909682465738,0.0009334770366695722,NA,NA,NA,NA,NA,46,14,0.9815141389681882
energy_event,8,lih-3.0,structural-magnitude-pruning,MEDIUM,ALGORITHM_REJECTED,1,NA,NA,-7.797909682465736,0.0009334770366713485,NA,NA,NA,NA,NA,47,14,0.9815141389368296
energy_event,8,lih-3.0,structural-magnitude-pruning,MEDIUM,ALGORITHM_REJECTED,1,NA,NA,-7.797909682465736,0.0009334770366713485,NA,NA,NA,NA,NA,48,14,0.9815141389211502
energy_event,8,lih-3.0,structural-magnitude-pruning,MEDIUM,ALGORITHM_REJECTED,1,NA,NA,-7.79790968246574,0.0009334770366677958,NA,NA,NA,NA,NA,49,14,0.9815141389133106
energy_event,9,lih-3.0,v4.1-one-shot-joint-compression,MEDIUM,ALGORITHM_REJECTED,1,NA,NA,-7.785717346117313,0.013125813385094887,NA,NA,NA,NA,NA,1,11,0.7176729526466763
energy_event,9,lih-3.0,v4.1-one-shot-joint-compression,MEDIUM,ALGORITHM_REJECTED,1,NA,NA,-7.786616849193942,0.012226310308465216,NA,NA,NA,NA,NA,2,11,0.6468541135133992
energy_event,9,lih-3.0,v4.1-one-shot-joint-compression,MEDIUM,ALGORITHM_REJECTED,1,NA,NA,-7.787004713818564,0.011838445683843624,NA,NA,NA,NA,NA,3,11,0.6760015453559802
energy_event,9,lih-3.0,v4.1-one-shot-joint-compression,MEDIUM,ALGORITHM_REJECTED,1,NA,NA,-7.787064379203621,0.011778780298786096,NA,NA,NA,NA,NA,4,11,0.6833482316903201
energy_event,9,lih-3.0,v4.1-one-shot-joint-compression,MEDIUM,ALGORITHM_REJECTED,1,NA,NA,-7.7870662666737935,0.011776892828613938,NA,NA,NA,NA,NA,5,11,0.6827265558519369
energy_event,9,lih-3.0,v4.1-one-shot-joint-compression,MEDIUM,ALGORITHM_REJECTED,1,NA,NA,-7.787066508954747,0.011776650547660417,NA,NA,NA,NA,NA,6,11,0.682291160953163
energy_event,9,lih-3.0,v4.1-one-shot-joint-compression,MEDIUM,ALGORITHM_REJECTED,1,NA,NA,-7.787066510052281,0.011776649450126797,NA,NA,NA,NA,NA,7,11,0.6823026841722828
energy_event,9,lih-3.0,v4.1-one-shot-joint-compression,MEDIUM,ALGORITHM_REJECTED,1,NA,NA,-7.787066510111016,0.011776649391391558,NA,NA,NA,NA,NA,8,11,0.6822834776882397
energy_event,9,lih-3.0,v4.1-one-shot-joint-compression,MEDIUM,ALGORITHM_REJECTED,1,NA,NA,-7.787066510113275,0.011776649389132032,NA,NA,NA,NA,NA,9,11,0.6822797190740797
energy_event,9,lih-3.0,v4.1-one-shot-joint-compression,MEDIUM,ALGORITHM_REJECTED,1,NA,NA,-7.78706651011331,0.011776649389097393,NA,NA,NA,NA,NA,10,11,0.682279541399469
energy_event,9,lih-3.0,v4.1-one-shot-joint-compression,MEDIUM,ALGORITHM_REJECTED,1,NA,NA,-7.787066510113316,0.011776649389091176,NA,NA,NA,NA,NA,11,11,0.6822795621726575
energy_event,10,lih-3.0,v5-fixed-source-whitelist-no-replenishment,MEDIUM,COMPLETED,1,NA,NA,-7.797909682465734,0.0009334770366731249,NA,NA,NA,NA,NA,1,14,0.9815141581448948
energy_event,10,lih-3.0,v5-fixed-source-whitelist-no-replenishment,MEDIUM,COMPLETED,1,NA,NA,-7.797909682465739,0.000933477036668684,NA,NA,NA,NA,NA,2,14,0.9815141666873746
energy_event,10,lih-3.0,v5-fixed-source-whitelist-no-replenishment,MEDIUM,COMPLETED,1,NA,NA,-7.797909682465735,0.0009334770366722367,NA,NA,NA,NA,NA,3,14,0.9815141955714349
energy_event,10,lih-3.0,v5-fixed-source-whitelist-no-replenishment,MEDIUM,COMPLETED,1,NA,NA,-7.797909682465735,0.0009334770366722367,NA,NA,NA,NA,NA,4,14,0.9815141677396994
energy_event,10,lih-3.0,v5-fixed-source-whitelist-no-replenishment,MEDIUM,COMPLETED,1,NA,NA,-7.797909682465734,0.0009334770366731249,NA,NA,NA,NA,NA,5,14,0.9815141666890344
energy_event,10,lih-3.0,v5-fixed-source-whitelist-no-replenishment,MEDIUM,COMPLETED,1,NA,NA,-7.797909682465739,0.000933477036668684,NA,NA,NA,NA,NA,6,14,0.9815141666873746
energy_event,10,lih-3.0,v5-fixed-source-whitelist-no-replenishment,MEDIUM,COMPLETED,1,NA,NA,-7.797909682465734,0.0009334770366731249,NA,NA,NA,NA,NA,7,14,0.98151416668847
energy_event,10,lih-3.0,v5-fixed-source-whitelist-no-replenishment,MEDIUM,COMPLETED,1,NA,NA,-7.797909682465739,0.000933477036668684,NA,NA,NA,NA,NA,8,14,0.9815141666873746
energy_event,10,lih-3.0,v5-fixed-source-whitelist-no-replenishment,MEDIUM,COMPLETED,1,NA,NA,-7.797909682465739,0.000933477036668684,NA,NA,NA,NA,NA,9,14,0.9815141666873746
energy_event,10,lih-3.0,v5-fixed-source-whitelist-no-replenishment,MEDIUM,COMPLETED,1,NA,NA,-7.797909682465733,0.0009334770366749012,NA,NA,NA,NA,NA,10,14,0.9815141666879222
energy_event,10,lih-3.0,v5-fixed-source-whitelist-no-replenishment,MEDIUM,COMPLETED,1,NA,NA,-7.797909682465739,0.000933477036668684,NA,NA,NA,NA,NA,11,14,0.9815141666873746
energy_event,10,lih-3.0,v5-fixed-source-whitelist-no-replenishment,MEDIUM,COMPLETED,1,NA,NA,-7.797909682465735,0.0009334770366722367,NA,NA,NA,NA,NA,12,14,0.9815141666876485
energy_event,10,lih-3.0,v5-fixed-source-whitelist-no-replenishment,MEDIUM,COMPLETED,1,NA,NA,-7.797909682465739,0.000933477036668684,NA,NA,NA,NA,NA,13,14,0.9815141666873746
energy_event,10,lih-3.0,v5-fixed-source-whitelist-no-replenishment,MEDIUM,COMPLETED,1,NA,NA,-7.797909682465739,0.000933477036668684,NA,NA,NA,NA,NA,14,14,0.9815141666873746
energy_event,10,lih-3.0,v5-fixed-source-whitelist-no-replenishment,MEDIUM,COMPLETED,1,NA,NA,-7.7979096824657415,0.0009334770366660194,NA,NA,NA,NA,NA,15,14,0.9815141666875115
energy_event,10,lih-3.0,v5-fixed-source-whitelist-no-replenishment,MEDIUM,COMPLETED,1,NA,NA,-7.7979096824657415,0.0009334770366660194,NA,NA,NA,NA,NA,16,14,0.9815141666875115
energy_event,10,lih-3.0,v5-fixed-source-whitelist-no-replenishment,MEDIUM,COMPLETED,1,NA,NA,-7.797909682465735,0.0009334770366722367,NA,NA,NA,NA,NA,17,14,0.98151416668758
energy_event,10,lih-3.0,v5-fixed-source-whitelist-no-replenishment,MEDIUM,COMPLETED,1,NA,NA,-7.7979096824657415,0.0009334770366660194,NA,NA,NA,NA,NA,18,14,0.9815141666875115
energy_event,10,lih-3.0,v5-fixed-source-whitelist-no-replenishment,MEDIUM,COMPLETED,1,NA,NA,-7.797909682465734,0.0009334770366731249,NA,NA,NA,NA,NA,19,14,0.9815141666875459
energy_event,10,lih-3.0,v5-fixed-source-whitelist-no-replenishment,MEDIUM,COMPLETED,1,NA,NA,-7.7979096824657415,0.0009334770366660194,NA,NA,NA,NA,NA,20,14,0.9815141666875115
energy_event,10,lih-3.0,v5-fixed-source-whitelist-no-replenishment,MEDIUM,COMPLETED,1,NA,NA,-7.797909682465738,0.0009334770366695722,NA,NA,NA,NA,NA,21,14,0.9815141666875287
energy_event,10,lih-3.0,v5-fixed-source-whitelist-no-replenishment,MEDIUM,COMPLETED,1,NA,NA,-7.7979096824657415,0.0009334770366660194,NA,NA,NA,NA,NA,22,14,0.9815141666875115
energy_event,10,lih-3.0,v5-fixed-source-whitelist-no-replenishment,MEDIUM,COMPLETED,1,NA,NA,-7.797909682465734,0.0009334770366731249,NA,NA,NA,NA,NA,23,14,0.98151416668752
energy_event,10,lih-3.0,v5-fixed-source-whitelist-no-replenishment,MEDIUM,COMPLETED,1,NA,NA,-7.7979096824657415,0.0009334770366660194,NA,NA,NA,NA,NA,24,14,0.9815141666875115
energy_event,10,lih-3.0,v5-fixed-source-whitelist-no-replenishment,MEDIUM,COMPLETED,1,NA,NA,-7.797909682465734,0.0009334770366731249,NA,NA,NA,NA,NA,25,14,0.9815141666875158
energy_event,10,lih-3.0,v5-fixed-source-whitelist-no-replenishment,MEDIUM,COMPLETED,1,NA,NA,-7.7979096824657415,0.0009334770366660194,NA,NA,NA,NA,NA,26,14,0.9815141666875115
energy_event,10,lih-3.0,v5-fixed-source-whitelist-no-replenishment,MEDIUM,COMPLETED,1,NA,NA,-7.797909682465738,0.0009334770366695722,NA,NA,NA,NA,NA,27,14,0.9815141666875137
energy_event,10,lih-3.0,v5-fixed-source-whitelist-no-replenishment,MEDIUM,COMPLETED,1,NA,NA,-7.7979096824657415,0.0009334770366660194,NA,NA,NA,NA,NA,28,14,0.9815141666875115
energy_event,10,lih-3.0,v5-fixed-source-whitelist-no-replenishment,MEDIUM,COMPLETED,1,NA,NA,-7.797909682465741,0.0009334770366669076,NA,NA,NA,NA,NA,29,14,0.9815141666875126
energy_event,10,lih-3.0,v5-fixed-source-whitelist-no-replenishment,MEDIUM,COMPLETED,1,NA,NA,-7.7979096824657415,0.0009334770366660194,NA,NA,NA,NA,NA,30,14,0.9815141666875115
energy_event,10,lih-3.0,v5-fixed-source-whitelist-no-replenishment,MEDIUM,COMPLETED,1,NA,NA,-7.7979096824657415,0.0009334770366660194,NA,NA,NA,NA,NA,31,14,0.981514166687512
energy_event,10,lih-3.0,v5-fixed-source-whitelist-no-replenishment,MEDIUM,COMPLETED,1,NA,NA,-7.7979096824657415,0.0009334770366660194,NA,NA,NA,NA,NA,32,14,0.9815141666875123
energy_event,10,lih-3.0,v5-fixed-source-whitelist-no-replenishment,MEDIUM,COMPLETED,1,NA,NA,-7.797909682465741,0.0009334770366669076,NA,NA,NA,NA,NA,33,14,0.9815141666875126
energy_event,10,lih-3.0,v5-fixed-source-whitelist-no-replenishment,MEDIUM,COMPLETED,1,NA,NA,-7.7979096824657415,0.0009334770366660194,NA,NA,NA,NA,NA,34,14,0.9815141666875123
energy_event,10,lih-3.0,v5-fixed-source-whitelist-no-replenishment,MEDIUM,COMPLETED,1,NA,NA,-7.7979096824657415,0.0009334770366660194,NA,NA,NA,NA,NA,35,14,0.9815141666875125
energy_event,10,lih-3.0,v5-fixed-source-whitelist-no-replenishment,MEDIUM,COMPLETED,1,NA,NA,-7.7979096824657415,0.0009334770366660194,NA,NA,NA,NA,NA,36,14,0.9815141666875125
energy_event,10,lih-3.0,v5-fixed-source-whitelist-no-replenishment,MEDIUM,COMPLETED,1,NA,NA,-7.797909682465741,0.0009334770366669076,NA,NA,NA,NA,NA,37,14,0.9815141666875126
energy_event,10,lih-3.0,v5-fixed-source-whitelist-no-replenishment,MEDIUM,COMPLETED,1,NA,NA,-7.7979096824657415,0.0009334770366660194,NA,NA,NA,NA,NA,38,14,0.9815141666875125
energy_event,10,lih-3.0,v5-fixed-source-whitelist-no-replenishment,MEDIUM,COMPLETED,1,NA,NA,-7.797909682465742,0.0009334770366651313,NA,NA,NA,NA,NA,39,14,0.9815141666875125
energy_event,10,lih-3.0,v5-fixed-source-whitelist-no-replenishment,MEDIUM,COMPLETED,1,NA,NA,-7.797909682465741,0.0009334770366669076,NA,NA,NA,NA,NA,40,14,0.9815141666875126
energy_event,10,lih-3.0,v5-fixed-source-whitelist-no-replenishment,MEDIUM,COMPLETED,1,NA,NA,-7.797909682465742,0.0009334770366651313,NA,NA,NA,NA,NA,41,14,0.9815141666875125
energy_event,10,lih-3.0,v5-fixed-source-whitelist-no-replenishment,MEDIUM,COMPLETED,1,NA,NA,-7.797909682465742,0.0009334770366651313,NA,NA,NA,NA,NA,42,14,0.9815141666875125
energy_event,10,lih-3.0,v5-fixed-source-whitelist-no-replenishment,MEDIUM,COMPLETED,1,NA,NA,-7.797909682465741,0.0009334770366669076,NA,NA,NA,NA,NA,43,14,0.9815141666875126
energy_event,10,lih-3.0,v5-fixed-source-whitelist-no-replenishment,MEDIUM,COMPLETED,1,NA,NA,-7.797909682465742,0.0009334770366651313,NA,NA,NA,NA,NA,44,14,0.9815141666875125
energy_event,10,lih-3.0,v5-fixed-source-whitelist-no-replenishment,MEDIUM,COMPLETED,1,NA,NA,-7.797909682465735,0.0009334770366722367,NA,NA,NA,NA,NA,45,14,0.9815141955714349
energy_event,10,lih-3.0,v5-fixed-source-whitelist-no-replenishment,MEDIUM,COMPLETED,1,NA,NA,-7.797909682465738,0.0009334770366695722,NA,NA,NA,NA,NA,46,14,0.9815141696838814
energy_event,10,lih-3.0,v5-fixed-source-whitelist-no-replenishment,MEDIUM,COMPLETED,1,NA,NA,-7.79790968246574,0.0009334770366677958,NA,NA,NA,NA,NA,47,14,0.981514168185628
energy_event,10,lih-3.0,v5-fixed-source-whitelist-no-replenishment,MEDIUM,COMPLETED,1,NA,NA,-7.797909682465735,0.0009334770366722367,NA,NA,NA,NA,NA,48,14,0.9815141689347546
energy_event,10,lih-3.0,v5-fixed-source-whitelist-no-replenishment,MEDIUM,COMPLETED,1,NA,NA,-7.79790968246574,0.0009334770366677958,NA,NA,NA,NA,NA,49,14,0.9815141685601912
energy_event,10,lih-3.0,v5-fixed-source-whitelist-no-replenishment,MEDIUM,COMPLETED,1,NA,NA,-7.797909682465738,0.0009334770366695722,NA,NA,NA,NA,NA,50,14,0.9815141684346682
energy_event,10,lih-3.0,v5-fixed-source-whitelist-no-replenishment,MEDIUM,COMPLETED,1,NA,NA,-7.797909682465739,0.000933477036668684,NA,NA,NA,NA,NA,51,14,0.9815141683101481
energy_event,10,lih-3.0,v5-fixed-source-whitelist-no-replenishment,MEDIUM,COMPLETED,1,NA,NA,-7.797909682465734,0.0009334770366731249,NA,NA,NA,NA,NA,52,14,0.981514168247888
energy_event,10,lih-3.0,v5-fixed-source-whitelist-no-replenishment,MEDIUM,COMPLETED,1,NA,NA,-7.797909682465736,0.0009334770366713485,NA,NA,NA,NA,NA,53,14,0.981514168216758
energy_event,10,lih-3.0,v5-fixed-source-whitelist-no-replenishment,MEDIUM,COMPLETED,1,NA,NA,-7.797909682465737,0.0009334770366704603,NA,NA,NA,NA,NA,54,14,0.9815141682011929
energy_event,10,lih-3.0,v5-fixed-source-whitelist-no-replenishment,MEDIUM,COMPLETED,1,NA,NA,-7.797909682465738,0.0009334770366695722,NA,NA,NA,NA,NA,55,14,0.9815141681934105
energy_event,10,lih-3.0,v5-fixed-source-whitelist-no-replenishment,MEDIUM,COMPLETED,1,NA,NA,-7.79790968246574,0.0009334770366677958,NA,NA,NA,NA,NA,56,14,0.9815141681895192
energy_event,10,lih-3.0,v5-fixed-source-whitelist-no-replenishment,MEDIUM,COMPLETED,2,NA,NA,-7.797909674202845,0.0009334852995621645,NA,NA,NA,NA,NA,57,14,0.9815190787625468
energy_event,10,lih-3.0,v5-fixed-source-whitelist-no-replenishment,MEDIUM,COMPLETED,2,NA,NA,-7.797909682451313,0.0009334770510944779,NA,NA,NA,NA,NA,58,14,0.981511812195925
energy_event,10,lih-3.0,v5-fixed-source-whitelist-no-replenishment,MEDIUM,COMPLETED,2,NA,NA,-7.797909682455922,0.00093347704648572,NA,NA,NA,NA,NA,59,14,0.9815128740363881
energy_event,10,lih-3.0,v5-fixed-source-whitelist-no-replenishment,MEDIUM,COMPLETED,2,NA,NA,-7.79790968245605,0.0009334770463578224,NA,NA,NA,NA,NA,60,14,0.9815126955935877
energy_event,10,lih-3.0,v5-fixed-source-whitelist-no-replenishment,MEDIUM,COMPLETED,3,NA,NA,-7.797909682452256,0.0009334770501512324,NA,NA,NA,NA,NA,61,13,0.9815127094569714
energy_event,10,lih-3.0,v5-fixed-source-whitelist-no-replenishment,MEDIUM,COMPLETED,3,NA,NA,-7.797909682452248,0.000933477050159226,NA,NA,NA,NA,NA,62,13,0.9815127270320468
energy_event,10,lih-3.0,v5-fixed-source-whitelist-no-replenishment,MEDIUM,COMPLETED,3,NA,NA,-7.797909682452252,0.0009334770501556733,NA,NA,NA,NA,NA,63,13,0.981512710160531
energy_event,10,lih-3.0,v5-fixed-source-whitelist-no-replenishment,MEDIUM,COMPLETED,3,NA,NA,-7.797909682452247,0.0009334770501601142,NA,NA,NA,NA,NA,64,13,0.9815127094593037
energy_event,10,lih-3.0,v5-fixed-source-whitelist-no-replenishment,MEDIUM,COMPLETED,3,NA,NA,-7.7979096824522545,0.0009334770501530087,NA,NA,NA,NA,NA,65,13,0.9815127094569714
energy_event,10,lih-3.0,v5-fixed-source-whitelist-no-replenishment,MEDIUM,COMPLETED,3,NA,NA,-7.797909682452256,0.0009334770501512324,NA,NA,NA,NA,NA,66,13,0.9815127094569714
energy_event,10,lih-3.0,v5-fixed-source-whitelist-no-replenishment,MEDIUM,COMPLETED,3,NA,NA,-7.7979096824522545,0.0009334770501530087,NA,NA,NA,NA,NA,67,13,0.9815127094569714
energy_event,10,lih-3.0,v5-fixed-source-whitelist-no-replenishment,MEDIUM,COMPLETED,3,NA,NA,-7.797909682452256,0.0009334770501512324,NA,NA,NA,NA,NA,68,13,0.9815127094569714
energy_event,10,lih-3.0,v5-fixed-source-whitelist-no-replenishment,MEDIUM,COMPLETED,3,NA,NA,-7.797909682452256,0.0009334770501512324,NA,NA,NA,NA,NA,69,13,0.9815127094569714
energy_event,10,lih-3.0,v5-fixed-source-whitelist-no-replenishment,MEDIUM,COMPLETED,3,NA,NA,-7.797909682452256,0.0009334770501512324,NA,NA,NA,NA,NA,70,13,0.9815127094569714
energy_event,10,lih-3.0,v5-fixed-source-whitelist-no-replenishment,MEDIUM,COMPLETED,3,NA,NA,-7.797909682452256,0.0009334770501512324,NA,NA,NA,NA,NA,71,13,0.9815127094569714
energy_event,10,lih-3.0,v5-fixed-source-whitelist-no-replenishment,MEDIUM,COMPLETED,3,NA,NA,-7.7979096824522545,0.0009334770501530087,NA,NA,NA,NA,NA,72,13,0.9815127094569714
energy_event,10,lih-3.0,v5-fixed-source-whitelist-no-replenishment,MEDIUM,COMPLETED,3,NA,NA,-7.797909682452256,0.0009334770501512324,NA,NA,NA,NA,NA,73,13,0.9815127094569714
energy_event,10,lih-3.0,v5-fixed-source-whitelist-no-replenishment,MEDIUM,COMPLETED,3,NA,NA,-7.7979096824522545,0.0009334770501530087,NA,NA,NA,NA,NA,74,13,0.9815127094569714
energy_event,10,lih-3.0,v5-fixed-source-whitelist-no-replenishment,MEDIUM,COMPLETED,3,NA,NA,-7.797909682452256,0.0009334770501512324,NA,NA,NA,NA,NA,75,13,0.9815127094569714
energy_event,10,lih-3.0,v5-fixed-source-whitelist-no-replenishment,MEDIUM,COMPLETED,3,NA,NA,-7.7979096824522545,0.0009334770501530087,NA,NA,NA,NA,NA,76,13,0.9815127094569714
energy_event,10,lih-3.0,v5-fixed-source-whitelist-no-replenishment,MEDIUM,COMPLETED,3,NA,NA,-7.797909682452256,0.0009334770501512324,NA,NA,NA,NA,NA,77,13,0.9815127094569714
energy_event,10,lih-3.0,v5-fixed-source-whitelist-no-replenishment,MEDIUM,COMPLETED,3,NA,NA,-7.7979096824522545,0.0009334770501530087,NA,NA,NA,NA,NA,78,13,0.9815127094569714
energy_event,10,lih-3.0,v5-fixed-source-whitelist-no-replenishment,MEDIUM,COMPLETED,3,NA,NA,-7.797909682452256,0.0009334770501512324,NA,NA,NA,NA,NA,79,13,0.9815127094569714
energy_event,10,lih-3.0,v5-fixed-source-whitelist-no-replenishment,MEDIUM,COMPLETED,3,NA,NA,-7.797909682452248,0.000933477050159226,NA,NA,NA,NA,NA,80,13,0.9815127270320468
energy_event,10,lih-3.0,v5-fixed-source-whitelist-no-replenishment,MEDIUM,COMPLETED,3,NA,NA,-7.797909682452254,0.0009334770501538969,NA,NA,NA,NA,NA,81,13,0.9815127113824856
energy_event,10,lih-3.0,v5-fixed-source-whitelist-no-replenishment,MEDIUM,COMPLETED,3,NA,NA,-7.797909682452248,0.000933477050159226,NA,NA,NA,NA,NA,82,13,0.9815127104197285
energy_event,10,lih-3.0,v5-fixed-source-whitelist-no-replenishment,MEDIUM,COMPLETED,3,NA,NA,-7.797909682452249,0.0009334770501583378,NA,NA,NA,NA,NA,83,13,0.98151270993835
energy_event,10,lih-3.0,v5-fixed-source-whitelist-no-replenishment,MEDIUM,COMPLETED,3,NA,NA,-7.797909682452255,0.0009334770501521206,NA,NA,NA,NA,NA,84,13,0.9815127096976608
energy_event,10,lih-3.0,v5-fixed-source-whitelist-no-replenishment,MEDIUM,COMPLETED,3,NA,NA,-7.797909682452246,0.0009334770501618905,NA,NA,NA,NA,NA,85,13,0.9815127095773162
energy_event,10,lih-3.0,v5-fixed-source-whitelist-no-replenishment,MEDIUM,COMPLETED,3,NA,NA,-7.797909682452255,0.0009334770501521206,NA,NA,NA,NA,NA,86,13,0.9815127095171439
energy_event,10,lih-3.0,v5-fixed-source-whitelist-no-replenishment,MEDIUM,COMPLETED,3,NA,NA,-7.797909682452255,0.0009334770501521206,NA,NA,NA,NA,NA,87,13,0.9815127094770719
energy_event,10,lih-3.0,v5-fixed-source-whitelist-no-replenishment,MEDIUM,COMPLETED,3,NA,NA,-7.797909682452254,0.0009334770501538969,NA,NA,NA,NA,NA,88,13,0.9815127094670216
energy_event,10,lih-3.0,v5-fixed-source-whitelist-no-replenishment,MEDIUM,COMPLETED,3,NA,NA,-7.797909682452256,0.0009334770501512324,NA,NA,NA,NA,NA,89,13,0.9815127094619966
energy_event,10,lih-3.0,v5-fixed-source-whitelist-no-replenishment,MEDIUM,COMPLETED,3,NA,NA,-7.797909682452248,0.000933477050159226,NA,NA,NA,NA,NA,90,13,0.9815127094603208
energy_event,10,lih-3.0,v5-fixed-source-whitelist-no-replenishment,MEDIUM,COMPLETED,3,NA,NA,-7.797909682452251,0.0009334770501565615,NA,NA,NA,NA,NA,91,13,0.9815127094586461
energy_event,10,lih-3.0,v5-fixed-source-whitelist-no-replenishment,MEDIUM,COMPLETED,4,NA,NA,-7.797904004695586,0.0009391548068213851,NA,NA,NA,NA,NA,92,13,0.9813593199143058
energy_event,10,lih-3.0,v5-fixed-source-whitelist-no-replenishment,MEDIUM,COMPLETED,4,NA,NA,-7.797904013272985,0.0009391462294221498,NA,NA,NA,NA,NA,93,13,0.981430336148482
energy_event,10,lih-3.0,v5-fixed-source-whitelist-no-replenishment,MEDIUM,COMPLETED,4,NA,NA,-7.797904013347396,0.0009391461550114499,NA,NA,NA,NA,NA,94,13,0.9814226920359737
energy_event,10,lih-3.0,v5-fixed-source-whitelist-no-replenishment,MEDIUM,COMPLETED,4,NA,NA,-7.7979040133475275,0.0009391461548799995,NA,NA,NA,NA,NA,95,13,0.9814224504824889
energy_event,10,lih-3.0,v5-fixed-source-whitelist-no-replenishment,MEDIUM,COMPLETED,4,NA,NA,-7.797904013347532,0.0009391461548755586,NA,NA,NA,NA,NA,96,13,0.9814224084655039
energy_event,11,lih-3.0,v5-sequential-with-rebuilding,MEDIUM,COMPLETED,1,NA,NA,-7.797909682465734,0.0009334770366731249,NA,NA,NA,NA,NA,1,14,0.9815141581448948
energy_event,11,lih-3.0,v5-sequential-with-rebuilding,MEDIUM,COMPLETED,1,NA,NA,-7.797909682465739,0.000933477036668684,NA,NA,NA,NA,NA,2,14,0.9815141666873746
energy_event,11,lih-3.0,v5-sequential-with-rebuilding,MEDIUM,COMPLETED,1,NA,NA,-7.797909682465735,0.0009334770366722367,NA,NA,NA,NA,NA,3,14,0.9815141955714349
energy_event,11,lih-3.0,v5-sequential-with-rebuilding,MEDIUM,COMPLETED,1,NA,NA,-7.797909682465735,0.0009334770366722367,NA,NA,NA,NA,NA,4,14,0.9815141677396994
energy_event,11,lih-3.0,v5-sequential-with-rebuilding,MEDIUM,COMPLETED,1,NA,NA,-7.797909682465734,0.0009334770366731249,NA,NA,NA,NA,NA,5,14,0.9815141666890344
energy_event,11,lih-3.0,v5-sequential-with-rebuilding,MEDIUM,COMPLETED,1,NA,NA,-7.797909682465739,0.000933477036668684,NA,NA,NA,NA,NA,6,14,0.9815141666873746
energy_event,11,lih-3.0,v5-sequential-with-rebuilding,MEDIUM,COMPLETED,1,NA,NA,-7.797909682465734,0.0009334770366731249,NA,NA,NA,NA,NA,7,14,0.98151416668847
energy_event,11,lih-3.0,v5-sequential-with-rebuilding,MEDIUM,COMPLETED,1,NA,NA,-7.797909682465739,0.000933477036668684,NA,NA,NA,NA,NA,8,14,0.9815141666873746
energy_event,11,lih-3.0,v5-sequential-with-rebuilding,MEDIUM,COMPLETED,1,NA,NA,-7.797909682465739,0.000933477036668684,NA,NA,NA,NA,NA,9,14,0.9815141666873746
energy_event,11,lih-3.0,v5-sequential-with-rebuilding,MEDIUM,COMPLETED,1,NA,NA,-7.797909682465733,0.0009334770366749012,NA,NA,NA,NA,NA,10,14,0.9815141666879222
energy_event,11,lih-3.0,v5-sequential-with-rebuilding,MEDIUM,COMPLETED,1,NA,NA,-7.797909682465739,0.000933477036668684,NA,NA,NA,NA,NA,11,14,0.9815141666873746
energy_event,11,lih-3.0,v5-sequential-with-rebuilding,MEDIUM,COMPLETED,1,NA,NA,-7.797909682465735,0.0009334770366722367,NA,NA,NA,NA,NA,12,14,0.9815141666876485
energy_event,11,lih-3.0,v5-sequential-with-rebuilding,MEDIUM,COMPLETED,1,NA,NA,-7.797909682465739,0.000933477036668684,NA,NA,NA,NA,NA,13,14,0.9815141666873746
energy_event,11,lih-3.0,v5-sequential-with-rebuilding,MEDIUM,COMPLETED,1,NA,NA,-7.797909682465739,0.000933477036668684,NA,NA,NA,NA,NA,14,14,0.9815141666873746
energy_event,11,lih-3.0,v5-sequential-with-rebuilding,MEDIUM,COMPLETED,1,NA,NA,-7.7979096824657415,0.0009334770366660194,NA,NA,NA,NA,NA,15,14,0.9815141666875115
energy_event,11,lih-3.0,v5-sequential-with-rebuilding,MEDIUM,COMPLETED,1,NA,NA,-7.7979096824657415,0.0009334770366660194,NA,NA,NA,NA,NA,16,14,0.9815141666875115
energy_event,11,lih-3.0,v5-sequential-with-rebuilding,MEDIUM,COMPLETED,1,NA,NA,-7.797909682465735,0.0009334770366722367,NA,NA,NA,NA,NA,17,14,0.98151416668758
energy_event,11,lih-3.0,v5-sequential-with-rebuilding,MEDIUM,COMPLETED,1,NA,NA,-7.7979096824657415,0.0009334770366660194,NA,NA,NA,NA,NA,18,14,0.9815141666875115
energy_event,11,lih-3.0,v5-sequential-with-rebuilding,MEDIUM,COMPLETED,1,NA,NA,-7.797909682465734,0.0009334770366731249,NA,NA,NA,NA,NA,19,14,0.9815141666875459
energy_event,11,lih-3.0,v5-sequential-with-rebuilding,MEDIUM,COMPLETED,1,NA,NA,-7.7979096824657415,0.0009334770366660194,NA,NA,NA,NA,NA,20,14,0.9815141666875115
energy_event,11,lih-3.0,v5-sequential-with-rebuilding,MEDIUM,COMPLETED,1,NA,NA,-7.797909682465738,0.0009334770366695722,NA,NA,NA,NA,NA,21,14,0.9815141666875287
energy_event,11,lih-3.0,v5-sequential-with-rebuilding,MEDIUM,COMPLETED,1,NA,NA,-7.7979096824657415,0.0009334770366660194,NA,NA,NA,NA,NA,22,14,0.9815141666875115
energy_event,11,lih-3.0,v5-sequential-with-rebuilding,MEDIUM,COMPLETED,1,NA,NA,-7.797909682465734,0.0009334770366731249,NA,NA,NA,NA,NA,23,14,0.98151416668752
energy_event,11,lih-3.0,v5-sequential-with-rebuilding,MEDIUM,COMPLETED,1,NA,NA,-7.7979096824657415,0.0009334770366660194,NA,NA,NA,NA,NA,24,14,0.9815141666875115
energy_event,11,lih-3.0,v5-sequential-with-rebuilding,MEDIUM,COMPLETED,1,NA,NA,-7.797909682465734,0.0009334770366731249,NA,NA,NA,NA,NA,25,14,0.9815141666875158
energy_event,11,lih-3.0,v5-sequential-with-rebuilding,MEDIUM,COMPLETED,1,NA,NA,-7.7979096824657415,0.0009334770366660194,NA,NA,NA,NA,NA,26,14,0.9815141666875115
energy_event,11,lih-3.0,v5-sequential-with-rebuilding,MEDIUM,COMPLETED,1,NA,NA,-7.797909682465738,0.0009334770366695722,NA,NA,NA,NA,NA,27,14,0.9815141666875137
energy_event,11,lih-3.0,v5-sequential-with-rebuilding,MEDIUM,COMPLETED,1,NA,NA,-7.7979096824657415,0.0009334770366660194,NA,NA,NA,NA,NA,28,14,0.9815141666875115
energy_event,11,lih-3.0,v5-sequential-with-rebuilding,MEDIUM,COMPLETED,1,NA,NA,-7.797909682465741,0.0009334770366669076,NA,NA,NA,NA,NA,29,14,0.9815141666875126
energy_event,11,lih-3.0,v5-sequential-with-rebuilding,MEDIUM,COMPLETED,1,NA,NA,-7.7979096824657415,0.0009334770366660194,NA,NA,NA,NA,NA,30,14,0.9815141666875115
energy_event,11,lih-3.0,v5-sequential-with-rebuilding,MEDIUM,COMPLETED,1,NA,NA,-7.7979096824657415,0.0009334770366660194,NA,NA,NA,NA,NA,31,14,0.981514166687512
energy_event,11,lih-3.0,v5-sequential-with-rebuilding,MEDIUM,COMPLETED,1,NA,NA,-7.7979096824657415,0.0009334770366660194,NA,NA,NA,NA,NA,32,14,0.9815141666875123
energy_event,11,lih-3.0,v5-sequential-with-rebuilding,MEDIUM,COMPLETED,1,NA,NA,-7.797909682465741,0.0009334770366669076,NA,NA,NA,NA,NA,33,14,0.9815141666875126
energy_event,11,lih-3.0,v5-sequential-with-rebuilding,MEDIUM,COMPLETED,1,NA,NA,-7.7979096824657415,0.0009334770366660194,NA,NA,NA,NA,NA,34,14,0.9815141666875123
energy_event,11,lih-3.0,v5-sequential-with-rebuilding,MEDIUM,COMPLETED,1,NA,NA,-7.7979096824657415,0.0009334770366660194,NA,NA,NA,NA,NA,35,14,0.9815141666875125
energy_event,11,lih-3.0,v5-sequential-with-rebuilding,MEDIUM,COMPLETED,1,NA,NA,-7.7979096824657415,0.0009334770366660194,NA,NA,NA,NA,NA,36,14,0.9815141666875125
energy_event,11,lih-3.0,v5-sequential-with-rebuilding,MEDIUM,COMPLETED,1,NA,NA,-7.797909682465741,0.0009334770366669076,NA,NA,NA,NA,NA,37,14,0.9815141666875126
energy_event,11,lih-3.0,v5-sequential-with-rebuilding,MEDIUM,COMPLETED,1,NA,NA,-7.7979096824657415,0.0009334770366660194,NA,NA,NA,NA,NA,38,14,0.9815141666875125
energy_event,11,lih-3.0,v5-sequential-with-rebuilding,MEDIUM,COMPLETED,1,NA,NA,-7.797909682465742,0.0009334770366651313,NA,NA,NA,NA,NA,39,14,0.9815141666875125
energy_event,11,lih-3.0,v5-sequential-with-rebuilding,MEDIUM,COMPLETED,1,NA,NA,-7.797909682465741,0.0009334770366669076,NA,NA,NA,NA,NA,40,14,0.9815141666875126
energy_event,11,lih-3.0,v5-sequential-with-rebuilding,MEDIUM,COMPLETED,1,NA,NA,-7.797909682465742,0.0009334770366651313,NA,NA,NA,NA,NA,41,14,0.9815141666875125
energy_event,11,lih-3.0,v5-sequential-with-rebuilding,MEDIUM,COMPLETED,1,NA,NA,-7.797909682465742,0.0009334770366651313,NA,NA,NA,NA,NA,42,14,0.9815141666875125
energy_event,11,lih-3.0,v5-sequential-with-rebuilding,MEDIUM,COMPLETED,1,NA,NA,-7.797909682465741,0.0009334770366669076,NA,NA,NA,NA,NA,43,14,0.9815141666875126
energy_event,11,lih-3.0,v5-sequential-with-rebuilding,MEDIUM,COMPLETED,1,NA,NA,-7.797909682465742,0.0009334770366651313,NA,NA,NA,NA,NA,44,14,0.9815141666875125
energy_event,11,lih-3.0,v5-sequential-with-rebuilding,MEDIUM,COMPLETED,1,NA,NA,-7.797909682465735,0.0009334770366722367,NA,NA,NA,NA,NA,45,14,0.9815141955714349
energy_event,11,lih-3.0,v5-sequential-with-rebuilding,MEDIUM,COMPLETED,1,NA,NA,-7.797909682465738,0.0009334770366695722,NA,NA,NA,NA,NA,46,14,0.9815141696838814
energy_event,11,lih-3.0,v5-sequential-with-rebuilding,MEDIUM,COMPLETED,1,NA,NA,-7.79790968246574,0.0009334770366677958,NA,NA,NA,NA,NA,47,14,0.981514168185628
energy_event,11,lih-3.0,v5-sequential-with-rebuilding,MEDIUM,COMPLETED,1,NA,NA,-7.797909682465735,0.0009334770366722367,NA,NA,NA,NA,NA,48,14,0.9815141689347546
energy_event,11,lih-3.0,v5-sequential-with-rebuilding,MEDIUM,COMPLETED,1,NA,NA,-7.79790968246574,0.0009334770366677958,NA,NA,NA,NA,NA,49,14,0.9815141685601912
energy_event,11,lih-3.0,v5-sequential-with-rebuilding,MEDIUM,COMPLETED,1,NA,NA,-7.797909682465738,0.0009334770366695722,NA,NA,NA,NA,NA,50,14,0.9815141684346682
energy_event,11,lih-3.0,v5-sequential-with-rebuilding,MEDIUM,COMPLETED,1,NA,NA,-7.797909682465739,0.000933477036668684,NA,NA,NA,NA,NA,51,14,0.9815141683101481
energy_event,11,lih-3.0,v5-sequential-with-rebuilding,MEDIUM,COMPLETED,1,NA,NA,-7.797909682465734,0.0009334770366731249,NA,NA,NA,NA,NA,52,14,0.981514168247888
energy_event,11,lih-3.0,v5-sequential-with-rebuilding,MEDIUM,COMPLETED,1,NA,NA,-7.797909682465736,0.0009334770366713485,NA,NA,NA,NA,NA,53,14,0.981514168216758
energy_event,11,lih-3.0,v5-sequential-with-rebuilding,MEDIUM,COMPLETED,1,NA,NA,-7.797909682465737,0.0009334770366704603,NA,NA,NA,NA,NA,54,14,0.9815141682011929
energy_event,11,lih-3.0,v5-sequential-with-rebuilding,MEDIUM,COMPLETED,1,NA,NA,-7.797909682465738,0.0009334770366695722,NA,NA,NA,NA,NA,55,14,0.9815141681934105
energy_event,11,lih-3.0,v5-sequential-with-rebuilding,MEDIUM,COMPLETED,1,NA,NA,-7.79790968246574,0.0009334770366677958,NA,NA,NA,NA,NA,56,14,0.9815141681895192
energy_event,11,lih-3.0,v5-sequential-with-rebuilding,MEDIUM,COMPLETED,2,NA,NA,-7.797909674202845,0.0009334852995621645,NA,NA,NA,NA,NA,57,14,0.9815190787625468
energy_event,11,lih-3.0,v5-sequential-with-rebuilding,MEDIUM,COMPLETED,2,NA,NA,-7.797909682451313,0.0009334770510944779,NA,NA,NA,NA,NA,58,14,0.981511812195925
energy_event,11,lih-3.0,v5-sequential-with-rebuilding,MEDIUM,COMPLETED,2,NA,NA,-7.797909682455922,0.00093347704648572,NA,NA,NA,NA,NA,59,14,0.9815128740363881
energy_event,11,lih-3.0,v5-sequential-with-rebuilding,MEDIUM,COMPLETED,2,NA,NA,-7.79790968245605,0.0009334770463578224,NA,NA,NA,NA,NA,60,14,0.9815126955935877
energy_event,11,lih-3.0,v5-sequential-with-rebuilding,MEDIUM,COMPLETED,3,NA,NA,-7.797909682452256,0.0009334770501512324,NA,NA,NA,NA,NA,61,13,0.9815127094569714
energy_event,11,lih-3.0,v5-sequential-with-rebuilding,MEDIUM,COMPLETED,3,NA,NA,-7.797909682452248,0.000933477050159226,NA,NA,NA,NA,NA,62,13,0.9815127270320468
energy_event,11,lih-3.0,v5-sequential-with-rebuilding,MEDIUM,COMPLETED,3,NA,NA,-7.797909682452252,0.0009334770501556733,NA,NA,NA,NA,NA,63,13,0.981512710160531
energy_event,11,lih-3.0,v5-sequential-with-rebuilding,MEDIUM,COMPLETED,3,NA,NA,-7.797909682452247,0.0009334770501601142,NA,NA,NA,NA,NA,64,13,0.9815127094593037
energy_event,11,lih-3.0,v5-sequential-with-rebuilding,MEDIUM,COMPLETED,3,NA,NA,-7.7979096824522545,0.0009334770501530087,NA,NA,NA,NA,NA,65,13,0.9815127094569714
energy_event,11,lih-3.0,v5-sequential-with-rebuilding,MEDIUM,COMPLETED,3,NA,NA,-7.797909682452256,0.0009334770501512324,NA,NA,NA,NA,NA,66,13,0.9815127094569714
energy_event,11,lih-3.0,v5-sequential-with-rebuilding,MEDIUM,COMPLETED,3,NA,NA,-7.7979096824522545,0.0009334770501530087,NA,NA,NA,NA,NA,67,13,0.9815127094569714
energy_event,11,lih-3.0,v5-sequential-with-rebuilding,MEDIUM,COMPLETED,3,NA,NA,-7.797909682452256,0.0009334770501512324,NA,NA,NA,NA,NA,68,13,0.9815127094569714
energy_event,11,lih-3.0,v5-sequential-with-rebuilding,MEDIUM,COMPLETED,3,NA,NA,-7.797909682452256,0.0009334770501512324,NA,NA,NA,NA,NA,69,13,0.9815127094569714
energy_event,11,lih-3.0,v5-sequential-with-rebuilding,MEDIUM,COMPLETED,3,NA,NA,-7.797909682452256,0.0009334770501512324,NA,NA,NA,NA,NA,70,13,0.9815127094569714
energy_event,11,lih-3.0,v5-sequential-with-rebuilding,MEDIUM,COMPLETED,3,NA,NA,-7.797909682452256,0.0009334770501512324,NA,NA,NA,NA,NA,71,13,0.9815127094569714
energy_event,11,lih-3.0,v5-sequential-with-rebuilding,MEDIUM,COMPLETED,3,NA,NA,-7.7979096824522545,0.0009334770501530087,NA,NA,NA,NA,NA,72,13,0.9815127094569714
energy_event,11,lih-3.0,v5-sequential-with-rebuilding,MEDIUM,COMPLETED,3,NA,NA,-7.797909682452256,0.0009334770501512324,NA,NA,NA,NA,NA,73,13,0.9815127094569714
energy_event,11,lih-3.0,v5-sequential-with-rebuilding,MEDIUM,COMPLETED,3,NA,NA,-7.7979096824522545,0.0009334770501530087,NA,NA,NA,NA,NA,74,13,0.9815127094569714
energy_event,11,lih-3.0,v5-sequential-with-rebuilding,MEDIUM,COMPLETED,3,NA,NA,-7.797909682452256,0.0009334770501512324,NA,NA,NA,NA,NA,75,13,0.9815127094569714
energy_event,11,lih-3.0,v5-sequential-with-rebuilding,MEDIUM,COMPLETED,3,NA,NA,-7.7979096824522545,0.0009334770501530087,NA,NA,NA,NA,NA,76,13,0.9815127094569714
energy_event,11,lih-3.0,v5-sequential-with-rebuilding,MEDIUM,COMPLETED,3,NA,NA,-7.797909682452256,0.0009334770501512324,NA,NA,NA,NA,NA,77,13,0.9815127094569714
energy_event,11,lih-3.0,v5-sequential-with-rebuilding,MEDIUM,COMPLETED,3,NA,NA,-7.7979096824522545,0.0009334770501530087,NA,NA,NA,NA,NA,78,13,0.9815127094569714
energy_event,11,lih-3.0,v5-sequential-with-rebuilding,MEDIUM,COMPLETED,3,NA,NA,-7.797909682452256,0.0009334770501512324,NA,NA,NA,NA,NA,79,13,0.9815127094569714
energy_event,11,lih-3.0,v5-sequential-with-rebuilding,MEDIUM,COMPLETED,3,NA,NA,-7.797909682452248,0.000933477050159226,NA,NA,NA,NA,NA,80,13,0.9815127270320468
energy_event,11,lih-3.0,v5-sequential-with-rebuilding,MEDIUM,COMPLETED,3,NA,NA,-7.797909682452254,0.0009334770501538969,NA,NA,NA,NA,NA,81,13,0.9815127113824856
energy_event,11,lih-3.0,v5-sequential-with-rebuilding,MEDIUM,COMPLETED,3,NA,NA,-7.797909682452248,0.000933477050159226,NA,NA,NA,NA,NA,82,13,0.9815127104197285
energy_event,11,lih-3.0,v5-sequential-with-rebuilding,MEDIUM,COMPLETED,3,NA,NA,-7.797909682452249,0.0009334770501583378,NA,NA,NA,NA,NA,83,13,0.98151270993835
energy_event,11,lih-3.0,v5-sequential-with-rebuilding,MEDIUM,COMPLETED,3,NA,NA,-7.797909682452255,0.0009334770501521206,NA,NA,NA,NA,NA,84,13,0.9815127096976608
energy_event,11,lih-3.0,v5-sequential-with-rebuilding,MEDIUM,COMPLETED,3,NA,NA,-7.797909682452246,0.0009334770501618905,NA,NA,NA,NA,NA,85,13,0.9815127095773162
energy_event,11,lih-3.0,v5-sequential-with-rebuilding,MEDIUM,COMPLETED,3,NA,NA,-7.797909682452255,0.0009334770501521206,NA,NA,NA,NA,NA,86,13,0.9815127095171439
energy_event,11,lih-3.0,v5-sequential-with-rebuilding,MEDIUM,COMPLETED,3,NA,NA,-7.797909682452255,0.0009334770501521206,NA,NA,NA,NA,NA,87,13,0.9815127094770719
energy_event,11,lih-3.0,v5-sequential-with-rebuilding,MEDIUM,COMPLETED,3,NA,NA,-7.797909682452254,0.0009334770501538969,NA,NA,NA,NA,NA,88,13,0.9815127094670216
energy_event,11,lih-3.0,v5-sequential-with-rebuilding,MEDIUM,COMPLETED,3,NA,NA,-7.797909682452256,0.0009334770501512324,NA,NA,NA,NA,NA,89,13,0.9815127094619966
energy_event,11,lih-3.0,v5-sequential-with-rebuilding,MEDIUM,COMPLETED,3,NA,NA,-7.797909682452248,0.000933477050159226,NA,NA,NA,NA,NA,90,13,0.9815127094603208
energy_event,11,lih-3.0,v5-sequential-with-rebuilding,MEDIUM,COMPLETED,3,NA,NA,-7.797909682452251,0.0009334770501565615,NA,NA,NA,NA,NA,91,13,0.9815127094586461
energy_event,11,lih-3.0,v5-sequential-with-rebuilding,MEDIUM,COMPLETED,4,NA,NA,-7.797904004695586,0.0009391548068213851,NA,NA,NA,NA,NA,92,13,0.9813593199143058
energy_event,11,lih-3.0,v5-sequential-with-rebuilding,MEDIUM,COMPLETED,4,NA,NA,-7.797904013272985,0.0009391462294221498,NA,NA,NA,NA,NA,93,13,0.981430336148482
energy_event,11,lih-3.0,v5-sequential-with-rebuilding,MEDIUM,COMPLETED,4,NA,NA,-7.797904013347396,0.0009391461550114499,NA,NA,NA,NA,NA,94,13,0.9814226920359737
energy_event,11,lih-3.0,v5-sequential-with-rebuilding,MEDIUM,COMPLETED,4,NA,NA,-7.7979040133475275,0.0009391461548799995,NA,NA,NA,NA,NA,95,13,0.9814224504824889
energy_event,11,lih-3.0,v5-sequential-with-rebuilding,MEDIUM,COMPLETED,4,NA,NA,-7.797904013347532,0.0009391461548755586,NA,NA,NA,NA,NA,96,13,0.9814224084655039
energy_event,14,lih-3.0,structural-magnitude-pruning,HIGH,ALGORITHM_REJECTED,1,NA,NA,-7.797909682465741,0.0009334770366669076,NA,NA,NA,NA,NA,1,14,0.981514138905471
energy_event,14,lih-3.0,structural-magnitude-pruning,HIGH,ALGORITHM_REJECTED,1,NA,NA,-7.797909682465736,0.0009334770366713485,NA,NA,NA,NA,NA,2,14,0.9815141549610666
energy_event,14,lih-3.0,structural-magnitude-pruning,HIGH,ALGORITHM_REJECTED,1,NA,NA,-7.797909682465739,0.000933477036668684,NA,NA,NA,NA,NA,3,14,0.9815141392939692
energy_event,14,lih-3.0,structural-magnitude-pruning,HIGH,ALGORITHM_REJECTED,1,NA,NA,-7.797909682465741,0.0009334770366669076,NA,NA,NA,NA,NA,4,14,0.9815141389061061
energy_event,14,lih-3.0,structural-magnitude-pruning,HIGH,ALGORITHM_REJECTED,1,NA,NA,-7.797909682465736,0.0009334770366713485,NA,NA,NA,NA,NA,5,14,0.9815141391620957
energy_event,14,lih-3.0,structural-magnitude-pruning,HIGH,ALGORITHM_REJECTED,1,NA,NA,-7.797909682465743,0.0009334770366642431,NA,NA,NA,NA,NA,6,14,0.9815141389062171
energy_event,14,lih-3.0,structural-magnitude-pruning,HIGH,ALGORITHM_REJECTED,1,NA,NA,-7.797909682465738,0.0009334770366695722,NA,NA,NA,NA,NA,7,14,0.9815141390341563
energy_event,14,lih-3.0,structural-magnitude-pruning,HIGH,ALGORITHM_REJECTED,1,NA,NA,-7.797909682465742,0.0009334770366651313,NA,NA,NA,NA,NA,8,14,0.9815141389062401
energy_event,14,lih-3.0,structural-magnitude-pruning,HIGH,ALGORITHM_REJECTED,1,NA,NA,-7.797909682465743,0.0009334770366642431,NA,NA,NA,NA,NA,9,14,0.9815141389062171
energy_event,14,lih-3.0,structural-magnitude-pruning,HIGH,ALGORITHM_REJECTED,1,NA,NA,-7.7979096824657415,0.0009334770366660194,NA,NA,NA,NA,NA,10,14,0.9815141389062285
energy_event,14,lih-3.0,structural-magnitude-pruning,HIGH,ALGORITHM_REJECTED,1,NA,NA,-7.797909682465743,0.0009334770366642431,NA,NA,NA,NA,NA,11,14,0.9815141389062171
energy_event,14,lih-3.0,structural-magnitude-pruning,HIGH,ALGORITHM_REJECTED,1,NA,NA,-7.7979096824657415,0.0009334770366660194,NA,NA,NA,NA,NA,12,14,0.9815141389062227
energy_event,14,lih-3.0,structural-magnitude-pruning,HIGH,ALGORITHM_REJECTED,1,NA,NA,-7.797909682465743,0.0009334770366642431,NA,NA,NA,NA,NA,13,14,0.9815141389062171
energy_event,14,lih-3.0,structural-magnitude-pruning,HIGH,ALGORITHM_REJECTED,1,NA,NA,-7.797909682465738,0.0009334770366695722,NA,NA,NA,NA,NA,14,14,0.9815141389062199
energy_event,14,lih-3.0,structural-magnitude-pruning,HIGH,ALGORITHM_REJECTED,1,NA,NA,-7.797909682465743,0.0009334770366642431,NA,NA,NA,NA,NA,15,14,0.9815141389062171
energy_event,14,lih-3.0,structural-magnitude-pruning,HIGH,ALGORITHM_REJECTED,1,NA,NA,-7.79790968246574,0.0009334770366677958,NA,NA,NA,NA,NA,16,14,0.9815141389062183
energy_event,14,lih-3.0,structural-magnitude-pruning,HIGH,ALGORITHM_REJECTED,1,NA,NA,-7.797909682465743,0.0009334770366642431,NA,NA,NA,NA,NA,17,14,0.9815141389062171
energy_event,14,lih-3.0,structural-magnitude-pruning,HIGH,ALGORITHM_REJECTED,1,NA,NA,-7.797909682465742,0.0009334770366651313,NA,NA,NA,NA,NA,18,14,0.9815141389062177
energy_event,14,lih-3.0,structural-magnitude-pruning,HIGH,ALGORITHM_REJECTED,1,NA,NA,-7.797909682465743,0.0009334770366642431,NA,NA,NA,NA,NA,19,14,0.9815141389062171
energy_event,14,lih-3.0,structural-magnitude-pruning,HIGH,ALGORITHM_REJECTED,1,NA,NA,-7.797909682465742,0.0009334770366651313,NA,NA,NA,NA,NA,20,14,0.9815141389062173
energy_event,14,lih-3.0,structural-magnitude-pruning,HIGH,ALGORITHM_REJECTED,1,NA,NA,-7.797909682465743,0.0009334770366642431,NA,NA,NA,NA,NA,21,14,0.9815141389062171
energy_event,14,lih-3.0,structural-magnitude-pruning,HIGH,ALGORITHM_REJECTED,1,NA,NA,-7.7979096824657415,0.0009334770366660194,NA,NA,NA,NA,NA,22,14,0.9815141389062172
energy_event,14,lih-3.0,structural-magnitude-pruning,HIGH,ALGORITHM_REJECTED,1,NA,NA,-7.797909682465743,0.0009334770366642431,NA,NA,NA,NA,NA,23,14,0.9815141389062171
energy_event,14,lih-3.0,structural-magnitude-pruning,HIGH,ALGORITHM_REJECTED,1,NA,NA,-7.797909682465742,0.0009334770366651313,NA,NA,NA,NA,NA,24,14,0.9815141389062171
energy_event,14,lih-3.0,structural-magnitude-pruning,HIGH,ALGORITHM_REJECTED,1,NA,NA,-7.797909682465743,0.0009334770366642431,NA,NA,NA,NA,NA,25,14,0.9815141389062171
energy_event,14,lih-3.0,structural-magnitude-pruning,HIGH,ALGORITHM_REJECTED,1,NA,NA,-7.797909682465742,0.0009334770366651313,NA,NA,NA,NA,NA,26,14,0.9815141389062171
energy_event,14,lih-3.0,structural-magnitude-pruning,HIGH,ALGORITHM_REJECTED,1,NA,NA,-7.797909682465743,0.0009334770366642431,NA,NA,NA,NA,NA,27,14,0.9815141389062171
energy_event,14,lih-3.0,structural-magnitude-pruning,HIGH,ALGORITHM_REJECTED,1,NA,NA,-7.797909682465742,0.0009334770366651313,NA,NA,NA,NA,NA,28,14,0.9815141389062171
energy_event,14,lih-3.0,structural-magnitude-pruning,HIGH,ALGORITHM_REJECTED,1,NA,NA,-7.797909682465743,0.0009334770366642431,NA,NA,NA,NA,NA,29,14,0.9815141389062171
energy_event,14,lih-3.0,structural-magnitude-pruning,HIGH,ALGORITHM_REJECTED,1,NA,NA,-7.797909682465742,0.0009334770366651313,NA,NA,NA,NA,NA,30,14,0.9815141389062171
energy_event,14,lih-3.0,structural-magnitude-pruning,HIGH,ALGORITHM_REJECTED,1,NA,NA,-7.797909682465743,0.0009334770366642431,NA,NA,NA,NA,NA,31,14,0.9815141389062171
energy_event,14,lih-3.0,structural-magnitude-pruning,HIGH,ALGORITHM_REJECTED,1,NA,NA,-7.797909682465742,0.0009334770366651313,NA,NA,NA,NA,NA,32,14,0.9815141389062171
energy_event,14,lih-3.0,structural-magnitude-pruning,HIGH,ALGORITHM_REJECTED,1,NA,NA,-7.797909682465743,0.0009334770366642431,NA,NA,NA,NA,NA,33,14,0.9815141389062171
energy_event,14,lih-3.0,structural-magnitude-pruning,HIGH,ALGORITHM_REJECTED,1,NA,NA,-7.797909682465742,0.0009334770366651313,NA,NA,NA,NA,NA,34,14,0.9815141389062171
energy_event,14,lih-3.0,structural-magnitude-pruning,HIGH,ALGORITHM_REJECTED,1,NA,NA,-7.797909682465743,0.0009334770366642431,NA,NA,NA,NA,NA,35,14,0.9815141389062171
energy_event,14,lih-3.0,structural-magnitude-pruning,HIGH,ALGORITHM_REJECTED,1,NA,NA,-7.797909682465742,0.0009334770366651313,NA,NA,NA,NA,NA,36,14,0.9815141389062171
energy_event,14,lih-3.0,structural-magnitude-pruning,HIGH,ALGORITHM_REJECTED,1,NA,NA,-7.797909682465743,0.0009334770366642431,NA,NA,NA,NA,NA,37,14,0.9815141389062171
energy_event,14,lih-3.0,structural-magnitude-pruning,HIGH,ALGORITHM_REJECTED,1,NA,NA,-7.797909682465736,0.0009334770366713485,NA,NA,NA,NA,NA,38,14,0.9815141549610666
energy_event,14,lih-3.0,structural-magnitude-pruning,HIGH,ALGORITHM_REJECTED,1,NA,NA,-7.797909682465737,0.0009334770366704603,NA,NA,NA,NA,NA,39,14,0.9815141469332687
energy_event,14,lih-3.0,structural-magnitude-pruning,HIGH,ALGORITHM_REJECTED,1,NA,NA,-7.797909682465735,0.0009334770366722367,NA,NA,NA,NA,NA,40,14,0.9815141429193698
energy_event,14,lih-3.0,structural-magnitude-pruning,HIGH,ALGORITHM_REJECTED,1,NA,NA,-7.797909682465737,0.0009334770366704603,NA,NA,NA,NA,NA,41,14,0.9815141409124203
energy_event,14,lih-3.0,structural-magnitude-pruning,HIGH,ALGORITHM_REJECTED,1,NA,NA,-7.797909682465739,0.000933477036668684,NA,NA,NA,NA,NA,42,14,0.9815141399089456
energy_event,14,lih-3.0,structural-magnitude-pruning,HIGH,ALGORITHM_REJECTED,1,NA,NA,-7.797909682465737,0.0009334770366704603,NA,NA,NA,NA,NA,43,14,0.9815141394072084
energy_event,14,lih-3.0,structural-magnitude-pruning,HIGH,ALGORITHM_REJECTED,1,NA,NA,-7.7979096824657335,0.000933477036674013,NA,NA,NA,NA,NA,44,14,0.9815141391563398
energy_event,14,lih-3.0,structural-magnitude-pruning,HIGH,ALGORITHM_REJECTED,1,NA,NA,-7.797909682465734,0.0009334770366731249,NA,NA,NA,NA,NA,45,14,0.9815141390309052
energy_event,14,lih-3.0,structural-magnitude-pruning,HIGH,ALGORITHM_REJECTED,1,NA,NA,-7.797909682465738,0.0009334770366695722,NA,NA,NA,NA,NA,46,14,0.9815141389681882
energy_event,14,lih-3.0,structural-magnitude-pruning,HIGH,ALGORITHM_REJECTED,1,NA,NA,-7.797909682465736,0.0009334770366713485,NA,NA,NA,NA,NA,47,14,0.9815141389368296
energy_event,14,lih-3.0,structural-magnitude-pruning,HIGH,ALGORITHM_REJECTED,1,NA,NA,-7.797909682465736,0.0009334770366713485,NA,NA,NA,NA,NA,48,14,0.9815141389211502
energy_event,14,lih-3.0,structural-magnitude-pruning,HIGH,ALGORITHM_REJECTED,1,NA,NA,-7.79790968246574,0.0009334770366677958,NA,NA,NA,NA,NA,49,14,0.9815141389133106
energy_event,15,lih-3.0,v4.1-one-shot-joint-compression,HIGH,ALGORITHM_REJECTED,1,NA,NA,-7.785717346117313,0.013125813385094887,NA,NA,NA,NA,NA,1,11,0.7176729526466763
energy_event,15,lih-3.0,v4.1-one-shot-joint-compression,HIGH,ALGORITHM_REJECTED,1,NA,NA,-7.786616849193942,0.012226310308465216,NA,NA,NA,NA,NA,2,11,0.6468541135133992
energy_event,15,lih-3.0,v4.1-one-shot-joint-compression,HIGH,ALGORITHM_REJECTED,1,NA,NA,-7.787004713818564,0.011838445683843624,NA,NA,NA,NA,NA,3,11,0.6760015453559802
energy_event,15,lih-3.0,v4.1-one-shot-joint-compression,HIGH,ALGORITHM_REJECTED,1,NA,NA,-7.787064379203621,0.011778780298786096,NA,NA,NA,NA,NA,4,11,0.6833482316903201
energy_event,15,lih-3.0,v4.1-one-shot-joint-compression,HIGH,ALGORITHM_REJECTED,1,NA,NA,-7.7870662666737935,0.011776892828613938,NA,NA,NA,NA,NA,5,11,0.6827265558519369
energy_event,15,lih-3.0,v4.1-one-shot-joint-compression,HIGH,ALGORITHM_REJECTED,1,NA,NA,-7.787066508954747,0.011776650547660417,NA,NA,NA,NA,NA,6,11,0.682291160953163
energy_event,15,lih-3.0,v4.1-one-shot-joint-compression,HIGH,ALGORITHM_REJECTED,1,NA,NA,-7.787066510052281,0.011776649450126797,NA,NA,NA,NA,NA,7,11,0.6823026841722828
energy_event,15,lih-3.0,v4.1-one-shot-joint-compression,HIGH,ALGORITHM_REJECTED,1,NA,NA,-7.787066510111016,0.011776649391391558,NA,NA,NA,NA,NA,8,11,0.6822834776882397
energy_event,15,lih-3.0,v4.1-one-shot-joint-compression,HIGH,ALGORITHM_REJECTED,1,NA,NA,-7.787066510113275,0.011776649389132032,NA,NA,NA,NA,NA,9,11,0.6822797190740797
energy_event,15,lih-3.0,v4.1-one-shot-joint-compression,HIGH,ALGORITHM_REJECTED,1,NA,NA,-7.78706651011331,0.011776649389097393,NA,NA,NA,NA,NA,10,11,0.682279541399469
energy_event,15,lih-3.0,v4.1-one-shot-joint-compression,HIGH,ALGORITHM_REJECTED,1,NA,NA,-7.787066510113316,0.011776649389091176,NA,NA,NA,NA,NA,11,11,0.6822795621726575
energy_event,16,lih-3.0,v5-fixed-source-whitelist-no-replenishment,HIGH,COMPLETED,1,NA,NA,-7.797909682465734,0.0009334770366731249,NA,NA,NA,NA,NA,1,14,0.9815141581448948
energy_event,16,lih-3.0,v5-fixed-source-whitelist-no-replenishment,HIGH,COMPLETED,1,NA,NA,-7.797909682465739,0.000933477036668684,NA,NA,NA,NA,NA,2,14,0.9815141666873746
energy_event,16,lih-3.0,v5-fixed-source-whitelist-no-replenishment,HIGH,COMPLETED,1,NA,NA,-7.797909682465735,0.0009334770366722367,NA,NA,NA,NA,NA,3,14,0.9815141955714349
energy_event,16,lih-3.0,v5-fixed-source-whitelist-no-replenishment,HIGH,COMPLETED,1,NA,NA,-7.797909682465735,0.0009334770366722367,NA,NA,NA,NA,NA,4,14,0.9815141677396994
energy_event,16,lih-3.0,v5-fixed-source-whitelist-no-replenishment,HIGH,COMPLETED,1,NA,NA,-7.797909682465734,0.0009334770366731249,NA,NA,NA,NA,NA,5,14,0.9815141666890344
energy_event,16,lih-3.0,v5-fixed-source-whitelist-no-replenishment,HIGH,COMPLETED,1,NA,NA,-7.797909682465739,0.000933477036668684,NA,NA,NA,NA,NA,6,14,0.9815141666873746
energy_event,16,lih-3.0,v5-fixed-source-whitelist-no-replenishment,HIGH,COMPLETED,1,NA,NA,-7.797909682465734,0.0009334770366731249,NA,NA,NA,NA,NA,7,14,0.98151416668847
energy_event,16,lih-3.0,v5-fixed-source-whitelist-no-replenishment,HIGH,COMPLETED,1,NA,NA,-7.797909682465739,0.000933477036668684,NA,NA,NA,NA,NA,8,14,0.9815141666873746
energy_event,16,lih-3.0,v5-fixed-source-whitelist-no-replenishment,HIGH,COMPLETED,1,NA,NA,-7.797909682465739,0.000933477036668684,NA,NA,NA,NA,NA,9,14,0.9815141666873746
energy_event,16,lih-3.0,v5-fixed-source-whitelist-no-replenishment,HIGH,COMPLETED,1,NA,NA,-7.797909682465733,0.0009334770366749012,NA,NA,NA,NA,NA,10,14,0.9815141666879222
energy_event,16,lih-3.0,v5-fixed-source-whitelist-no-replenishment,HIGH,COMPLETED,1,NA,NA,-7.797909682465739,0.000933477036668684,NA,NA,NA,NA,NA,11,14,0.9815141666873746
energy_event,16,lih-3.0,v5-fixed-source-whitelist-no-replenishment,HIGH,COMPLETED,1,NA,NA,-7.797909682465735,0.0009334770366722367,NA,NA,NA,NA,NA,12,14,0.9815141666876485
energy_event,16,lih-3.0,v5-fixed-source-whitelist-no-replenishment,HIGH,COMPLETED,1,NA,NA,-7.797909682465739,0.000933477036668684,NA,NA,NA,NA,NA,13,14,0.9815141666873746
energy_event,16,lih-3.0,v5-fixed-source-whitelist-no-replenishment,HIGH,COMPLETED,1,NA,NA,-7.797909682465739,0.000933477036668684,NA,NA,NA,NA,NA,14,14,0.9815141666873746
energy_event,16,lih-3.0,v5-fixed-source-whitelist-no-replenishment,HIGH,COMPLETED,1,NA,NA,-7.7979096824657415,0.0009334770366660194,NA,NA,NA,NA,NA,15,14,0.9815141666875115
energy_event,16,lih-3.0,v5-fixed-source-whitelist-no-replenishment,HIGH,COMPLETED,1,NA,NA,-7.7979096824657415,0.0009334770366660194,NA,NA,NA,NA,NA,16,14,0.9815141666875115
energy_event,16,lih-3.0,v5-fixed-source-whitelist-no-replenishment,HIGH,COMPLETED,1,NA,NA,-7.797909682465735,0.0009334770366722367,NA,NA,NA,NA,NA,17,14,0.98151416668758
energy_event,16,lih-3.0,v5-fixed-source-whitelist-no-replenishment,HIGH,COMPLETED,1,NA,NA,-7.7979096824657415,0.0009334770366660194,NA,NA,NA,NA,NA,18,14,0.9815141666875115
energy_event,16,lih-3.0,v5-fixed-source-whitelist-no-replenishment,HIGH,COMPLETED,1,NA,NA,-7.797909682465734,0.0009334770366731249,NA,NA,NA,NA,NA,19,14,0.9815141666875459
energy_event,16,lih-3.0,v5-fixed-source-whitelist-no-replenishment,HIGH,COMPLETED,1,NA,NA,-7.7979096824657415,0.0009334770366660194,NA,NA,NA,NA,NA,20,14,0.9815141666875115
energy_event,16,lih-3.0,v5-fixed-source-whitelist-no-replenishment,HIGH,COMPLETED,1,NA,NA,-7.797909682465738,0.0009334770366695722,NA,NA,NA,NA,NA,21,14,0.9815141666875287
energy_event,16,lih-3.0,v5-fixed-source-whitelist-no-replenishment,HIGH,COMPLETED,1,NA,NA,-7.7979096824657415,0.0009334770366660194,NA,NA,NA,NA,NA,22,14,0.9815141666875115
energy_event,16,lih-3.0,v5-fixed-source-whitelist-no-replenishment,HIGH,COMPLETED,1,NA,NA,-7.797909682465734,0.0009334770366731249,NA,NA,NA,NA,NA,23,14,0.98151416668752
energy_event,16,lih-3.0,v5-fixed-source-whitelist-no-replenishment,HIGH,COMPLETED,1,NA,NA,-7.7979096824657415,0.0009334770366660194,NA,NA,NA,NA,NA,24,14,0.9815141666875115
energy_event,16,lih-3.0,v5-fixed-source-whitelist-no-replenishment,HIGH,COMPLETED,1,NA,NA,-7.797909682465734,0.0009334770366731249,NA,NA,NA,NA,NA,25,14,0.9815141666875158
energy_event,16,lih-3.0,v5-fixed-source-whitelist-no-replenishment,HIGH,COMPLETED,1,NA,NA,-7.7979096824657415,0.0009334770366660194,NA,NA,NA,NA,NA,26,14,0.9815141666875115
energy_event,16,lih-3.0,v5-fixed-source-whitelist-no-replenishment,HIGH,COMPLETED,1,NA,NA,-7.797909682465738,0.0009334770366695722,NA,NA,NA,NA,NA,27,14,0.9815141666875137
energy_event,16,lih-3.0,v5-fixed-source-whitelist-no-replenishment,HIGH,COMPLETED,1,NA,NA,-7.7979096824657415,0.0009334770366660194,NA,NA,NA,NA,NA,28,14,0.9815141666875115
energy_event,16,lih-3.0,v5-fixed-source-whitelist-no-replenishment,HIGH,COMPLETED,1,NA,NA,-7.797909682465741,0.0009334770366669076,NA,NA,NA,NA,NA,29,14,0.9815141666875126
energy_event,16,lih-3.0,v5-fixed-source-whitelist-no-replenishment,HIGH,COMPLETED,1,NA,NA,-7.7979096824657415,0.0009334770366660194,NA,NA,NA,NA,NA,30,14,0.9815141666875115
energy_event,16,lih-3.0,v5-fixed-source-whitelist-no-replenishment,HIGH,COMPLETED,1,NA,NA,-7.7979096824657415,0.0009334770366660194,NA,NA,NA,NA,NA,31,14,0.981514166687512
energy_event,16,lih-3.0,v5-fixed-source-whitelist-no-replenishment,HIGH,COMPLETED,1,NA,NA,-7.7979096824657415,0.0009334770366660194,NA,NA,NA,NA,NA,32,14,0.9815141666875123
energy_event,16,lih-3.0,v5-fixed-source-whitelist-no-replenishment,HIGH,COMPLETED,1,NA,NA,-7.797909682465741,0.0009334770366669076,NA,NA,NA,NA,NA,33,14,0.9815141666875126
energy_event,16,lih-3.0,v5-fixed-source-whitelist-no-replenishment,HIGH,COMPLETED,1,NA,NA,-7.7979096824657415,0.0009334770366660194,NA,NA,NA,NA,NA,34,14,0.9815141666875123
energy_event,16,lih-3.0,v5-fixed-source-whitelist-no-replenishment,HIGH,COMPLETED,1,NA,NA,-7.7979096824657415,0.0009334770366660194,NA,NA,NA,NA,NA,35,14,0.9815141666875125
energy_event,16,lih-3.0,v5-fixed-source-whitelist-no-replenishment,HIGH,COMPLETED,1,NA,NA,-7.7979096824657415,0.0009334770366660194,NA,NA,NA,NA,NA,36,14,0.9815141666875125
energy_event,16,lih-3.0,v5-fixed-source-whitelist-no-replenishment,HIGH,COMPLETED,1,NA,NA,-7.797909682465741,0.0009334770366669076,NA,NA,NA,NA,NA,37,14,0.9815141666875126
energy_event,16,lih-3.0,v5-fixed-source-whitelist-no-replenishment,HIGH,COMPLETED,1,NA,NA,-7.7979096824657415,0.0009334770366660194,NA,NA,NA,NA,NA,38,14,0.9815141666875125
energy_event,16,lih-3.0,v5-fixed-source-whitelist-no-replenishment,HIGH,COMPLETED,1,NA,NA,-7.797909682465742,0.0009334770366651313,NA,NA,NA,NA,NA,39,14,0.9815141666875125
energy_event,16,lih-3.0,v5-fixed-source-whitelist-no-replenishment,HIGH,COMPLETED,1,NA,NA,-7.797909682465741,0.0009334770366669076,NA,NA,NA,NA,NA,40,14,0.9815141666875126
energy_event,16,lih-3.0,v5-fixed-source-whitelist-no-replenishment,HIGH,COMPLETED,1,NA,NA,-7.797909682465742,0.0009334770366651313,NA,NA,NA,NA,NA,41,14,0.9815141666875125
energy_event,16,lih-3.0,v5-fixed-source-whitelist-no-replenishment,HIGH,COMPLETED,1,NA,NA,-7.797909682465742,0.0009334770366651313,NA,NA,NA,NA,NA,42,14,0.9815141666875125
energy_event,16,lih-3.0,v5-fixed-source-whitelist-no-replenishment,HIGH,COMPLETED,1,NA,NA,-7.797909682465741,0.0009334770366669076,NA,NA,NA,NA,NA,43,14,0.9815141666875126
energy_event,16,lih-3.0,v5-fixed-source-whitelist-no-replenishment,HIGH,COMPLETED,1,NA,NA,-7.797909682465742,0.0009334770366651313,NA,NA,NA,NA,NA,44,14,0.9815141666875125
energy_event,16,lih-3.0,v5-fixed-source-whitelist-no-replenishment,HIGH,COMPLETED,1,NA,NA,-7.797909682465735,0.0009334770366722367,NA,NA,NA,NA,NA,45,14,0.9815141955714349
energy_event,16,lih-3.0,v5-fixed-source-whitelist-no-replenishment,HIGH,COMPLETED,1,NA,NA,-7.797909682465738,0.0009334770366695722,NA,NA,NA,NA,NA,46,14,0.9815141696838814
energy_event,16,lih-3.0,v5-fixed-source-whitelist-no-replenishment,HIGH,COMPLETED,1,NA,NA,-7.79790968246574,0.0009334770366677958,NA,NA,NA,NA,NA,47,14,0.981514168185628
energy_event,16,lih-3.0,v5-fixed-source-whitelist-no-replenishment,HIGH,COMPLETED,1,NA,NA,-7.797909682465735,0.0009334770366722367,NA,NA,NA,NA,NA,48,14,0.9815141689347546
energy_event,16,lih-3.0,v5-fixed-source-whitelist-no-replenishment,HIGH,COMPLETED,1,NA,NA,-7.79790968246574,0.0009334770366677958,NA,NA,NA,NA,NA,49,14,0.9815141685601912
energy_event,16,lih-3.0,v5-fixed-source-whitelist-no-replenishment,HIGH,COMPLETED,1,NA,NA,-7.797909682465738,0.0009334770366695722,NA,NA,NA,NA,NA,50,14,0.9815141684346682
energy_event,16,lih-3.0,v5-fixed-source-whitelist-no-replenishment,HIGH,COMPLETED,1,NA,NA,-7.797909682465739,0.000933477036668684,NA,NA,NA,NA,NA,51,14,0.9815141683101481
energy_event,16,lih-3.0,v5-fixed-source-whitelist-no-replenishment,HIGH,COMPLETED,1,NA,NA,-7.797909682465734,0.0009334770366731249,NA,NA,NA,NA,NA,52,14,0.981514168247888
energy_event,16,lih-3.0,v5-fixed-source-whitelist-no-replenishment,HIGH,COMPLETED,1,NA,NA,-7.797909682465736,0.0009334770366713485,NA,NA,NA,NA,NA,53,14,0.981514168216758
energy_event,16,lih-3.0,v5-fixed-source-whitelist-no-replenishment,HIGH,COMPLETED,1,NA,NA,-7.797909682465737,0.0009334770366704603,NA,NA,NA,NA,NA,54,14,0.9815141682011929
energy_event,16,lih-3.0,v5-fixed-source-whitelist-no-replenishment,HIGH,COMPLETED,1,NA,NA,-7.797909682465738,0.0009334770366695722,NA,NA,NA,NA,NA,55,14,0.9815141681934105
energy_event,16,lih-3.0,v5-fixed-source-whitelist-no-replenishment,HIGH,COMPLETED,1,NA,NA,-7.79790968246574,0.0009334770366677958,NA,NA,NA,NA,NA,56,14,0.9815141681895192
energy_event,16,lih-3.0,v5-fixed-source-whitelist-no-replenishment,HIGH,COMPLETED,2,NA,NA,-7.797909674202845,0.0009334852995621645,NA,NA,NA,NA,NA,57,14,0.9815190787625468
energy_event,16,lih-3.0,v5-fixed-source-whitelist-no-replenishment,HIGH,COMPLETED,2,NA,NA,-7.797909682451313,0.0009334770510944779,NA,NA,NA,NA,NA,58,14,0.981511812195925
energy_event,16,lih-3.0,v5-fixed-source-whitelist-no-replenishment,HIGH,COMPLETED,2,NA,NA,-7.797909682455922,0.00093347704648572,NA,NA,NA,NA,NA,59,14,0.9815128740363881
energy_event,16,lih-3.0,v5-fixed-source-whitelist-no-replenishment,HIGH,COMPLETED,2,NA,NA,-7.79790968245605,0.0009334770463578224,NA,NA,NA,NA,NA,60,14,0.9815126955935877
energy_event,16,lih-3.0,v5-fixed-source-whitelist-no-replenishment,HIGH,COMPLETED,3,NA,NA,-7.797909682452256,0.0009334770501512324,NA,NA,NA,NA,NA,61,13,0.9815127094569714
energy_event,16,lih-3.0,v5-fixed-source-whitelist-no-replenishment,HIGH,COMPLETED,3,NA,NA,-7.797909682452248,0.000933477050159226,NA,NA,NA,NA,NA,62,13,0.9815127270320468
energy_event,16,lih-3.0,v5-fixed-source-whitelist-no-replenishment,HIGH,COMPLETED,3,NA,NA,-7.797909682452252,0.0009334770501556733,NA,NA,NA,NA,NA,63,13,0.981512710160531
energy_event,16,lih-3.0,v5-fixed-source-whitelist-no-replenishment,HIGH,COMPLETED,3,NA,NA,-7.797909682452247,0.0009334770501601142,NA,NA,NA,NA,NA,64,13,0.9815127094593037
energy_event,16,lih-3.0,v5-fixed-source-whitelist-no-replenishment,HIGH,COMPLETED,3,NA,NA,-7.7979096824522545,0.0009334770501530087,NA,NA,NA,NA,NA,65,13,0.9815127094569714
energy_event,16,lih-3.0,v5-fixed-source-whitelist-no-replenishment,HIGH,COMPLETED,3,NA,NA,-7.797909682452256,0.0009334770501512324,NA,NA,NA,NA,NA,66,13,0.9815127094569714
energy_event,16,lih-3.0,v5-fixed-source-whitelist-no-replenishment,HIGH,COMPLETED,3,NA,NA,-7.7979096824522545,0.0009334770501530087,NA,NA,NA,NA,NA,67,13,0.9815127094569714
energy_event,16,lih-3.0,v5-fixed-source-whitelist-no-replenishment,HIGH,COMPLETED,3,NA,NA,-7.797909682452256,0.0009334770501512324,NA,NA,NA,NA,NA,68,13,0.9815127094569714
energy_event,16,lih-3.0,v5-fixed-source-whitelist-no-replenishment,HIGH,COMPLETED,3,NA,NA,-7.797909682452256,0.0009334770501512324,NA,NA,NA,NA,NA,69,13,0.9815127094569714
energy_event,16,lih-3.0,v5-fixed-source-whitelist-no-replenishment,HIGH,COMPLETED,3,NA,NA,-7.797909682452256,0.0009334770501512324,NA,NA,NA,NA,NA,70,13,0.9815127094569714
energy_event,16,lih-3.0,v5-fixed-source-whitelist-no-replenishment,HIGH,COMPLETED,3,NA,NA,-7.797909682452256,0.0009334770501512324,NA,NA,NA,NA,NA,71,13,0.9815127094569714
energy_event,16,lih-3.0,v5-fixed-source-whitelist-no-replenishment,HIGH,COMPLETED,3,NA,NA,-7.7979096824522545,0.0009334770501530087,NA,NA,NA,NA,NA,72,13,0.9815127094569714
energy_event,16,lih-3.0,v5-fixed-source-whitelist-no-replenishment,HIGH,COMPLETED,3,NA,NA,-7.797909682452256,0.0009334770501512324,NA,NA,NA,NA,NA,73,13,0.9815127094569714
energy_event,16,lih-3.0,v5-fixed-source-whitelist-no-replenishment,HIGH,COMPLETED,3,NA,NA,-7.7979096824522545,0.0009334770501530087,NA,NA,NA,NA,NA,74,13,0.9815127094569714
energy_event,16,lih-3.0,v5-fixed-source-whitelist-no-replenishment,HIGH,COMPLETED,3,NA,NA,-7.797909682452256,0.0009334770501512324,NA,NA,NA,NA,NA,75,13,0.9815127094569714
energy_event,16,lih-3.0,v5-fixed-source-whitelist-no-replenishment,HIGH,COMPLETED,3,NA,NA,-7.7979096824522545,0.0009334770501530087,NA,NA,NA,NA,NA,76,13,0.9815127094569714
energy_event,16,lih-3.0,v5-fixed-source-whitelist-no-replenishment,HIGH,COMPLETED,3,NA,NA,-7.797909682452256,0.0009334770501512324,NA,NA,NA,NA,NA,77,13,0.9815127094569714
energy_event,16,lih-3.0,v5-fixed-source-whitelist-no-replenishment,HIGH,COMPLETED,3,NA,NA,-7.7979096824522545,0.0009334770501530087,NA,NA,NA,NA,NA,78,13,0.9815127094569714
energy_event,16,lih-3.0,v5-fixed-source-whitelist-no-replenishment,HIGH,COMPLETED,3,NA,NA,-7.797909682452256,0.0009334770501512324,NA,NA,NA,NA,NA,79,13,0.9815127094569714
energy_event,16,lih-3.0,v5-fixed-source-whitelist-no-replenishment,HIGH,COMPLETED,3,NA,NA,-7.797909682452248,0.000933477050159226,NA,NA,NA,NA,NA,80,13,0.9815127270320468
energy_event,16,lih-3.0,v5-fixed-source-whitelist-no-replenishment,HIGH,COMPLETED,3,NA,NA,-7.797909682452254,0.0009334770501538969,NA,NA,NA,NA,NA,81,13,0.9815127113824856
energy_event,16,lih-3.0,v5-fixed-source-whitelist-no-replenishment,HIGH,COMPLETED,3,NA,NA,-7.797909682452248,0.000933477050159226,NA,NA,NA,NA,NA,82,13,0.9815127104197285
energy_event,16,lih-3.0,v5-fixed-source-whitelist-no-replenishment,HIGH,COMPLETED,3,NA,NA,-7.797909682452249,0.0009334770501583378,NA,NA,NA,NA,NA,83,13,0.98151270993835
energy_event,16,lih-3.0,v5-fixed-source-whitelist-no-replenishment,HIGH,COMPLETED,3,NA,NA,-7.797909682452255,0.0009334770501521206,NA,NA,NA,NA,NA,84,13,0.9815127096976608
energy_event,16,lih-3.0,v5-fixed-source-whitelist-no-replenishment,HIGH,COMPLETED,3,NA,NA,-7.797909682452246,0.0009334770501618905,NA,NA,NA,NA,NA,85,13,0.9815127095773162
energy_event,16,lih-3.0,v5-fixed-source-whitelist-no-replenishment,HIGH,COMPLETED,3,NA,NA,-7.797909682452255,0.0009334770501521206,NA,NA,NA,NA,NA,86,13,0.9815127095171439
energy_event,16,lih-3.0,v5-fixed-source-whitelist-no-replenishment,HIGH,COMPLETED,3,NA,NA,-7.797909682452255,0.0009334770501521206,NA,NA,NA,NA,NA,87,13,0.9815127094770719
energy_event,16,lih-3.0,v5-fixed-source-whitelist-no-replenishment,HIGH,COMPLETED,3,NA,NA,-7.797909682452254,0.0009334770501538969,NA,NA,NA,NA,NA,88,13,0.9815127094670216
energy_event,16,lih-3.0,v5-fixed-source-whitelist-no-replenishment,HIGH,COMPLETED,3,NA,NA,-7.797909682452256,0.0009334770501512324,NA,NA,NA,NA,NA,89,13,0.9815127094619966
energy_event,16,lih-3.0,v5-fixed-source-whitelist-no-replenishment,HIGH,COMPLETED,3,NA,NA,-7.797909682452248,0.000933477050159226,NA,NA,NA,NA,NA,90,13,0.9815127094603208
energy_event,16,lih-3.0,v5-fixed-source-whitelist-no-replenishment,HIGH,COMPLETED,3,NA,NA,-7.797909682452251,0.0009334770501565615,NA,NA,NA,NA,NA,91,13,0.9815127094586461
energy_event,16,lih-3.0,v5-fixed-source-whitelist-no-replenishment,HIGH,COMPLETED,4,NA,NA,-7.797904004695586,0.0009391548068213851,NA,NA,NA,NA,NA,92,13,0.9813593199143058
energy_event,16,lih-3.0,v5-fixed-source-whitelist-no-replenishment,HIGH,COMPLETED,4,NA,NA,-7.797904013272985,0.0009391462294221498,NA,NA,NA,NA,NA,93,13,0.981430336148482
energy_event,16,lih-3.0,v5-fixed-source-whitelist-no-replenishment,HIGH,COMPLETED,4,NA,NA,-7.797904013347396,0.0009391461550114499,NA,NA,NA,NA,NA,94,13,0.9814226920359737
energy_event,16,lih-3.0,v5-fixed-source-whitelist-no-replenishment,HIGH,COMPLETED,4,NA,NA,-7.7979040133475275,0.0009391461548799995,NA,NA,NA,NA,NA,95,13,0.9814224504824889
energy_event,16,lih-3.0,v5-fixed-source-whitelist-no-replenishment,HIGH,COMPLETED,4,NA,NA,-7.797904013347532,0.0009391461548755586,NA,NA,NA,NA,NA,96,13,0.9814224084655039
energy_event,16,lih-3.0,v5-fixed-source-whitelist-no-replenishment,HIGH,COMPLETED,5,NA,NA,-7.79790401334385,0.0009391461585570582,NA,NA,NA,NA,NA,97,12,0.9814224226699032
energy_event,16,lih-3.0,v5-fixed-source-whitelist-no-replenishment,HIGH,COMPLETED,5,NA,NA,-7.797904013343847,0.0009391461585606109,NA,NA,NA,NA,NA,98,12,0.9814224377339785
energy_event,16,lih-3.0,v5-fixed-source-whitelist-no-replenishment,HIGH,COMPLETED,5,NA,NA,-7.797904013343847,0.0009391461585606109,NA,NA,NA,NA,NA,99,12,0.9814224233990618
energy_event,16,lih-3.0,v5-fixed-source-whitelist-no-replenishment,HIGH,COMPLETED,5,NA,NA,-7.7979040133438495,0.0009391461585579464,NA,NA,NA,NA,NA,100,12,0.9814224226719735
energy_event,16,lih-3.0,v5-fixed-source-whitelist-no-replenishment,HIGH,COMPLETED,5,NA,NA,-7.797904013343846,0.0009391461585614991,NA,NA,NA,NA,NA,101,12,0.9814224226699033
energy_event,16,lih-3.0,v5-fixed-source-whitelist-no-replenishment,HIGH,COMPLETED,5,NA,NA,-7.79790401334385,0.0009391461585570582,NA,NA,NA,NA,NA,102,12,0.9814224226699032
energy_event,16,lih-3.0,v5-fixed-source-whitelist-no-replenishment,HIGH,COMPLETED,5,NA,NA,-7.797904013343848,0.0009391461585597227,NA,NA,NA,NA,NA,103,12,0.9814224226699032
energy_event,16,lih-3.0,v5-fixed-source-whitelist-no-replenishment,HIGH,COMPLETED,5,NA,NA,-7.79790401334385,0.0009391461585570582,NA,NA,NA,NA,NA,104,12,0.9814224226699032
energy_event,16,lih-3.0,v5-fixed-source-whitelist-no-replenishment,HIGH,COMPLETED,5,NA,NA,-7.797904013343848,0.0009391461585597227,NA,NA,NA,NA,NA,105,12,0.9814224226699033
energy_event,16,lih-3.0,v5-fixed-source-whitelist-no-replenishment,HIGH,COMPLETED,5,NA,NA,-7.79790401334385,0.0009391461585570582,NA,NA,NA,NA,NA,106,12,0.9814224226699032
energy_event,16,lih-3.0,v5-fixed-source-whitelist-no-replenishment,HIGH,COMPLETED,5,NA,NA,-7.797904013343848,0.0009391461585597227,NA,NA,NA,NA,NA,107,12,0.9814224226699033
energy_event,16,lih-3.0,v5-fixed-source-whitelist-no-replenishment,HIGH,COMPLETED,5,NA,NA,-7.79790401334385,0.0009391461585570582,NA,NA,NA,NA,NA,108,12,0.9814224226699032
energy_event,16,lih-3.0,v5-fixed-source-whitelist-no-replenishment,HIGH,COMPLETED,5,NA,NA,-7.79790401334385,0.0009391461585570582,NA,NA,NA,NA,NA,109,12,0.9814224226699032
energy_event,16,lih-3.0,v5-fixed-source-whitelist-no-replenishment,HIGH,COMPLETED,5,NA,NA,-7.79790401334385,0.0009391461585570582,NA,NA,NA,NA,NA,110,12,0.9814224226699032
energy_event,16,lih-3.0,v5-fixed-source-whitelist-no-replenishment,HIGH,COMPLETED,5,NA,NA,-7.797904013343848,0.0009391461585597227,NA,NA,NA,NA,NA,111,12,0.9814224226699033
energy_event,16,lih-3.0,v5-fixed-source-whitelist-no-replenishment,HIGH,COMPLETED,5,NA,NA,-7.79790401334385,0.0009391461585570582,NA,NA,NA,NA,NA,112,12,0.9814224226699032
energy_event,16,lih-3.0,v5-fixed-source-whitelist-no-replenishment,HIGH,COMPLETED,5,NA,NA,-7.797904013343848,0.0009391461585597227,NA,NA,NA,NA,NA,113,12,0.9814224226699033
energy_event,16,lih-3.0,v5-fixed-source-whitelist-no-replenishment,HIGH,COMPLETED,5,NA,NA,-7.79790401334385,0.0009391461585570582,NA,NA,NA,NA,NA,114,12,0.9814224226699032
energy_event,16,lih-3.0,v5-fixed-source-whitelist-no-replenishment,HIGH,COMPLETED,5,NA,NA,-7.797904013343848,0.0009391461585597227,NA,NA,NA,NA,NA,115,12,0.9814224226699033
energy_event,16,lih-3.0,v5-fixed-source-whitelist-no-replenishment,HIGH,COMPLETED,5,NA,NA,-7.79790401334385,0.0009391461585570582,NA,NA,NA,NA,NA,116,12,0.9814224226699032
energy_event,16,lih-3.0,v5-fixed-source-whitelist-no-replenishment,HIGH,COMPLETED,5,NA,NA,-7.797904013343847,0.0009391461585606109,NA,NA,NA,NA,NA,117,12,0.9814224377339785
energy_event,16,lih-3.0,v5-fixed-source-whitelist-no-replenishment,HIGH,COMPLETED,5,NA,NA,-7.797904013343853,0.0009391461585543937,NA,NA,NA,NA,NA,118,12,0.9814224246511973
energy_event,16,lih-3.0,v5-fixed-source-whitelist-no-replenishment,HIGH,COMPLETED,5,NA,NA,-7.79790401334385,0.0009391461585570582,NA,NA,NA,NA,NA,119,12,0.9814224311925877
energy_event,16,lih-3.0,v5-fixed-source-whitelist-no-replenishment,HIGH,COMPLETED,5,NA,NA,-7.797904013343846,0.0009391461585614991,NA,NA,NA,NA,NA,120,12,0.9814224279218925
energy_event,16,lih-3.0,v5-fixed-source-whitelist-no-replenishment,HIGH,COMPLETED,5,NA,NA,-7.797904013343851,0.00093914615855617,NA,NA,NA,NA,NA,121,12,0.9814224262865449
energy_event,16,lih-3.0,v5-fixed-source-whitelist-no-replenishment,HIGH,COMPLETED,5,NA,NA,-7.797904013343851,0.00093914615855617,NA,NA,NA,NA,NA,122,12,0.9814224254688712
energy_event,16,lih-3.0,v5-fixed-source-whitelist-no-replenishment,HIGH,COMPLETED,5,NA,NA,-7.797904013343851,0.00093914615855617,NA,NA,NA,NA,NA,123,12,0.9814224250600342
energy_event,16,lih-3.0,v5-fixed-source-whitelist-no-replenishment,HIGH,COMPLETED,5,NA,NA,-7.797904013343847,0.0009391461585606109,NA,NA,NA,NA,NA,124,12,0.9814224248556158
energy_event,16,lih-3.0,v5-fixed-source-whitelist-no-replenishment,HIGH,COMPLETED,5,NA,NA,-7.797904013343851,0.00093914615855617,NA,NA,NA,NA,NA,125,12,0.9814224247534066
energy_event,16,lih-3.0,v5-fixed-source-whitelist-no-replenishment,HIGH,COMPLETED,5,NA,NA,-7.797904013343847,0.0009391461585606109,NA,NA,NA,NA,NA,126,12,0.9814224247023019
energy_event,16,lih-3.0,v5-fixed-source-whitelist-no-replenishment,HIGH,COMPLETED,5,NA,NA,-7.797904013343849,0.0009391461585588345,NA,NA,NA,NA,NA,127,12,0.9814224246767496
energy_event,16,lih-3.0,v5-fixed-source-whitelist-no-replenishment,HIGH,COMPLETED,5,NA,NA,-7.797904013343848,0.0009391461585597227,NA,NA,NA,NA,NA,128,12,0.9814224246639736
energy_event,16,lih-3.0,v5-fixed-source-whitelist-no-replenishment,HIGH,COMPLETED,6,NA,NA,-7.797895034393399,0.0009481251090086573,NA,NA,NA,NA,NA,129,12,0.9810356583634645
energy_event,16,lih-3.0,v5-fixed-source-whitelist-no-replenishment,HIGH,COMPLETED,6,NA,NA,-7.797895038298386,0.0009481212040212128,NA,NA,NA,NA,NA,130,12,0.9811145481359312
energy_event,16,lih-3.0,v5-fixed-source-whitelist-no-replenishment,HIGH,COMPLETED,6,NA,NA,-7.797895038304598,0.0009481211978092929,NA,NA,NA,NA,NA,131,12,0.9811143285820333
energy_event,16,lih-3.0,v5-fixed-source-whitelist-no-replenishment,HIGH,COMPLETED,6,NA,NA,-7.797895038304637,0.0009481211977702131,NA,NA,NA,NA,NA,132,12,0.9811142360710743
energy_event,16,lih-3.0,v5-fixed-source-whitelist-no-replenishment,HIGH,COMPLETED,6,NA,NA,-7.7978950383046355,0.0009481211977719894,NA,NA,NA,NA,NA,133,12,0.9811142320446343
energy_event,16,lih-3.0,v5-fixed-source-whitelist-no-replenishment,HIGH,COMPLETED,6,NA,NA,-7.797895038304638,0.0009481211977693249,NA,NA,NA,NA,NA,134,12,0.9811142359077839
energy_event,16,lih-3.0,v5-fixed-source-whitelist-no-replenishment,HIGH,COMPLETED,6,NA,NA,-7.797895038304637,0.0009481211977702131,NA,NA,NA,NA,NA,135,12,0.981114235907176
energy_event,16,lih-3.0,v5-fixed-source-whitelist-no-replenishment,HIGH,COMPLETED,6,NA,NA,-7.797895038304638,0.0009481211977693249,NA,NA,NA,NA,NA,136,12,0.9811142359077839
energy_event,16,lih-3.0,v5-fixed-source-whitelist-no-replenishment,HIGH,COMPLETED,6,NA,NA,-7.797895038304638,0.0009481211977693249,NA,NA,NA,NA,NA,137,12,0.9811142359073827
energy_event,16,lih-3.0,v5-fixed-source-whitelist-no-replenishment,HIGH,COMPLETED,6,NA,NA,-7.79789503830464,0.0009481211977675486,NA,NA,NA,NA,NA,138,12,0.9811142359072463
energy_event,16,lih-3.0,v5-fixed-source-whitelist-no-replenishment,HIGH,COMPLETED,6,NA,NA,-7.797895038304639,0.0009481211977684367,NA,NA,NA,NA,NA,139,12,0.9811142359072463
energy_event,16,lih-3.0,v5-fixed-source-whitelist-no-replenishment,HIGH,COMPLETED,6,NA,NA,-7.79789503830464,0.0009481211977675486,NA,NA,NA,NA,NA,140,12,0.9811142359072463
energy_event,16,lih-3.0,v5-fixed-source-whitelist-no-replenishment,HIGH,COMPLETED,6,NA,NA,-7.7978950383046355,0.0009481211977719894,NA,NA,NA,NA,NA,141,12,0.9811142320446343
energy_event,16,lih-3.0,v5-fixed-source-whitelist-no-replenishment,HIGH,COMPLETED,6,NA,NA,-7.797895038304638,0.0009481211977693249,NA,NA,NA,NA,NA,142,12,0.9811142356304068
energy_event,16,lih-3.0,v5-fixed-source-whitelist-no-replenishment,HIGH,COMPLETED,6,NA,NA,-7.797895038304631,0.0009481211977764303,NA,NA,NA,NA,NA,143,12,0.9811142338375204
energy_event,16,lih-3.0,v5-fixed-source-whitelist-no-replenishment,HIGH,COMPLETED,6,NA,NA,-7.797895038304634,0.0009481211977737658,NA,NA,NA,NA,NA,144,12,0.9811142347339635
energy_event,16,lih-3.0,v5-fixed-source-whitelist-no-replenishment,HIGH,COMPLETED,6,NA,NA,-7.797895038304635,0.0009481211977728776,NA,NA,NA,NA,NA,145,12,0.9811142351821852
energy_event,16,lih-3.0,v5-fixed-source-whitelist-no-replenishment,HIGH,COMPLETED,6,NA,NA,-7.797895038304638,0.0009481211977693249,NA,NA,NA,NA,NA,146,12,0.9811142354062959
energy_event,16,lih-3.0,v5-fixed-source-whitelist-no-replenishment,HIGH,COMPLETED,6,NA,NA,-7.797895038304638,0.0009481211977693249,NA,NA,NA,NA,NA,147,12,0.9811142354820458
energy_event,16,lih-3.0,v5-fixed-source-whitelist-no-replenishment,HIGH,COMPLETED,6,NA,NA,-7.797895038304631,0.0009481211977764303,NA,NA,NA,NA,NA,148,12,0.9811142355720668
energy_event,16,lih-3.0,v5-fixed-source-whitelist-no-replenishment,HIGH,COMPLETED,6,NA,NA,-7.7978950383046355,0.0009481211977719894,NA,NA,NA,NA,NA,149,12,0.9811142356012367
energy_event,16,lih-3.0,v5-fixed-source-whitelist-no-replenishment,HIGH,COMPLETED,6,NA,NA,-7.797895038304639,0.0009481211977684367,NA,NA,NA,NA,NA,150,12,0.9811142356158217
energy_event,16,lih-3.0,v5-fixed-source-whitelist-no-replenishment,HIGH,COMPLETED,6,NA,NA,-7.797895038304643,0.000948121197764884,NA,NA,NA,NA,NA,151,12,0.9811142356085293
energy_event,16,lih-3.0,v5-fixed-source-whitelist-no-replenishment,HIGH,COMPLETED,6,NA,NA,-7.797895038304637,0.0009481211977702131,NA,NA,NA,NA,NA,152,12,0.9811142370768765
energy_event,16,lih-3.0,v5-fixed-source-whitelist-no-replenishment,HIGH,COMPLETED,6,NA,NA,-7.797895038304637,0.0009481211977702131,NA,NA,NA,NA,NA,153,12,0.9811142356306327
energy_event,16,lih-3.0,v5-fixed-source-whitelist-no-replenishment,HIGH,COMPLETED,6,NA,NA,-7.79789503830464,0.0009481211977675486,NA,NA,NA,NA,NA,154,12,0.9811142356085345
energy_event,16,lih-3.0,v5-fixed-source-whitelist-no-replenishment,HIGH,COMPLETED,6,NA,NA,-7.797895038304643,0.000948121197764884,NA,NA,NA,NA,NA,155,12,0.9811142356085293
energy_event,16,lih-3.0,v5-fixed-source-whitelist-no-replenishment,HIGH,COMPLETED,6,NA,NA,-7.797895038304642,0.0009481211977657722,NA,NA,NA,NA,NA,156,12,0.9811142356085318
energy_event,16,lih-3.0,v5-fixed-source-whitelist-no-replenishment,HIGH,COMPLETED,6,NA,NA,-7.797895038304643,0.000948121197764884,NA,NA,NA,NA,NA,157,12,0.9811142356085293
energy_event,16,lih-3.0,v5-fixed-source-whitelist-no-replenishment,HIGH,COMPLETED,6,NA,NA,-7.79789503830464,0.0009481211977675486,NA,NA,NA,NA,NA,158,12,0.9811142356085311
energy_event,16,lih-3.0,v5-fixed-source-whitelist-no-replenishment,HIGH,COMPLETED,6,NA,NA,-7.797895038304643,0.000948121197764884,NA,NA,NA,NA,NA,159,12,0.9811142356085293
energy_event,16,lih-3.0,v5-fixed-source-whitelist-no-replenishment,HIGH,COMPLETED,6,NA,NA,-7.797895038304639,0.0009481211977684367,NA,NA,NA,NA,NA,160,12,0.9811142356085302
energy_event,16,lih-3.0,v5-fixed-source-whitelist-no-replenishment,HIGH,COMPLETED,6,NA,NA,-7.797895038304643,0.000948121197764884,NA,NA,NA,NA,NA,161,12,0.9811142356085293
energy_event,16,lih-3.0,v5-fixed-source-whitelist-no-replenishment,HIGH,COMPLETED,6,NA,NA,-7.79789503830464,0.0009481211977675486,NA,NA,NA,NA,NA,162,12,0.9811142356085297
energy_event,16,lih-3.0,v5-fixed-source-whitelist-no-replenishment,HIGH,COMPLETED,6,NA,NA,-7.797895038304643,0.000948121197764884,NA,NA,NA,NA,NA,163,12,0.9811142356085293
energy_event,16,lih-3.0,v5-fixed-source-whitelist-no-replenishment,HIGH,COMPLETED,6,NA,NA,-7.797895038304636,0.0009481211977711013,NA,NA,NA,NA,NA,164,12,0.9811142356085294
energy_event,16,lih-3.0,v5-fixed-source-whitelist-no-replenishment,HIGH,COMPLETED,6,NA,NA,-7.797895038304643,0.000948121197764884,NA,NA,NA,NA,NA,165,12,0.9811142356085293
energy_event,16,lih-3.0,v5-fixed-source-whitelist-no-replenishment,HIGH,COMPLETED,6,NA,NA,-7.797895038304638,0.0009481211977693249,NA,NA,NA,NA,NA,166,12,0.9811142356085293
energy_event,16,lih-3.0,v5-fixed-source-whitelist-no-replenishment,HIGH,COMPLETED,6,NA,NA,-7.797895038304643,0.000948121197764884,NA,NA,NA,NA,NA,167,12,0.9811142356085293
energy_event,16,lih-3.0,v5-fixed-source-whitelist-no-replenishment,HIGH,COMPLETED,6,NA,NA,-7.797895038304642,0.0009481211977657722,NA,NA,NA,NA,NA,168,12,0.9811142356085293
energy_event,16,lih-3.0,v5-fixed-source-whitelist-no-replenishment,HIGH,COMPLETED,6,NA,NA,-7.797895038304643,0.000948121197764884,NA,NA,NA,NA,NA,169,12,0.9811142356085293
energy_event,16,lih-3.0,v5-fixed-source-whitelist-no-replenishment,HIGH,COMPLETED,6,NA,NA,-7.797895038304641,0.0009481211977666604,NA,NA,NA,NA,NA,170,12,0.9811142356085293
energy_event,16,lih-3.0,v5-fixed-source-whitelist-no-replenishment,HIGH,COMPLETED,6,NA,NA,-7.797895038304643,0.000948121197764884,NA,NA,NA,NA,NA,171,12,0.9811142356085293
energy_event,16,lih-3.0,v5-fixed-source-whitelist-no-replenishment,HIGH,COMPLETED,6,NA,NA,-7.797895038304642,0.0009481211977657722,NA,NA,NA,NA,NA,172,12,0.9811142356085293
energy_event,16,lih-3.0,v5-fixed-source-whitelist-no-replenishment,HIGH,COMPLETED,6,NA,NA,-7.797895038304643,0.000948121197764884,NA,NA,NA,NA,NA,173,12,0.9811142356085293
energy_event,16,lih-3.0,v5-fixed-source-whitelist-no-replenishment,HIGH,COMPLETED,6,NA,NA,-7.797895038304642,0.0009481211977657722,NA,NA,NA,NA,NA,174,12,0.9811142356085293
energy_event,16,lih-3.0,v5-fixed-source-whitelist-no-replenishment,HIGH,COMPLETED,6,NA,NA,-7.797895038304643,0.000948121197764884,NA,NA,NA,NA,NA,175,12,0.9811142356085293
energy_event,16,lih-3.0,v5-fixed-source-whitelist-no-replenishment,HIGH,COMPLETED,6,NA,NA,-7.797895038304642,0.0009481211977657722,NA,NA,NA,NA,NA,176,12,0.9811142356085293
energy_event,16,lih-3.0,v5-fixed-source-whitelist-no-replenishment,HIGH,COMPLETED,6,NA,NA,-7.797895038304643,0.000948121197764884,NA,NA,NA,NA,NA,177,12,0.9811142356085293
energy_event,16,lih-3.0,v5-fixed-source-whitelist-no-replenishment,HIGH,COMPLETED,6,NA,NA,-7.797895038304643,0.000948121197764884,NA,NA,NA,NA,NA,178,12,0.9811142356085293
energy_event,16,lih-3.0,v5-fixed-source-whitelist-no-replenishment,HIGH,COMPLETED,6,NA,NA,-7.797895038304642,0.0009481211977657722,NA,NA,NA,NA,NA,179,12,0.9811142356085293
energy_event,16,lih-3.0,v5-fixed-source-whitelist-no-replenishment,HIGH,COMPLETED,6,NA,NA,-7.797895038304643,0.000948121197764884,NA,NA,NA,NA,NA,180,12,0.9811142356085293
energy_event,16,lih-3.0,v5-fixed-source-whitelist-no-replenishment,HIGH,COMPLETED,6,NA,NA,-7.797895038304642,0.0009481211977657722,NA,NA,NA,NA,NA,181,12,0.9811142356085293
energy_event,16,lih-3.0,v5-fixed-source-whitelist-no-replenishment,HIGH,COMPLETED,6,NA,NA,-7.797895038304643,0.000948121197764884,NA,NA,NA,NA,NA,182,12,0.9811142356085293
energy_event,16,lih-3.0,v5-fixed-source-whitelist-no-replenishment,HIGH,COMPLETED,6,NA,NA,-7.797895038304642,0.0009481211977657722,NA,NA,NA,NA,NA,183,12,0.9811142356085293
energy_event,16,lih-3.0,v5-fixed-source-whitelist-no-replenishment,HIGH,COMPLETED,6,NA,NA,-7.797895038304643,0.000948121197764884,NA,NA,NA,NA,NA,184,12,0.9811142356085293
energy_event,16,lih-3.0,v5-fixed-source-whitelist-no-replenishment,HIGH,COMPLETED,6,NA,NA,-7.797895038304642,0.0009481211977657722,NA,NA,NA,NA,NA,185,12,0.9811142356085293
energy_event,16,lih-3.0,v5-fixed-source-whitelist-no-replenishment,HIGH,COMPLETED,6,NA,NA,-7.797895038304643,0.000948121197764884,NA,NA,NA,NA,NA,186,12,0.9811142356085293
energy_event,16,lih-3.0,v5-fixed-source-whitelist-no-replenishment,HIGH,COMPLETED,6,NA,NA,-7.797895038304642,0.0009481211977657722,NA,NA,NA,NA,NA,187,12,0.9811142356085293
energy_event,16,lih-3.0,v5-fixed-source-whitelist-no-replenishment,HIGH,COMPLETED,6,NA,NA,-7.797895038304643,0.000948121197764884,NA,NA,NA,NA,NA,188,12,0.9811142356085293
energy_event,16,lih-3.0,v5-fixed-source-whitelist-no-replenishment,HIGH,COMPLETED,6,NA,NA,-7.797895038304642,0.0009481211977657722,NA,NA,NA,NA,NA,189,12,0.9811142356085293
energy_event,16,lih-3.0,v5-fixed-source-whitelist-no-replenishment,HIGH,COMPLETED,6,NA,NA,-7.797895038304643,0.000948121197764884,NA,NA,NA,NA,NA,190,12,0.9811142356085293
energy_event,16,lih-3.0,v5-fixed-source-whitelist-no-replenishment,HIGH,COMPLETED,6,NA,NA,-7.797895038304643,0.000948121197764884,NA,NA,NA,NA,NA,191,12,0.9811142356085293
energy_event,16,lih-3.0,v5-fixed-source-whitelist-no-replenishment,HIGH,COMPLETED,6,NA,NA,-7.797895038304643,0.000948121197764884,NA,NA,NA,NA,NA,192,12,0.9811142356085293
energy_event,16,lih-3.0,v5-fixed-source-whitelist-no-replenishment,HIGH,COMPLETED,6,NA,NA,-7.797895038304642,0.0009481211977657722,NA,NA,NA,NA,NA,193,12,0.9811142356085293
energy_event,16,lih-3.0,v5-fixed-source-whitelist-no-replenishment,HIGH,COMPLETED,6,NA,NA,-7.797895038304643,0.000948121197764884,NA,NA,NA,NA,NA,194,12,0.9811142356085293
energy_event,16,lih-3.0,v5-fixed-source-whitelist-no-replenishment,HIGH,COMPLETED,6,NA,NA,-7.797895038304643,0.000948121197764884,NA,NA,NA,NA,NA,195,12,0.9811142356085293
energy_event,16,lih-3.0,v5-fixed-source-whitelist-no-replenishment,HIGH,COMPLETED,6,NA,NA,-7.797895038304642,0.0009481211977657722,NA,NA,NA,NA,NA,196,12,0.9811142356085293
energy_event,16,lih-3.0,v5-fixed-source-whitelist-no-replenishment,HIGH,COMPLETED,6,NA,NA,-7.797895038304643,0.000948121197764884,NA,NA,NA,NA,NA,197,12,0.9811142356085293
energy_event,16,lih-3.0,v5-fixed-source-whitelist-no-replenishment,HIGH,COMPLETED,6,NA,NA,-7.797895038304637,0.0009481211977702131,NA,NA,NA,NA,NA,198,12,0.9811142370768765
energy_event,16,lih-3.0,v5-fixed-source-whitelist-no-replenishment,HIGH,COMPLETED,6,NA,NA,-7.797895038304639,0.0009481211977684367,NA,NA,NA,NA,NA,199,12,0.9811142363427028
energy_event,16,lih-3.0,v5-fixed-source-whitelist-no-replenishment,HIGH,COMPLETED,6,NA,NA,-7.79789503830464,0.0009481211977675486,NA,NA,NA,NA,NA,200,12,0.981114235975616
energy_event,16,lih-3.0,v5-fixed-source-whitelist-no-replenishment,HIGH,COMPLETED,6,NA,NA,-7.797895038304632,0.0009481211977755422,NA,NA,NA,NA,NA,201,12,0.9811142357920726
energy_event,16,lih-3.0,v5-fixed-source-whitelist-no-replenishment,HIGH,COMPLETED,6,NA,NA,-7.797895038304641,0.0009481211977666604,NA,NA,NA,NA,NA,202,12,0.981114235700301
energy_event,16,lih-3.0,v5-fixed-source-whitelist-no-replenishment,HIGH,COMPLETED,6,NA,NA,-7.797895038304641,0.0009481211977666604,NA,NA,NA,NA,NA,203,12,0.981114235654415
energy_event,16,lih-3.0,v5-fixed-source-whitelist-no-replenishment,HIGH,COMPLETED,6,NA,NA,-7.797895038304637,0.0009481211977702131,NA,NA,NA,NA,NA,204,12,0.9811142356314723
energy_event,16,lih-3.0,v5-fixed-source-whitelist-no-replenishment,HIGH,COMPLETED,6,NA,NA,-7.797895038304635,0.0009481211977728776,NA,NA,NA,NA,NA,205,12,0.9811142356200007
energy_event,16,lih-3.0,v5-fixed-source-whitelist-no-replenishment,HIGH,COMPLETED,6,NA,NA,-7.797895038304637,0.0009481211977702131,NA,NA,NA,NA,NA,206,12,0.981114235614265
energy_event,16,lih-3.0,v5-fixed-source-whitelist-no-replenishment,HIGH,COMPLETED,6,NA,NA,-7.797895038304636,0.0009481211977711013,NA,NA,NA,NA,NA,207,12,0.9811142356113971
energy_event,16,lih-3.0,v5-fixed-source-whitelist-no-replenishment,HIGH,COMPLETED,6,NA,NA,-7.797895038304637,0.0009481211977702131,NA,NA,NA,NA,NA,208,12,0.9811142356099631
energy_event,16,lih-3.0,v5-fixed-source-whitelist-no-replenishment,HIGH,COMPLETED,6,NA,NA,-7.797895038304638,0.0009481211977693249,NA,NA,NA,NA,NA,209,12,0.9811142356092462
energy_event,17,lih-3.0,v5-sequential-with-rebuilding,HIGH,COMPLETED,1,NA,NA,-7.797909682465734,0.0009334770366731249,NA,NA,NA,NA,NA,1,14,0.9815141581448948
energy_event,17,lih-3.0,v5-sequential-with-rebuilding,HIGH,COMPLETED,1,NA,NA,-7.797909682465739,0.000933477036668684,NA,NA,NA,NA,NA,2,14,0.9815141666873746
energy_event,17,lih-3.0,v5-sequential-with-rebuilding,HIGH,COMPLETED,1,NA,NA,-7.797909682465735,0.0009334770366722367,NA,NA,NA,NA,NA,3,14,0.9815141955714349
energy_event,17,lih-3.0,v5-sequential-with-rebuilding,HIGH,COMPLETED,1,NA,NA,-7.797909682465735,0.0009334770366722367,NA,NA,NA,NA,NA,4,14,0.9815141677396994
energy_event,17,lih-3.0,v5-sequential-with-rebuilding,HIGH,COMPLETED,1,NA,NA,-7.797909682465734,0.0009334770366731249,NA,NA,NA,NA,NA,5,14,0.9815141666890344
energy_event,17,lih-3.0,v5-sequential-with-rebuilding,HIGH,COMPLETED,1,NA,NA,-7.797909682465739,0.000933477036668684,NA,NA,NA,NA,NA,6,14,0.9815141666873746
energy_event,17,lih-3.0,v5-sequential-with-rebuilding,HIGH,COMPLETED,1,NA,NA,-7.797909682465734,0.0009334770366731249,NA,NA,NA,NA,NA,7,14,0.98151416668847
energy_event,17,lih-3.0,v5-sequential-with-rebuilding,HIGH,COMPLETED,1,NA,NA,-7.797909682465739,0.000933477036668684,NA,NA,NA,NA,NA,8,14,0.9815141666873746
energy_event,17,lih-3.0,v5-sequential-with-rebuilding,HIGH,COMPLETED,1,NA,NA,-7.797909682465739,0.000933477036668684,NA,NA,NA,NA,NA,9,14,0.9815141666873746
energy_event,17,lih-3.0,v5-sequential-with-rebuilding,HIGH,COMPLETED,1,NA,NA,-7.797909682465733,0.0009334770366749012,NA,NA,NA,NA,NA,10,14,0.9815141666879222
energy_event,17,lih-3.0,v5-sequential-with-rebuilding,HIGH,COMPLETED,1,NA,NA,-7.797909682465739,0.000933477036668684,NA,NA,NA,NA,NA,11,14,0.9815141666873746
energy_event,17,lih-3.0,v5-sequential-with-rebuilding,HIGH,COMPLETED,1,NA,NA,-7.797909682465735,0.0009334770366722367,NA,NA,NA,NA,NA,12,14,0.9815141666876485
energy_event,17,lih-3.0,v5-sequential-with-rebuilding,HIGH,COMPLETED,1,NA,NA,-7.797909682465739,0.000933477036668684,NA,NA,NA,NA,NA,13,14,0.9815141666873746
energy_event,17,lih-3.0,v5-sequential-with-rebuilding,HIGH,COMPLETED,1,NA,NA,-7.797909682465739,0.000933477036668684,NA,NA,NA,NA,NA,14,14,0.9815141666873746
energy_event,17,lih-3.0,v5-sequential-with-rebuilding,HIGH,COMPLETED,1,NA,NA,-7.7979096824657415,0.0009334770366660194,NA,NA,NA,NA,NA,15,14,0.9815141666875115
energy_event,17,lih-3.0,v5-sequential-with-rebuilding,HIGH,COMPLETED,1,NA,NA,-7.7979096824657415,0.0009334770366660194,NA,NA,NA,NA,NA,16,14,0.9815141666875115
energy_event,17,lih-3.0,v5-sequential-with-rebuilding,HIGH,COMPLETED,1,NA,NA,-7.797909682465735,0.0009334770366722367,NA,NA,NA,NA,NA,17,14,0.98151416668758
energy_event,17,lih-3.0,v5-sequential-with-rebuilding,HIGH,COMPLETED,1,NA,NA,-7.7979096824657415,0.0009334770366660194,NA,NA,NA,NA,NA,18,14,0.9815141666875115
energy_event,17,lih-3.0,v5-sequential-with-rebuilding,HIGH,COMPLETED,1,NA,NA,-7.797909682465734,0.0009334770366731249,NA,NA,NA,NA,NA,19,14,0.9815141666875459
energy_event,17,lih-3.0,v5-sequential-with-rebuilding,HIGH,COMPLETED,1,NA,NA,-7.7979096824657415,0.0009334770366660194,NA,NA,NA,NA,NA,20,14,0.9815141666875115
energy_event,17,lih-3.0,v5-sequential-with-rebuilding,HIGH,COMPLETED,1,NA,NA,-7.797909682465738,0.0009334770366695722,NA,NA,NA,NA,NA,21,14,0.9815141666875287
energy_event,17,lih-3.0,v5-sequential-with-rebuilding,HIGH,COMPLETED,1,NA,NA,-7.7979096824657415,0.0009334770366660194,NA,NA,NA,NA,NA,22,14,0.9815141666875115
energy_event,17,lih-3.0,v5-sequential-with-rebuilding,HIGH,COMPLETED,1,NA,NA,-7.797909682465734,0.0009334770366731249,NA,NA,NA,NA,NA,23,14,0.98151416668752
energy_event,17,lih-3.0,v5-sequential-with-rebuilding,HIGH,COMPLETED,1,NA,NA,-7.7979096824657415,0.0009334770366660194,NA,NA,NA,NA,NA,24,14,0.9815141666875115
energy_event,17,lih-3.0,v5-sequential-with-rebuilding,HIGH,COMPLETED,1,NA,NA,-7.797909682465734,0.0009334770366731249,NA,NA,NA,NA,NA,25,14,0.9815141666875158
energy_event,17,lih-3.0,v5-sequential-with-rebuilding,HIGH,COMPLETED,1,NA,NA,-7.7979096824657415,0.0009334770366660194,NA,NA,NA,NA,NA,26,14,0.9815141666875115
energy_event,17,lih-3.0,v5-sequential-with-rebuilding,HIGH,COMPLETED,1,NA,NA,-7.797909682465738,0.0009334770366695722,NA,NA,NA,NA,NA,27,14,0.9815141666875137
energy_event,17,lih-3.0,v5-sequential-with-rebuilding,HIGH,COMPLETED,1,NA,NA,-7.7979096824657415,0.0009334770366660194,NA,NA,NA,NA,NA,28,14,0.9815141666875115
energy_event,17,lih-3.0,v5-sequential-with-rebuilding,HIGH,COMPLETED,1,NA,NA,-7.797909682465741,0.0009334770366669076,NA,NA,NA,NA,NA,29,14,0.9815141666875126
energy_event,17,lih-3.0,v5-sequential-with-rebuilding,HIGH,COMPLETED,1,NA,NA,-7.7979096824657415,0.0009334770366660194,NA,NA,NA,NA,NA,30,14,0.9815141666875115
energy_event,17,lih-3.0,v5-sequential-with-rebuilding,HIGH,COMPLETED,1,NA,NA,-7.7979096824657415,0.0009334770366660194,NA,NA,NA,NA,NA,31,14,0.981514166687512
energy_event,17,lih-3.0,v5-sequential-with-rebuilding,HIGH,COMPLETED,1,NA,NA,-7.7979096824657415,0.0009334770366660194,NA,NA,NA,NA,NA,32,14,0.9815141666875123
energy_event,17,lih-3.0,v5-sequential-with-rebuilding,HIGH,COMPLETED,1,NA,NA,-7.797909682465741,0.0009334770366669076,NA,NA,NA,NA,NA,33,14,0.9815141666875126
energy_event,17,lih-3.0,v5-sequential-with-rebuilding,HIGH,COMPLETED,1,NA,NA,-7.7979096824657415,0.0009334770366660194,NA,NA,NA,NA,NA,34,14,0.9815141666875123
energy_event,17,lih-3.0,v5-sequential-with-rebuilding,HIGH,COMPLETED,1,NA,NA,-7.7979096824657415,0.0009334770366660194,NA,NA,NA,NA,NA,35,14,0.9815141666875125
energy_event,17,lih-3.0,v5-sequential-with-rebuilding,HIGH,COMPLETED,1,NA,NA,-7.7979096824657415,0.0009334770366660194,NA,NA,NA,NA,NA,36,14,0.9815141666875125
energy_event,17,lih-3.0,v5-sequential-with-rebuilding,HIGH,COMPLETED,1,NA,NA,-7.797909682465741,0.0009334770366669076,NA,NA,NA,NA,NA,37,14,0.9815141666875126
energy_event,17,lih-3.0,v5-sequential-with-rebuilding,HIGH,COMPLETED,1,NA,NA,-7.7979096824657415,0.0009334770366660194,NA,NA,NA,NA,NA,38,14,0.9815141666875125
energy_event,17,lih-3.0,v5-sequential-with-rebuilding,HIGH,COMPLETED,1,NA,NA,-7.797909682465742,0.0009334770366651313,NA,NA,NA,NA,NA,39,14,0.9815141666875125
energy_event,17,lih-3.0,v5-sequential-with-rebuilding,HIGH,COMPLETED,1,NA,NA,-7.797909682465741,0.0009334770366669076,NA,NA,NA,NA,NA,40,14,0.9815141666875126
energy_event,17,lih-3.0,v5-sequential-with-rebuilding,HIGH,COMPLETED,1,NA,NA,-7.797909682465742,0.0009334770366651313,NA,NA,NA,NA,NA,41,14,0.9815141666875125
energy_event,17,lih-3.0,v5-sequential-with-rebuilding,HIGH,COMPLETED,1,NA,NA,-7.797909682465742,0.0009334770366651313,NA,NA,NA,NA,NA,42,14,0.9815141666875125
energy_event,17,lih-3.0,v5-sequential-with-rebuilding,HIGH,COMPLETED,1,NA,NA,-7.797909682465741,0.0009334770366669076,NA,NA,NA,NA,NA,43,14,0.9815141666875126
energy_event,17,lih-3.0,v5-sequential-with-rebuilding,HIGH,COMPLETED,1,NA,NA,-7.797909682465742,0.0009334770366651313,NA,NA,NA,NA,NA,44,14,0.9815141666875125
energy_event,17,lih-3.0,v5-sequential-with-rebuilding,HIGH,COMPLETED,1,NA,NA,-7.797909682465735,0.0009334770366722367,NA,NA,NA,NA,NA,45,14,0.9815141955714349
energy_event,17,lih-3.0,v5-sequential-with-rebuilding,HIGH,COMPLETED,1,NA,NA,-7.797909682465738,0.0009334770366695722,NA,NA,NA,NA,NA,46,14,0.9815141696838814
energy_event,17,lih-3.0,v5-sequential-with-rebuilding,HIGH,COMPLETED,1,NA,NA,-7.79790968246574,0.0009334770366677958,NA,NA,NA,NA,NA,47,14,0.981514168185628
energy_event,17,lih-3.0,v5-sequential-with-rebuilding,HIGH,COMPLETED,1,NA,NA,-7.797909682465735,0.0009334770366722367,NA,NA,NA,NA,NA,48,14,0.9815141689347546
energy_event,17,lih-3.0,v5-sequential-with-rebuilding,HIGH,COMPLETED,1,NA,NA,-7.79790968246574,0.0009334770366677958,NA,NA,NA,NA,NA,49,14,0.9815141685601912
energy_event,17,lih-3.0,v5-sequential-with-rebuilding,HIGH,COMPLETED,1,NA,NA,-7.797909682465738,0.0009334770366695722,NA,NA,NA,NA,NA,50,14,0.9815141684346682
energy_event,17,lih-3.0,v5-sequential-with-rebuilding,HIGH,COMPLETED,1,NA,NA,-7.797909682465739,0.000933477036668684,NA,NA,NA,NA,NA,51,14,0.9815141683101481
energy_event,17,lih-3.0,v5-sequential-with-rebuilding,HIGH,COMPLETED,1,NA,NA,-7.797909682465734,0.0009334770366731249,NA,NA,NA,NA,NA,52,14,0.981514168247888
energy_event,17,lih-3.0,v5-sequential-with-rebuilding,HIGH,COMPLETED,1,NA,NA,-7.797909682465736,0.0009334770366713485,NA,NA,NA,NA,NA,53,14,0.981514168216758
energy_event,17,lih-3.0,v5-sequential-with-rebuilding,HIGH,COMPLETED,1,NA,NA,-7.797909682465737,0.0009334770366704603,NA,NA,NA,NA,NA,54,14,0.9815141682011929
energy_event,17,lih-3.0,v5-sequential-with-rebuilding,HIGH,COMPLETED,1,NA,NA,-7.797909682465738,0.0009334770366695722,NA,NA,NA,NA,NA,55,14,0.9815141681934105
energy_event,17,lih-3.0,v5-sequential-with-rebuilding,HIGH,COMPLETED,1,NA,NA,-7.79790968246574,0.0009334770366677958,NA,NA,NA,NA,NA,56,14,0.9815141681895192
energy_event,17,lih-3.0,v5-sequential-with-rebuilding,HIGH,COMPLETED,2,NA,NA,-7.797909674202845,0.0009334852995621645,NA,NA,NA,NA,NA,57,14,0.9815190787625468
energy_event,17,lih-3.0,v5-sequential-with-rebuilding,HIGH,COMPLETED,2,NA,NA,-7.797909682451313,0.0009334770510944779,NA,NA,NA,NA,NA,58,14,0.981511812195925
energy_event,17,lih-3.0,v5-sequential-with-rebuilding,HIGH,COMPLETED,2,NA,NA,-7.797909682455922,0.00093347704648572,NA,NA,NA,NA,NA,59,14,0.9815128740363881
energy_event,17,lih-3.0,v5-sequential-with-rebuilding,HIGH,COMPLETED,2,NA,NA,-7.79790968245605,0.0009334770463578224,NA,NA,NA,NA,NA,60,14,0.9815126955935877
energy_event,17,lih-3.0,v5-sequential-with-rebuilding,HIGH,COMPLETED,3,NA,NA,-7.797909682452256,0.0009334770501512324,NA,NA,NA,NA,NA,61,13,0.9815127094569714
energy_event,17,lih-3.0,v5-sequential-with-rebuilding,HIGH,COMPLETED,3,NA,NA,-7.797909682452248,0.000933477050159226,NA,NA,NA,NA,NA,62,13,0.9815127270320468
energy_event,17,lih-3.0,v5-sequential-with-rebuilding,HIGH,COMPLETED,3,NA,NA,-7.797909682452252,0.0009334770501556733,NA,NA,NA,NA,NA,63,13,0.981512710160531
energy_event,17,lih-3.0,v5-sequential-with-rebuilding,HIGH,COMPLETED,3,NA,NA,-7.797909682452247,0.0009334770501601142,NA,NA,NA,NA,NA,64,13,0.9815127094593037
energy_event,17,lih-3.0,v5-sequential-with-rebuilding,HIGH,COMPLETED,3,NA,NA,-7.7979096824522545,0.0009334770501530087,NA,NA,NA,NA,NA,65,13,0.9815127094569714
energy_event,17,lih-3.0,v5-sequential-with-rebuilding,HIGH,COMPLETED,3,NA,NA,-7.797909682452256,0.0009334770501512324,NA,NA,NA,NA,NA,66,13,0.9815127094569714
energy_event,17,lih-3.0,v5-sequential-with-rebuilding,HIGH,COMPLETED,3,NA,NA,-7.7979096824522545,0.0009334770501530087,NA,NA,NA,NA,NA,67,13,0.9815127094569714
energy_event,17,lih-3.0,v5-sequential-with-rebuilding,HIGH,COMPLETED,3,NA,NA,-7.797909682452256,0.0009334770501512324,NA,NA,NA,NA,NA,68,13,0.9815127094569714
energy_event,17,lih-3.0,v5-sequential-with-rebuilding,HIGH,COMPLETED,3,NA,NA,-7.797909682452256,0.0009334770501512324,NA,NA,NA,NA,NA,69,13,0.9815127094569714
energy_event,17,lih-3.0,v5-sequential-with-rebuilding,HIGH,COMPLETED,3,NA,NA,-7.797909682452256,0.0009334770501512324,NA,NA,NA,NA,NA,70,13,0.9815127094569714
energy_event,17,lih-3.0,v5-sequential-with-rebuilding,HIGH,COMPLETED,3,NA,NA,-7.797909682452256,0.0009334770501512324,NA,NA,NA,NA,NA,71,13,0.9815127094569714
energy_event,17,lih-3.0,v5-sequential-with-rebuilding,HIGH,COMPLETED,3,NA,NA,-7.7979096824522545,0.0009334770501530087,NA,NA,NA,NA,NA,72,13,0.9815127094569714
energy_event,17,lih-3.0,v5-sequential-with-rebuilding,HIGH,COMPLETED,3,NA,NA,-7.797909682452256,0.0009334770501512324,NA,NA,NA,NA,NA,73,13,0.9815127094569714
energy_event,17,lih-3.0,v5-sequential-with-rebuilding,HIGH,COMPLETED,3,NA,NA,-7.7979096824522545,0.0009334770501530087,NA,NA,NA,NA,NA,74,13,0.9815127094569714
energy_event,17,lih-3.0,v5-sequential-with-rebuilding,HIGH,COMPLETED,3,NA,NA,-7.797909682452256,0.0009334770501512324,NA,NA,NA,NA,NA,75,13,0.9815127094569714
energy_event,17,lih-3.0,v5-sequential-with-rebuilding,HIGH,COMPLETED,3,NA,NA,-7.7979096824522545,0.0009334770501530087,NA,NA,NA,NA,NA,76,13,0.9815127094569714
energy_event,17,lih-3.0,v5-sequential-with-rebuilding,HIGH,COMPLETED,3,NA,NA,-7.797909682452256,0.0009334770501512324,NA,NA,NA,NA,NA,77,13,0.9815127094569714
energy_event,17,lih-3.0,v5-sequential-with-rebuilding,HIGH,COMPLETED,3,NA,NA,-7.7979096824522545,0.0009334770501530087,NA,NA,NA,NA,NA,78,13,0.9815127094569714
energy_event,17,lih-3.0,v5-sequential-with-rebuilding,HIGH,COMPLETED,3,NA,NA,-7.797909682452256,0.0009334770501512324,NA,NA,NA,NA,NA,79,13,0.9815127094569714
energy_event,17,lih-3.0,v5-sequential-with-rebuilding,HIGH,COMPLETED,3,NA,NA,-7.797909682452248,0.000933477050159226,NA,NA,NA,NA,NA,80,13,0.9815127270320468
energy_event,17,lih-3.0,v5-sequential-with-rebuilding,HIGH,COMPLETED,3,NA,NA,-7.797909682452254,0.0009334770501538969,NA,NA,NA,NA,NA,81,13,0.9815127113824856
energy_event,17,lih-3.0,v5-sequential-with-rebuilding,HIGH,COMPLETED,3,NA,NA,-7.797909682452248,0.000933477050159226,NA,NA,NA,NA,NA,82,13,0.9815127104197285
energy_event,17,lih-3.0,v5-sequential-with-rebuilding,HIGH,COMPLETED,3,NA,NA,-7.797909682452249,0.0009334770501583378,NA,NA,NA,NA,NA,83,13,0.98151270993835
energy_event,17,lih-3.0,v5-sequential-with-rebuilding,HIGH,COMPLETED,3,NA,NA,-7.797909682452255,0.0009334770501521206,NA,NA,NA,NA,NA,84,13,0.9815127096976608
energy_event,17,lih-3.0,v5-sequential-with-rebuilding,HIGH,COMPLETED,3,NA,NA,-7.797909682452246,0.0009334770501618905,NA,NA,NA,NA,NA,85,13,0.9815127095773162
energy_event,17,lih-3.0,v5-sequential-with-rebuilding,HIGH,COMPLETED,3,NA,NA,-7.797909682452255,0.0009334770501521206,NA,NA,NA,NA,NA,86,13,0.9815127095171439
energy_event,17,lih-3.0,v5-sequential-with-rebuilding,HIGH,COMPLETED,3,NA,NA,-7.797909682452255,0.0009334770501521206,NA,NA,NA,NA,NA,87,13,0.9815127094770719
energy_event,17,lih-3.0,v5-sequential-with-rebuilding,HIGH,COMPLETED,3,NA,NA,-7.797909682452254,0.0009334770501538969,NA,NA,NA,NA,NA,88,13,0.9815127094670216
energy_event,17,lih-3.0,v5-sequential-with-rebuilding,HIGH,COMPLETED,3,NA,NA,-7.797909682452256,0.0009334770501512324,NA,NA,NA,NA,NA,89,13,0.9815127094619966
energy_event,17,lih-3.0,v5-sequential-with-rebuilding,HIGH,COMPLETED,3,NA,NA,-7.797909682452248,0.000933477050159226,NA,NA,NA,NA,NA,90,13,0.9815127094603208
energy_event,17,lih-3.0,v5-sequential-with-rebuilding,HIGH,COMPLETED,3,NA,NA,-7.797909682452251,0.0009334770501565615,NA,NA,NA,NA,NA,91,13,0.9815127094586461
energy_event,17,lih-3.0,v5-sequential-with-rebuilding,HIGH,COMPLETED,4,NA,NA,-7.797904004695586,0.0009391548068213851,NA,NA,NA,NA,NA,92,13,0.9813593199143058
energy_event,17,lih-3.0,v5-sequential-with-rebuilding,HIGH,COMPLETED,4,NA,NA,-7.797904013272985,0.0009391462294221498,NA,NA,NA,NA,NA,93,13,0.981430336148482
energy_event,17,lih-3.0,v5-sequential-with-rebuilding,HIGH,COMPLETED,4,NA,NA,-7.797904013347396,0.0009391461550114499,NA,NA,NA,NA,NA,94,13,0.9814226920359737
energy_event,17,lih-3.0,v5-sequential-with-rebuilding,HIGH,COMPLETED,4,NA,NA,-7.7979040133475275,0.0009391461548799995,NA,NA,NA,NA,NA,95,13,0.9814224504824889
energy_event,17,lih-3.0,v5-sequential-with-rebuilding,HIGH,COMPLETED,4,NA,NA,-7.797904013347532,0.0009391461548755586,NA,NA,NA,NA,NA,96,13,0.9814224084655039
energy_event,17,lih-3.0,v5-sequential-with-rebuilding,HIGH,COMPLETED,5,NA,NA,-7.79790401334385,0.0009391461585570582,NA,NA,NA,NA,NA,97,12,0.9814224226699032
energy_event,17,lih-3.0,v5-sequential-with-rebuilding,HIGH,COMPLETED,5,NA,NA,-7.797904013343847,0.0009391461585606109,NA,NA,NA,NA,NA,98,12,0.9814224377339785
energy_event,17,lih-3.0,v5-sequential-with-rebuilding,HIGH,COMPLETED,5,NA,NA,-7.797904013343847,0.0009391461585606109,NA,NA,NA,NA,NA,99,12,0.9814224233990618
energy_event,17,lih-3.0,v5-sequential-with-rebuilding,HIGH,COMPLETED,5,NA,NA,-7.7979040133438495,0.0009391461585579464,NA,NA,NA,NA,NA,100,12,0.9814224226719735
energy_event,17,lih-3.0,v5-sequential-with-rebuilding,HIGH,COMPLETED,5,NA,NA,-7.797904013343846,0.0009391461585614991,NA,NA,NA,NA,NA,101,12,0.9814224226699033
energy_event,17,lih-3.0,v5-sequential-with-rebuilding,HIGH,COMPLETED,5,NA,NA,-7.79790401334385,0.0009391461585570582,NA,NA,NA,NA,NA,102,12,0.9814224226699032
energy_event,17,lih-3.0,v5-sequential-with-rebuilding,HIGH,COMPLETED,5,NA,NA,-7.797904013343848,0.0009391461585597227,NA,NA,NA,NA,NA,103,12,0.9814224226699032
energy_event,17,lih-3.0,v5-sequential-with-rebuilding,HIGH,COMPLETED,5,NA,NA,-7.79790401334385,0.0009391461585570582,NA,NA,NA,NA,NA,104,12,0.9814224226699032
energy_event,17,lih-3.0,v5-sequential-with-rebuilding,HIGH,COMPLETED,5,NA,NA,-7.797904013343848,0.0009391461585597227,NA,NA,NA,NA,NA,105,12,0.9814224226699033
energy_event,17,lih-3.0,v5-sequential-with-rebuilding,HIGH,COMPLETED,5,NA,NA,-7.79790401334385,0.0009391461585570582,NA,NA,NA,NA,NA,106,12,0.9814224226699032
energy_event,17,lih-3.0,v5-sequential-with-rebuilding,HIGH,COMPLETED,5,NA,NA,-7.797904013343848,0.0009391461585597227,NA,NA,NA,NA,NA,107,12,0.9814224226699033
energy_event,17,lih-3.0,v5-sequential-with-rebuilding,HIGH,COMPLETED,5,NA,NA,-7.79790401334385,0.0009391461585570582,NA,NA,NA,NA,NA,108,12,0.9814224226699032
energy_event,17,lih-3.0,v5-sequential-with-rebuilding,HIGH,COMPLETED,5,NA,NA,-7.79790401334385,0.0009391461585570582,NA,NA,NA,NA,NA,109,12,0.9814224226699032
energy_event,17,lih-3.0,v5-sequential-with-rebuilding,HIGH,COMPLETED,5,NA,NA,-7.79790401334385,0.0009391461585570582,NA,NA,NA,NA,NA,110,12,0.9814224226699032
energy_event,17,lih-3.0,v5-sequential-with-rebuilding,HIGH,COMPLETED,5,NA,NA,-7.797904013343848,0.0009391461585597227,NA,NA,NA,NA,NA,111,12,0.9814224226699033
energy_event,17,lih-3.0,v5-sequential-with-rebuilding,HIGH,COMPLETED,5,NA,NA,-7.79790401334385,0.0009391461585570582,NA,NA,NA,NA,NA,112,12,0.9814224226699032
energy_event,17,lih-3.0,v5-sequential-with-rebuilding,HIGH,COMPLETED,5,NA,NA,-7.797904013343848,0.0009391461585597227,NA,NA,NA,NA,NA,113,12,0.9814224226699033
energy_event,17,lih-3.0,v5-sequential-with-rebuilding,HIGH,COMPLETED,5,NA,NA,-7.79790401334385,0.0009391461585570582,NA,NA,NA,NA,NA,114,12,0.9814224226699032
energy_event,17,lih-3.0,v5-sequential-with-rebuilding,HIGH,COMPLETED,5,NA,NA,-7.797904013343848,0.0009391461585597227,NA,NA,NA,NA,NA,115,12,0.9814224226699033
energy_event,17,lih-3.0,v5-sequential-with-rebuilding,HIGH,COMPLETED,5,NA,NA,-7.79790401334385,0.0009391461585570582,NA,NA,NA,NA,NA,116,12,0.9814224226699032
energy_event,17,lih-3.0,v5-sequential-with-rebuilding,HIGH,COMPLETED,5,NA,NA,-7.797904013343847,0.0009391461585606109,NA,NA,NA,NA,NA,117,12,0.9814224377339785
energy_event,17,lih-3.0,v5-sequential-with-rebuilding,HIGH,COMPLETED,5,NA,NA,-7.797904013343853,0.0009391461585543937,NA,NA,NA,NA,NA,118,12,0.9814224246511973
energy_event,17,lih-3.0,v5-sequential-with-rebuilding,HIGH,COMPLETED,5,NA,NA,-7.79790401334385,0.0009391461585570582,NA,NA,NA,NA,NA,119,12,0.9814224311925877
energy_event,17,lih-3.0,v5-sequential-with-rebuilding,HIGH,COMPLETED,5,NA,NA,-7.797904013343846,0.0009391461585614991,NA,NA,NA,NA,NA,120,12,0.9814224279218925
energy_event,17,lih-3.0,v5-sequential-with-rebuilding,HIGH,COMPLETED,5,NA,NA,-7.797904013343851,0.00093914615855617,NA,NA,NA,NA,NA,121,12,0.9814224262865449
energy_event,17,lih-3.0,v5-sequential-with-rebuilding,HIGH,COMPLETED,5,NA,NA,-7.797904013343851,0.00093914615855617,NA,NA,NA,NA,NA,122,12,0.9814224254688712
energy_event,17,lih-3.0,v5-sequential-with-rebuilding,HIGH,COMPLETED,5,NA,NA,-7.797904013343851,0.00093914615855617,NA,NA,NA,NA,NA,123,12,0.9814224250600342
energy_event,17,lih-3.0,v5-sequential-with-rebuilding,HIGH,COMPLETED,5,NA,NA,-7.797904013343847,0.0009391461585606109,NA,NA,NA,NA,NA,124,12,0.9814224248556158
energy_event,17,lih-3.0,v5-sequential-with-rebuilding,HIGH,COMPLETED,5,NA,NA,-7.797904013343851,0.00093914615855617,NA,NA,NA,NA,NA,125,12,0.9814224247534066
energy_event,17,lih-3.0,v5-sequential-with-rebuilding,HIGH,COMPLETED,5,NA,NA,-7.797904013343847,0.0009391461585606109,NA,NA,NA,NA,NA,126,12,0.9814224247023019
energy_event,17,lih-3.0,v5-sequential-with-rebuilding,HIGH,COMPLETED,5,NA,NA,-7.797904013343849,0.0009391461585588345,NA,NA,NA,NA,NA,127,12,0.9814224246767496
energy_event,17,lih-3.0,v5-sequential-with-rebuilding,HIGH,COMPLETED,5,NA,NA,-7.797904013343848,0.0009391461585597227,NA,NA,NA,NA,NA,128,12,0.9814224246639736
energy_event,17,lih-3.0,v5-sequential-with-rebuilding,HIGH,COMPLETED,6,NA,NA,-7.797895034393399,0.0009481251090086573,NA,NA,NA,NA,NA,129,12,0.9810356583634645
energy_event,17,lih-3.0,v5-sequential-with-rebuilding,HIGH,COMPLETED,6,NA,NA,-7.797895038298386,0.0009481212040212128,NA,NA,NA,NA,NA,130,12,0.9811145481359312
energy_event,17,lih-3.0,v5-sequential-with-rebuilding,HIGH,COMPLETED,6,NA,NA,-7.797895038304598,0.0009481211978092929,NA,NA,NA,NA,NA,131,12,0.9811143285820333
energy_event,17,lih-3.0,v5-sequential-with-rebuilding,HIGH,COMPLETED,6,NA,NA,-7.797895038304637,0.0009481211977702131,NA,NA,NA,NA,NA,132,12,0.9811142360710743
energy_event,17,lih-3.0,v5-sequential-with-rebuilding,HIGH,COMPLETED,6,NA,NA,-7.7978950383046355,0.0009481211977719894,NA,NA,NA,NA,NA,133,12,0.9811142320446343
energy_event,17,lih-3.0,v5-sequential-with-rebuilding,HIGH,COMPLETED,6,NA,NA,-7.797895038304638,0.0009481211977693249,NA,NA,NA,NA,NA,134,12,0.9811142359077839
energy_event,17,lih-3.0,v5-sequential-with-rebuilding,HIGH,COMPLETED,6,NA,NA,-7.797895038304637,0.0009481211977702131,NA,NA,NA,NA,NA,135,12,0.981114235907176
energy_event,17,lih-3.0,v5-sequential-with-rebuilding,HIGH,COMPLETED,6,NA,NA,-7.797895038304638,0.0009481211977693249,NA,NA,NA,NA,NA,136,12,0.9811142359077839
energy_event,17,lih-3.0,v5-sequential-with-rebuilding,HIGH,COMPLETED,6,NA,NA,-7.797895038304638,0.0009481211977693249,NA,NA,NA,NA,NA,137,12,0.9811142359073827
energy_event,17,lih-3.0,v5-sequential-with-rebuilding,HIGH,COMPLETED,6,NA,NA,-7.79789503830464,0.0009481211977675486,NA,NA,NA,NA,NA,138,12,0.9811142359072463
energy_event,17,lih-3.0,v5-sequential-with-rebuilding,HIGH,COMPLETED,6,NA,NA,-7.797895038304639,0.0009481211977684367,NA,NA,NA,NA,NA,139,12,0.9811142359072463
energy_event,17,lih-3.0,v5-sequential-with-rebuilding,HIGH,COMPLETED,6,NA,NA,-7.79789503830464,0.0009481211977675486,NA,NA,NA,NA,NA,140,12,0.9811142359072463
energy_event,17,lih-3.0,v5-sequential-with-rebuilding,HIGH,COMPLETED,6,NA,NA,-7.7978950383046355,0.0009481211977719894,NA,NA,NA,NA,NA,141,12,0.9811142320446343
energy_event,17,lih-3.0,v5-sequential-with-rebuilding,HIGH,COMPLETED,6,NA,NA,-7.797895038304638,0.0009481211977693249,NA,NA,NA,NA,NA,142,12,0.9811142356304068
energy_event,17,lih-3.0,v5-sequential-with-rebuilding,HIGH,COMPLETED,6,NA,NA,-7.797895038304631,0.0009481211977764303,NA,NA,NA,NA,NA,143,12,0.9811142338375204
energy_event,17,lih-3.0,v5-sequential-with-rebuilding,HIGH,COMPLETED,6,NA,NA,-7.797895038304634,0.0009481211977737658,NA,NA,NA,NA,NA,144,12,0.9811142347339635
energy_event,17,lih-3.0,v5-sequential-with-rebuilding,HIGH,COMPLETED,6,NA,NA,-7.797895038304635,0.0009481211977728776,NA,NA,NA,NA,NA,145,12,0.9811142351821852
energy_event,17,lih-3.0,v5-sequential-with-rebuilding,HIGH,COMPLETED,6,NA,NA,-7.797895038304638,0.0009481211977693249,NA,NA,NA,NA,NA,146,12,0.9811142354062959
energy_event,17,lih-3.0,v5-sequential-with-rebuilding,HIGH,COMPLETED,6,NA,NA,-7.797895038304638,0.0009481211977693249,NA,NA,NA,NA,NA,147,12,0.9811142354820458
energy_event,17,lih-3.0,v5-sequential-with-rebuilding,HIGH,COMPLETED,6,NA,NA,-7.797895038304631,0.0009481211977764303,NA,NA,NA,NA,NA,148,12,0.9811142355720668
energy_event,17,lih-3.0,v5-sequential-with-rebuilding,HIGH,COMPLETED,6,NA,NA,-7.7978950383046355,0.0009481211977719894,NA,NA,NA,NA,NA,149,12,0.9811142356012367
energy_event,17,lih-3.0,v5-sequential-with-rebuilding,HIGH,COMPLETED,6,NA,NA,-7.797895038304639,0.0009481211977684367,NA,NA,NA,NA,NA,150,12,0.9811142356158217
energy_event,17,lih-3.0,v5-sequential-with-rebuilding,HIGH,COMPLETED,6,NA,NA,-7.797895038304643,0.000948121197764884,NA,NA,NA,NA,NA,151,12,0.9811142356085293
energy_event,17,lih-3.0,v5-sequential-with-rebuilding,HIGH,COMPLETED,6,NA,NA,-7.797895038304637,0.0009481211977702131,NA,NA,NA,NA,NA,152,12,0.9811142370768765
energy_event,17,lih-3.0,v5-sequential-with-rebuilding,HIGH,COMPLETED,6,NA,NA,-7.797895038304637,0.0009481211977702131,NA,NA,NA,NA,NA,153,12,0.9811142356306327
energy_event,17,lih-3.0,v5-sequential-with-rebuilding,HIGH,COMPLETED,6,NA,NA,-7.79789503830464,0.0009481211977675486,NA,NA,NA,NA,NA,154,12,0.9811142356085345
energy_event,17,lih-3.0,v5-sequential-with-rebuilding,HIGH,COMPLETED,6,NA,NA,-7.797895038304643,0.000948121197764884,NA,NA,NA,NA,NA,155,12,0.9811142356085293
energy_event,17,lih-3.0,v5-sequential-with-rebuilding,HIGH,COMPLETED,6,NA,NA,-7.797895038304642,0.0009481211977657722,NA,NA,NA,NA,NA,156,12,0.9811142356085318
energy_event,17,lih-3.0,v5-sequential-with-rebuilding,HIGH,COMPLETED,6,NA,NA,-7.797895038304643,0.000948121197764884,NA,NA,NA,NA,NA,157,12,0.9811142356085293
energy_event,17,lih-3.0,v5-sequential-with-rebuilding,HIGH,COMPLETED,6,NA,NA,-7.79789503830464,0.0009481211977675486,NA,NA,NA,NA,NA,158,12,0.9811142356085311
energy_event,17,lih-3.0,v5-sequential-with-rebuilding,HIGH,COMPLETED,6,NA,NA,-7.797895038304643,0.000948121197764884,NA,NA,NA,NA,NA,159,12,0.9811142356085293
energy_event,17,lih-3.0,v5-sequential-with-rebuilding,HIGH,COMPLETED,6,NA,NA,-7.797895038304639,0.0009481211977684367,NA,NA,NA,NA,NA,160,12,0.9811142356085302
energy_event,17,lih-3.0,v5-sequential-with-rebuilding,HIGH,COMPLETED,6,NA,NA,-7.797895038304643,0.000948121197764884,NA,NA,NA,NA,NA,161,12,0.9811142356085293
energy_event,17,lih-3.0,v5-sequential-with-rebuilding,HIGH,COMPLETED,6,NA,NA,-7.79789503830464,0.0009481211977675486,NA,NA,NA,NA,NA,162,12,0.9811142356085297
energy_event,17,lih-3.0,v5-sequential-with-rebuilding,HIGH,COMPLETED,6,NA,NA,-7.797895038304643,0.000948121197764884,NA,NA,NA,NA,NA,163,12,0.9811142356085293
energy_event,17,lih-3.0,v5-sequential-with-rebuilding,HIGH,COMPLETED,6,NA,NA,-7.797895038304636,0.0009481211977711013,NA,NA,NA,NA,NA,164,12,0.9811142356085294
energy_event,17,lih-3.0,v5-sequential-with-rebuilding,HIGH,COMPLETED,6,NA,NA,-7.797895038304643,0.000948121197764884,NA,NA,NA,NA,NA,165,12,0.9811142356085293
energy_event,17,lih-3.0,v5-sequential-with-rebuilding,HIGH,COMPLETED,6,NA,NA,-7.797895038304638,0.0009481211977693249,NA,NA,NA,NA,NA,166,12,0.9811142356085293
energy_event,17,lih-3.0,v5-sequential-with-rebuilding,HIGH,COMPLETED,6,NA,NA,-7.797895038304643,0.000948121197764884,NA,NA,NA,NA,NA,167,12,0.9811142356085293
energy_event,17,lih-3.0,v5-sequential-with-rebuilding,HIGH,COMPLETED,6,NA,NA,-7.797895038304642,0.0009481211977657722,NA,NA,NA,NA,NA,168,12,0.9811142356085293
energy_event,17,lih-3.0,v5-sequential-with-rebuilding,HIGH,COMPLETED,6,NA,NA,-7.797895038304643,0.000948121197764884,NA,NA,NA,NA,NA,169,12,0.9811142356085293
energy_event,17,lih-3.0,v5-sequential-with-rebuilding,HIGH,COMPLETED,6,NA,NA,-7.797895038304641,0.0009481211977666604,NA,NA,NA,NA,NA,170,12,0.9811142356085293
energy_event,17,lih-3.0,v5-sequential-with-rebuilding,HIGH,COMPLETED,6,NA,NA,-7.797895038304643,0.000948121197764884,NA,NA,NA,NA,NA,171,12,0.9811142356085293
energy_event,17,lih-3.0,v5-sequential-with-rebuilding,HIGH,COMPLETED,6,NA,NA,-7.797895038304642,0.0009481211977657722,NA,NA,NA,NA,NA,172,12,0.9811142356085293
energy_event,17,lih-3.0,v5-sequential-with-rebuilding,HIGH,COMPLETED,6,NA,NA,-7.797895038304643,0.000948121197764884,NA,NA,NA,NA,NA,173,12,0.9811142356085293
energy_event,17,lih-3.0,v5-sequential-with-rebuilding,HIGH,COMPLETED,6,NA,NA,-7.797895038304642,0.0009481211977657722,NA,NA,NA,NA,NA,174,12,0.9811142356085293
energy_event,17,lih-3.0,v5-sequential-with-rebuilding,HIGH,COMPLETED,6,NA,NA,-7.797895038304643,0.000948121197764884,NA,NA,NA,NA,NA,175,12,0.9811142356085293
energy_event,17,lih-3.0,v5-sequential-with-rebuilding,HIGH,COMPLETED,6,NA,NA,-7.797895038304642,0.0009481211977657722,NA,NA,NA,NA,NA,176,12,0.9811142356085293
energy_event,17,lih-3.0,v5-sequential-with-rebuilding,HIGH,COMPLETED,6,NA,NA,-7.797895038304643,0.000948121197764884,NA,NA,NA,NA,NA,177,12,0.9811142356085293
energy_event,17,lih-3.0,v5-sequential-with-rebuilding,HIGH,COMPLETED,6,NA,NA,-7.797895038304643,0.000948121197764884,NA,NA,NA,NA,NA,178,12,0.9811142356085293
energy_event,17,lih-3.0,v5-sequential-with-rebuilding,HIGH,COMPLETED,6,NA,NA,-7.797895038304642,0.0009481211977657722,NA,NA,NA,NA,NA,179,12,0.9811142356085293
energy_event,17,lih-3.0,v5-sequential-with-rebuilding,HIGH,COMPLETED,6,NA,NA,-7.797895038304643,0.000948121197764884,NA,NA,NA,NA,NA,180,12,0.9811142356085293
energy_event,17,lih-3.0,v5-sequential-with-rebuilding,HIGH,COMPLETED,6,NA,NA,-7.797895038304642,0.0009481211977657722,NA,NA,NA,NA,NA,181,12,0.9811142356085293
energy_event,17,lih-3.0,v5-sequential-with-rebuilding,HIGH,COMPLETED,6,NA,NA,-7.797895038304643,0.000948121197764884,NA,NA,NA,NA,NA,182,12,0.9811142356085293
energy_event,17,lih-3.0,v5-sequential-with-rebuilding,HIGH,COMPLETED,6,NA,NA,-7.797895038304642,0.0009481211977657722,NA,NA,NA,NA,NA,183,12,0.9811142356085293
energy_event,17,lih-3.0,v5-sequential-with-rebuilding,HIGH,COMPLETED,6,NA,NA,-7.797895038304643,0.000948121197764884,NA,NA,NA,NA,NA,184,12,0.9811142356085293
energy_event,17,lih-3.0,v5-sequential-with-rebuilding,HIGH,COMPLETED,6,NA,NA,-7.797895038304642,0.0009481211977657722,NA,NA,NA,NA,NA,185,12,0.9811142356085293
energy_event,17,lih-3.0,v5-sequential-with-rebuilding,HIGH,COMPLETED,6,NA,NA,-7.797895038304643,0.000948121197764884,NA,NA,NA,NA,NA,186,12,0.9811142356085293
energy_event,17,lih-3.0,v5-sequential-with-rebuilding,HIGH,COMPLETED,6,NA,NA,-7.797895038304642,0.0009481211977657722,NA,NA,NA,NA,NA,187,12,0.9811142356085293
energy_event,17,lih-3.0,v5-sequential-with-rebuilding,HIGH,COMPLETED,6,NA,NA,-7.797895038304643,0.000948121197764884,NA,NA,NA,NA,NA,188,12,0.9811142356085293
energy_event,17,lih-3.0,v5-sequential-with-rebuilding,HIGH,COMPLETED,6,NA,NA,-7.797895038304642,0.0009481211977657722,NA,NA,NA,NA,NA,189,12,0.9811142356085293
energy_event,17,lih-3.0,v5-sequential-with-rebuilding,HIGH,COMPLETED,6,NA,NA,-7.797895038304643,0.000948121197764884,NA,NA,NA,NA,NA,190,12,0.9811142356085293
energy_event,17,lih-3.0,v5-sequential-with-rebuilding,HIGH,COMPLETED,6,NA,NA,-7.797895038304643,0.000948121197764884,NA,NA,NA,NA,NA,191,12,0.9811142356085293
energy_event,17,lih-3.0,v5-sequential-with-rebuilding,HIGH,COMPLETED,6,NA,NA,-7.797895038304643,0.000948121197764884,NA,NA,NA,NA,NA,192,12,0.9811142356085293
energy_event,17,lih-3.0,v5-sequential-with-rebuilding,HIGH,COMPLETED,6,NA,NA,-7.797895038304642,0.0009481211977657722,NA,NA,NA,NA,NA,193,12,0.9811142356085293
energy_event,17,lih-3.0,v5-sequential-with-rebuilding,HIGH,COMPLETED,6,NA,NA,-7.797895038304643,0.000948121197764884,NA,NA,NA,NA,NA,194,12,0.9811142356085293
energy_event,17,lih-3.0,v5-sequential-with-rebuilding,HIGH,COMPLETED,6,NA,NA,-7.797895038304643,0.000948121197764884,NA,NA,NA,NA,NA,195,12,0.9811142356085293
energy_event,17,lih-3.0,v5-sequential-with-rebuilding,HIGH,COMPLETED,6,NA,NA,-7.797895038304642,0.0009481211977657722,NA,NA,NA,NA,NA,196,12,0.9811142356085293
energy_event,17,lih-3.0,v5-sequential-with-rebuilding,HIGH,COMPLETED,6,NA,NA,-7.797895038304643,0.000948121197764884,NA,NA,NA,NA,NA,197,12,0.9811142356085293
energy_event,17,lih-3.0,v5-sequential-with-rebuilding,HIGH,COMPLETED,6,NA,NA,-7.797895038304637,0.0009481211977702131,NA,NA,NA,NA,NA,198,12,0.9811142370768765
energy_event,17,lih-3.0,v5-sequential-with-rebuilding,HIGH,COMPLETED,6,NA,NA,-7.797895038304639,0.0009481211977684367,NA,NA,NA,NA,NA,199,12,0.9811142363427028
energy_event,17,lih-3.0,v5-sequential-with-rebuilding,HIGH,COMPLETED,6,NA,NA,-7.79789503830464,0.0009481211977675486,NA,NA,NA,NA,NA,200,12,0.981114235975616
energy_event,17,lih-3.0,v5-sequential-with-rebuilding,HIGH,COMPLETED,6,NA,NA,-7.797895038304632,0.0009481211977755422,NA,NA,NA,NA,NA,201,12,0.9811142357920726
energy_event,17,lih-3.0,v5-sequential-with-rebuilding,HIGH,COMPLETED,6,NA,NA,-7.797895038304641,0.0009481211977666604,NA,NA,NA,NA,NA,202,12,0.981114235700301
energy_event,17,lih-3.0,v5-sequential-with-rebuilding,HIGH,COMPLETED,6,NA,NA,-7.797895038304641,0.0009481211977666604,NA,NA,NA,NA,NA,203,12,0.981114235654415
energy_event,17,lih-3.0,v5-sequential-with-rebuilding,HIGH,COMPLETED,6,NA,NA,-7.797895038304637,0.0009481211977702131,NA,NA,NA,NA,NA,204,12,0.9811142356314723
energy_event,17,lih-3.0,v5-sequential-with-rebuilding,HIGH,COMPLETED,6,NA,NA,-7.797895038304635,0.0009481211977728776,NA,NA,NA,NA,NA,205,12,0.9811142356200007
energy_event,17,lih-3.0,v5-sequential-with-rebuilding,HIGH,COMPLETED,6,NA,NA,-7.797895038304637,0.0009481211977702131,NA,NA,NA,NA,NA,206,12,0.981114235614265
energy_event,17,lih-3.0,v5-sequential-with-rebuilding,HIGH,COMPLETED,6,NA,NA,-7.797895038304636,0.0009481211977711013,NA,NA,NA,NA,NA,207,12,0.9811142356113971
energy_event,17,lih-3.0,v5-sequential-with-rebuilding,HIGH,COMPLETED,6,NA,NA,-7.797895038304637,0.0009481211977702131,NA,NA,NA,NA,NA,208,12,0.9811142356099631
energy_event,17,lih-3.0,v5-sequential-with-rebuilding,HIGH,COMPLETED,6,NA,NA,-7.797895038304638,0.0009481211977693249,NA,NA,NA,NA,NA,209,12,0.9811142356092462
energy_event,20,h6-1.5,structural-magnitude-pruning,LOW,COMPLETED,1,NA,NA,-2.994173344328978,0.0013920815029639932,NA,NA,NA,NA,NA,1,136,7.133860077308721
energy_event,20,h6-1.5,structural-magnitude-pruning,LOW,COMPLETED,1,NA,NA,-2.9941730793512664,0.0013923464806757657,NA,NA,NA,NA,NA,2,136,7.134555505159247
energy_event,20,h6-1.5,structural-magnitude-pruning,LOW,COMPLETED,1,NA,NA,-2.9941734633765593,0.001391962455382867,NA,NA,NA,NA,NA,3,136,7.1341063548197186
energy_event,20,h6-1.5,structural-magnitude-pruning,LOW,COMPLETED,1,NA,NA,-2.994173467528083,0.0013919583038592975,NA,NA,NA,NA,NA,4,136,7.134353279344182
energy_event,20,h6-1.5,structural-magnitude-pruning,LOW,COMPLETED,1,NA,NA,-2.994173467995769,0.0013919578361734075,NA,NA,NA,NA,NA,5,136,7.134294824906647
energy_event,20,h6-1.5,structural-magnitude-pruning,LOW,COMPLETED,1,NA,NA,-2.9941734680677774,0.0013919577641647862,NA,NA,NA,NA,NA,6,136,7.134272967854009
energy_event,20,h6-1.5,structural-magnitude-pruning,LOW,COMPLETED,1,NA,NA,-2.9941734680815366,0.0013919577504055702,NA,NA,NA,NA,NA,7,136,7.1342594258743075
energy_event,20,h6-1.5,structural-magnitude-pruning,LOW,COMPLETED,1,NA,NA,-2.9941734680829675,0.0013919577489747148,NA,NA,NA,NA,NA,8,136,7.13425803330966
energy_event,20,h6-1.5,structural-magnitude-pruning,LOW,COMPLETED,1,NA,NA,-2.994173468083159,0.0013919577487833124,NA,NA,NA,NA,NA,9,136,7.134259659673102
energy_event,20,h6-1.5,structural-magnitude-pruning,LOW,COMPLETED,1,NA,NA,-2.9941734680831793,0.0013919577487628843,NA,NA,NA,NA,NA,10,136,7.134260896422238
energy_event,20,h6-1.5,structural-magnitude-pruning,LOW,COMPLETED,1,NA,NA,-2.994173468083188,0.0013919577487540025,NA,NA,NA,NA,NA,11,136,7.134261329997715
energy_event,26,h6-1.5,structural-magnitude-pruning,MEDIUM,COMPLETED,1,NA,NA,-2.994173344328978,0.0013920815029639932,NA,NA,NA,NA,NA,1,136,7.133860077308721
energy_event,26,h6-1.5,structural-magnitude-pruning,MEDIUM,COMPLETED,1,NA,NA,-2.9941730793512664,0.0013923464806757657,NA,NA,NA,NA,NA,2,136,7.134555505159247
energy_event,26,h6-1.5,structural-magnitude-pruning,MEDIUM,COMPLETED,1,NA,NA,-2.9941734633765593,0.001391962455382867,NA,NA,NA,NA,NA,3,136,7.1341063548197186
energy_event,26,h6-1.5,structural-magnitude-pruning,MEDIUM,COMPLETED,1,NA,NA,-2.994173467528083,0.0013919583038592975,NA,NA,NA,NA,NA,4,136,7.134353279344182
energy_event,26,h6-1.5,structural-magnitude-pruning,MEDIUM,COMPLETED,1,NA,NA,-2.994173467995769,0.0013919578361734075,NA,NA,NA,NA,NA,5,136,7.134294824906647
energy_event,26,h6-1.5,structural-magnitude-pruning,MEDIUM,COMPLETED,1,NA,NA,-2.9941734680677774,0.0013919577641647862,NA,NA,NA,NA,NA,6,136,7.134272967854009
energy_event,26,h6-1.5,structural-magnitude-pruning,MEDIUM,COMPLETED,1,NA,NA,-2.9941734680815366,0.0013919577504055702,NA,NA,NA,NA,NA,7,136,7.1342594258743075
energy_event,26,h6-1.5,structural-magnitude-pruning,MEDIUM,COMPLETED,1,NA,NA,-2.9941734680829675,0.0013919577489747148,NA,NA,NA,NA,NA,8,136,7.13425803330966
energy_event,26,h6-1.5,structural-magnitude-pruning,MEDIUM,COMPLETED,1,NA,NA,-2.994173468083159,0.0013919577487833124,NA,NA,NA,NA,NA,9,136,7.134259659673102
energy_event,26,h6-1.5,structural-magnitude-pruning,MEDIUM,COMPLETED,1,NA,NA,-2.9941734680831793,0.0013919577487628843,NA,NA,NA,NA,NA,10,136,7.134260896422238
energy_event,26,h6-1.5,structural-magnitude-pruning,MEDIUM,COMPLETED,1,NA,NA,-2.994173468083188,0.0013919577487540025,NA,NA,NA,NA,NA,11,136,7.134261329997715
energy_event,26,h6-1.5,structural-magnitude-pruning,MEDIUM,COMPLETED,2,NA,NA,-2.9941722920325633,0.0013931337993788873,NA,NA,NA,NA,NA,12,135,7.13426110234207
energy_event,26,h6-1.5,structural-magnitude-pruning,MEDIUM,COMPLETED,2,NA,NA,-2.994172475385519,0.0013929504464234022,NA,NA,NA,NA,NA,13,135,7.132719182312289
energy_event,26,h6-1.5,structural-magnitude-pruning,MEDIUM,COMPLETED,2,NA,NA,-2.9941727683937724,0.001392657438169742,NA,NA,NA,NA,NA,14,135,7.13286874159254
energy_event,26,h6-1.5,structural-magnitude-pruning,MEDIUM,COMPLETED,2,NA,NA,-2.9941729221376576,0.0013925036942845637,NA,NA,NA,NA,NA,15,135,7.133588492236558
energy_event,26,h6-1.5,structural-magnitude-pruning,MEDIUM,COMPLETED,2,NA,NA,-2.9941729227402627,0.0013925030916794867,NA,NA,NA,NA,NA,16,135,7.13344189137827
energy_event,26,h6-1.5,structural-magnitude-pruning,MEDIUM,COMPLETED,2,NA,NA,-2.994172922834474,0.0013925029974681813,NA,NA,NA,NA,NA,17,135,7.133446564722727
energy_event,26,h6-1.5,structural-magnitude-pruning,MEDIUM,COMPLETED,2,NA,NA,-2.994172922850472,0.0013925029814703116,NA,NA,NA,NA,NA,18,135,7.133475315949648
energy_event,26,h6-1.5,structural-magnitude-pruning,MEDIUM,COMPLETED,2,NA,NA,-2.9941729228515435,0.0013925029803987243,NA,NA,NA,NA,NA,19,135,7.133474451244804
energy_event,26,h6-1.5,structural-magnitude-pruning,MEDIUM,COMPLETED,2,NA,NA,-2.9941729228518015,0.0013925029801407085,NA,NA,NA,NA,NA,20,135,7.13347387095532
energy_event,26,h6-1.5,structural-magnitude-pruning,MEDIUM,COMPLETED,2,NA,NA,-2.9941729228518237,0.001392502980118504,NA,NA,NA,NA,NA,21,135,7.13347303373618
energy_event,26,h6-1.5,structural-magnitude-pruning,MEDIUM,COMPLETED,2,NA,NA,-2.9941729228518312,0.0013925029801109545,NA,NA,NA,NA,NA,22,135,7.133472702525661
energy_event,28,h6-1.5,v5-fixed-source-whitelist-no-replenishment,MEDIUM,COMPLETED,1,NA,NA,-2.9941735222656445,0.001391903566297703,NA,NA,NA,NA,NA,1,136,7.132120491735543
energy_event,28,h6-1.5,v5-fixed-source-whitelist-no-replenishment,MEDIUM,COMPLETED,1,NA,NA,-2.9941735228685107,0.0013919029634315017,NA,NA,NA,NA,NA,2,136,7.132025492609671
energy_event,28,h6-1.5,v5-fixed-source-whitelist-no-replenishment,MEDIUM,COMPLETED,1,NA,NA,-2.994173522921083,0.0013919029108593328,NA,NA,NA,NA,NA,3,136,7.132023715870441
energy_event,28,h6-1.5,v5-fixed-source-whitelist-no-replenishment,MEDIUM,COMPLETED,1,NA,NA,-2.9941735229267334,0.0013919029052087417,NA,NA,NA,NA,NA,4,136,7.132011679470774
energy_event,28,h6-1.5,v5-fixed-source-whitelist-no-replenishment,MEDIUM,COMPLETED,1,NA,NA,-2.994173522927377,0.0013919029045652564,NA,NA,NA,NA,NA,5,136,7.132008839013111
energy_event,28,h6-1.5,v5-fixed-source-whitelist-no-replenishment,MEDIUM,COMPLETED,1,NA,NA,-2.9941735229274715,0.0013919029044706654,NA,NA,NA,NA,NA,6,136,7.132008927279009
energy_event,28,h6-1.5,v5-fixed-source-whitelist-no-replenishment,MEDIUM,COMPLETED,1,NA,NA,-2.994173522927483,0.0013919029044591191,NA,NA,NA,NA,NA,7,136,7.132009776714039
energy_event,28,h6-1.5,v5-fixed-source-whitelist-no-replenishment,MEDIUM,COMPLETED,1,NA,NA,-2.994173522927487,0.0013919029044551223,NA,NA,NA,NA,NA,8,136,7.132010038377025
energy_event,29,h6-1.5,v5-sequential-with-rebuilding,MEDIUM,COMPLETED,1,NA,NA,-2.9941735222656445,0.001391903566297703,NA,NA,NA,NA,NA,1,136,7.132120491735543
energy_event,29,h6-1.5,v5-sequential-with-rebuilding,MEDIUM,COMPLETED,1,NA,NA,-2.9941735228685107,0.0013919029634315017,NA,NA,NA,NA,NA,2,136,7.132025492609671
energy_event,29,h6-1.5,v5-sequential-with-rebuilding,MEDIUM,COMPLETED,1,NA,NA,-2.994173522921083,0.0013919029108593328,NA,NA,NA,NA,NA,3,136,7.132023715870441
energy_event,29,h6-1.5,v5-sequential-with-rebuilding,MEDIUM,COMPLETED,1,NA,NA,-2.9941735229267334,0.0013919029052087417,NA,NA,NA,NA,NA,4,136,7.132011679470774
energy_event,29,h6-1.5,v5-sequential-with-rebuilding,MEDIUM,COMPLETED,1,NA,NA,-2.994173522927377,0.0013919029045652564,NA,NA,NA,NA,NA,5,136,7.132008839013111
energy_event,29,h6-1.5,v5-sequential-with-rebuilding,MEDIUM,COMPLETED,1,NA,NA,-2.9941735229274715,0.0013919029044706654,NA,NA,NA,NA,NA,6,136,7.132008927279009
energy_event,29,h6-1.5,v5-sequential-with-rebuilding,MEDIUM,COMPLETED,1,NA,NA,-2.994173522927483,0.0013919029044591191,NA,NA,NA,NA,NA,7,136,7.132009776714039
energy_event,29,h6-1.5,v5-sequential-with-rebuilding,MEDIUM,COMPLETED,1,NA,NA,-2.994173522927487,0.0013919029044551223,NA,NA,NA,NA,NA,8,136,7.132010038377025
energy_event,32,h6-1.5,structural-magnitude-pruning,HIGH,COMPLETED,1,NA,NA,-2.994173344328978,0.0013920815029639932,NA,NA,NA,NA,NA,1,136,7.133860077308721
energy_event,32,h6-1.5,structural-magnitude-pruning,HIGH,COMPLETED,1,NA,NA,-2.9941730793512664,0.0013923464806757657,NA,NA,NA,NA,NA,2,136,7.134555505159247
energy_event,32,h6-1.5,structural-magnitude-pruning,HIGH,COMPLETED,1,NA,NA,-2.9941734633765593,0.001391962455382867,NA,NA,NA,NA,NA,3,136,7.1341063548197186
energy_event,32,h6-1.5,structural-magnitude-pruning,HIGH,COMPLETED,1,NA,NA,-2.994173467528083,0.0013919583038592975,NA,NA,NA,NA,NA,4,136,7.134353279344182
energy_event,32,h6-1.5,structural-magnitude-pruning,HIGH,COMPLETED,1,NA,NA,-2.994173467995769,0.0013919578361734075,NA,NA,NA,NA,NA,5,136,7.134294824906647
energy_event,32,h6-1.5,structural-magnitude-pruning,HIGH,COMPLETED,1,NA,NA,-2.9941734680677774,0.0013919577641647862,NA,NA,NA,NA,NA,6,136,7.134272967854009
energy_event,32,h6-1.5,structural-magnitude-pruning,HIGH,COMPLETED,1,NA,NA,-2.9941734680815366,0.0013919577504055702,NA,NA,NA,NA,NA,7,136,7.1342594258743075
energy_event,32,h6-1.5,structural-magnitude-pruning,HIGH,COMPLETED,1,NA,NA,-2.9941734680829675,0.0013919577489747148,NA,NA,NA,NA,NA,8,136,7.13425803330966
energy_event,32,h6-1.5,structural-magnitude-pruning,HIGH,COMPLETED,1,NA,NA,-2.994173468083159,0.0013919577487833124,NA,NA,NA,NA,NA,9,136,7.134259659673102
energy_event,32,h6-1.5,structural-magnitude-pruning,HIGH,COMPLETED,1,NA,NA,-2.9941734680831793,0.0013919577487628843,NA,NA,NA,NA,NA,10,136,7.134260896422238
energy_event,32,h6-1.5,structural-magnitude-pruning,HIGH,COMPLETED,1,NA,NA,-2.994173468083188,0.0013919577487540025,NA,NA,NA,NA,NA,11,136,7.134261329997715
energy_event,32,h6-1.5,structural-magnitude-pruning,HIGH,COMPLETED,2,NA,NA,-2.9941722920325633,0.0013931337993788873,NA,NA,NA,NA,NA,12,135,7.13426110234207
energy_event,32,h6-1.5,structural-magnitude-pruning,HIGH,COMPLETED,2,NA,NA,-2.994172475385519,0.0013929504464234022,NA,NA,NA,NA,NA,13,135,7.132719182312289
energy_event,32,h6-1.5,structural-magnitude-pruning,HIGH,COMPLETED,2,NA,NA,-2.9941727683937724,0.001392657438169742,NA,NA,NA,NA,NA,14,135,7.13286874159254
energy_event,32,h6-1.5,structural-magnitude-pruning,HIGH,COMPLETED,2,NA,NA,-2.9941729221376576,0.0013925036942845637,NA,NA,NA,NA,NA,15,135,7.133588492236558
energy_event,32,h6-1.5,structural-magnitude-pruning,HIGH,COMPLETED,2,NA,NA,-2.9941729227402627,0.0013925030916794867,NA,NA,NA,NA,NA,16,135,7.13344189137827
energy_event,32,h6-1.5,structural-magnitude-pruning,HIGH,COMPLETED,2,NA,NA,-2.994172922834474,0.0013925029974681813,NA,NA,NA,NA,NA,17,135,7.133446564722727
energy_event,32,h6-1.5,structural-magnitude-pruning,HIGH,COMPLETED,2,NA,NA,-2.994172922850472,0.0013925029814703116,NA,NA,NA,NA,NA,18,135,7.133475315949648
energy_event,32,h6-1.5,structural-magnitude-pruning,HIGH,COMPLETED,2,NA,NA,-2.9941729228515435,0.0013925029803987243,NA,NA,NA,NA,NA,19,135,7.133474451244804
energy_event,32,h6-1.5,structural-magnitude-pruning,HIGH,COMPLETED,2,NA,NA,-2.9941729228518015,0.0013925029801407085,NA,NA,NA,NA,NA,20,135,7.13347387095532
energy_event,32,h6-1.5,structural-magnitude-pruning,HIGH,COMPLETED,2,NA,NA,-2.9941729228518237,0.001392502980118504,NA,NA,NA,NA,NA,21,135,7.13347303373618
energy_event,32,h6-1.5,structural-magnitude-pruning,HIGH,COMPLETED,2,NA,NA,-2.9941729228518312,0.0013925029801109545,NA,NA,NA,NA,NA,22,135,7.133472702525661
energy_event,32,h6-1.5,structural-magnitude-pruning,HIGH,COMPLETED,3,NA,NA,-2.9941715613391002,0.0013938644928419563,NA,NA,NA,NA,NA,23,134,7.133472415619154
energy_event,32,h6-1.5,structural-magnitude-pruning,HIGH,COMPLETED,3,NA,NA,-2.993892909893973,0.0016725159379693544,NA,NA,NA,NA,NA,24,134,7.135042126699537
energy_event,32,h6-1.5,structural-magnitude-pruning,HIGH,COMPLETED,3,NA,NA,-2.994172835441248,0.0013925903906941706,NA,NA,NA,NA,NA,25,134,7.133531202623309
energy_event,32,h6-1.5,structural-magnitude-pruning,HIGH,COMPLETED,3,NA,NA,-2.994172839579782,0.0013925862521602106,NA,NA,NA,NA,NA,26,134,7.133513567414375
energy_event,32,h6-1.5,structural-magnitude-pruning,HIGH,COMPLETED,3,NA,NA,-2.9941728399121135,0.001392585919828715,NA,NA,NA,NA,NA,27,134,7.13347465137411
energy_event,32,h6-1.5,structural-magnitude-pruning,HIGH,COMPLETED,3,NA,NA,-2.994172839941935,0.0013925858900072363,NA,NA,NA,NA,NA,28,134,7.133459715656753
energy_event,32,h6-1.5,structural-magnitude-pruning,HIGH,COMPLETED,3,NA,NA,-2.99417283994582,0.001392585886122344,NA,NA,NA,NA,NA,29,134,7.1334582299786975
energy_event,32,h6-1.5,structural-magnitude-pruning,HIGH,COMPLETED,3,NA,NA,-2.9941728399462257,0.0013925858857164464,NA,NA,NA,NA,NA,30,134,7.133459005795203
energy_event,32,h6-1.5,structural-magnitude-pruning,HIGH,COMPLETED,3,NA,NA,-2.9941728399462586,0.0013925858856835838,NA,NA,NA,NA,NA,31,134,7.13345904741901
energy_event,32,h6-1.5,structural-magnitude-pruning,HIGH,COMPLETED,3,NA,NA,-2.994172839946263,0.0013925858856791429,NA,NA,NA,NA,NA,32,134,7.1334590579376975
energy_event,32,h6-1.5,structural-magnitude-pruning,HIGH,COMPLETED,4,NA,NA,-2.9941711840775556,0.001394241754386627,NA,NA,NA,NA,NA,33,133,7.133458668319005
energy_event,32,h6-1.5,structural-magnitude-pruning,HIGH,COMPLETED,4,NA,NA,-2.988204999603019,0.007360426228923078,NA,NA,NA,NA,NA,34,133,7.023062996053456
energy_event,32,h6-1.5,structural-magnitude-pruning,HIGH,COMPLETED,4,NA,NA,-2.994170972835948,0.0013944529959943885,NA,NA,NA,NA,NA,35,133,7.125098275901591
energy_event,32,h6-1.5,structural-magnitude-pruning,HIGH,COMPLETED,4,NA,NA,-2.9941727882933526,0.0013926375385895362,NA,NA,NA,NA,NA,36,133,7.12935438684406
energy_event,32,h6-1.5,structural-magnitude-pruning,HIGH,COMPLETED,4,NA,NA,-2.9941727937743408,0.0013926320576014284,NA,NA,NA,NA,NA,37,133,7.129594532246463
energy_event,32,h6-1.5,structural-magnitude-pruning,HIGH,COMPLETED,4,NA,NA,-2.9941727949069112,0.0013926309250309465,NA,NA,NA,NA,NA,38,133,7.129172209227259
energy_event,32,h6-1.5,structural-magnitude-pruning,HIGH,COMPLETED,4,NA,NA,-2.994172795058106,0.0013926307738363342,NA,NA,NA,NA,NA,39,133,7.129101804405553
energy_event,32,h6-1.5,structural-magnitude-pruning,HIGH,COMPLETED,4,NA,NA,-2.9941727950772656,0.0013926307546765493,NA,NA,NA,NA,NA,40,133,7.1290682921785455
energy_event,32,h6-1.5,structural-magnitude-pruning,HIGH,COMPLETED,4,NA,NA,-2.9941727950789447,0.001392630752997448,NA,NA,NA,NA,NA,41,133,7.1290657732634015
energy_event,32,h6-1.5,structural-magnitude-pruning,HIGH,COMPLETED,4,NA,NA,-2.9941727950791535,0.001392630752788726,NA,NA,NA,NA,NA,42,133,7.129063812419667
energy_event,32,h6-1.5,structural-magnitude-pruning,HIGH,COMPLETED,4,NA,NA,-2.994172795079165,0.0013926307527771797,NA,NA,NA,NA,NA,43,133,7.1290636712307025
energy_event,32,h6-1.5,structural-magnitude-pruning,HIGH,COMPLETED,4,NA,NA,-2.9941727950791743,0.0013926307527678539,NA,NA,NA,NA,NA,44,133,7.12906359717923
energy_event,33,h6-1.5,v4.1-one-shot-joint-compression,HIGH,ALGORITHM_REJECTED,1,NA,NA,-2.121760267810842,0.8738051580211001,NA,NA,NA,NA,NA,1,131,8.724844360885637
energy_event,33,h6-1.5,v4.1-one-shot-joint-compression,HIGH,ALGORITHM_REJECTED,1,NA,NA,-2.4081028277233933,0.5874625981085488,NA,NA,NA,NA,NA,2,131,8.569746383660693
energy_event,33,h6-1.5,v4.1-one-shot-joint-compression,HIGH,ALGORITHM_REJECTED,1,NA,NA,-2.156666627612864,0.8388987982190783,NA,NA,NA,NA,NA,3,131,8.446284911816909
energy_event,33,h6-1.5,v4.1-one-shot-joint-compression,HIGH,ALGORITHM_REJECTED,1,NA,NA,-2.5226790712085654,0.4728863546233768,NA,NA,NA,NA,NA,4,131,8.433336571887994
energy_event,33,h6-1.5,v4.1-one-shot-joint-compression,HIGH,ALGORITHM_REJECTED,1,NA,NA,-2.5549740091225543,0.44059141670938784,NA,NA,NA,NA,NA,5,131,9.083932818326932
energy_event,33,h6-1.5,v4.1-one-shot-joint-compression,HIGH,ALGORITHM_REJECTED,1,NA,NA,-2.5951061586115367,0.4004592672204055,NA,NA,NA,NA,NA,6,131,8.683057160811567
energy_event,33,h6-1.5,v4.1-one-shot-joint-compression,HIGH,ALGORITHM_REJECTED,1,NA,NA,-2.5999788361850054,0.3955865896469368,NA,NA,NA,NA,NA,7,131,8.66268223826842
energy_event,33,h6-1.5,v4.1-one-shot-joint-compression,HIGH,ALGORITHM_REJECTED,1,NA,NA,-2.634820466347597,0.36074495948434526,NA,NA,NA,NA,NA,8,131,8.64612348036387
energy_event,33,h6-1.5,v4.1-one-shot-joint-compression,HIGH,ALGORITHM_REJECTED,1,NA,NA,-2.698199075550012,0.29736635028193037,NA,NA,NA,NA,NA,9,131,8.567706755322972
energy_event,33,h6-1.5,v4.1-one-shot-joint-compression,HIGH,ALGORITHM_REJECTED,1,NA,NA,-2.7056860892347703,0.2898793365971719,NA,NA,NA,NA,NA,10,131,8.557736351579557
energy_event,33,h6-1.5,v4.1-one-shot-joint-compression,HIGH,ALGORITHM_REJECTED,1,NA,NA,-2.7330318368824793,0.2625335889494629,NA,NA,NA,NA,NA,11,131,8.534612996930559
energy_event,33,h6-1.5,v4.1-one-shot-joint-compression,HIGH,ALGORITHM_REJECTED,1,NA,NA,-2.779886486734882,0.21567893909706015,NA,NA,NA,NA,NA,12,131,8.41259478210234
energy_event,33,h6-1.5,v4.1-one-shot-joint-compression,HIGH,ALGORITHM_REJECTED,1,NA,NA,-2.8141996880210467,0.1813657378108955,NA,NA,NA,NA,NA,13,131,8.268032209124577
energy_event,33,h6-1.5,v4.1-one-shot-joint-compression,HIGH,ALGORITHM_REJECTED,1,NA,NA,-2.8007373069288266,0.19482811890311558,NA,NA,NA,NA,NA,14,131,8.274643507925411
energy_event,33,h6-1.5,v4.1-one-shot-joint-compression,HIGH,ALGORITHM_REJECTED,1,NA,NA,-2.8291373901120225,0.1664280357199197,NA,NA,NA,NA,NA,15,131,8.246676989958415
energy_event,33,h6-1.5,v4.1-one-shot-joint-compression,HIGH,ALGORITHM_REJECTED,1,NA,NA,-2.8518819821819856,0.14368344364995655,NA,NA,NA,NA,NA,16,131,8.209698234488565
energy_event,33,h6-1.5,v4.1-one-shot-joint-compression,HIGH,ALGORITHM_REJECTED,1,NA,NA,-2.883244878873726,0.11232054695821603,NA,NA,NA,NA,NA,17,131,8.147203719174545
energy_event,33,h6-1.5,v4.1-one-shot-joint-compression,HIGH,ALGORITHM_REJECTED,1,NA,NA,-2.917022272255683,0.07854315357625907,NA,NA,NA,NA,NA,18,131,7.888946074840207
energy_event,33,h6-1.5,v4.1-one-shot-joint-compression,HIGH,ALGORITHM_REJECTED,1,NA,NA,-2.9115008601828753,0.08406456564906684,NA,NA,NA,NA,NA,19,131,7.653234700248308
energy_event,33,h6-1.5,v4.1-one-shot-joint-compression,HIGH,ALGORITHM_REJECTED,1,NA,NA,-2.932886920120818,0.0626785057111241,NA,NA,NA,NA,NA,20,131,7.753889036784312
energy_event,33,h6-1.5,v4.1-one-shot-joint-compression,HIGH,ALGORITHM_REJECTED,1,NA,NA,-2.9485006266387126,0.04706479919322959,NA,NA,NA,NA,NA,21,131,7.839768951428604
energy_event,33,h6-1.5,v4.1-one-shot-joint-compression,HIGH,ALGORITHM_REJECTED,1,NA,NA,-2.938307911851868,0.05725751398007439,NA,NA,NA,NA,NA,22,131,7.656858236735932
energy_event,33,h6-1.5,v4.1-one-shot-joint-compression,HIGH,ALGORITHM_REJECTED,1,NA,NA,-2.954599736226936,0.04096568960500635,NA,NA,NA,NA,NA,23,131,7.751126127779027
energy_event,33,h6-1.5,v4.1-one-shot-joint-compression,HIGH,ALGORITHM_REJECTED,1,NA,NA,-2.96116531458715,0.03440011124479225,NA,NA,NA,NA,NA,24,131,7.71572426730925
energy_event,33,h6-1.5,v4.1-one-shot-joint-compression,HIGH,ALGORITHM_REJECTED,1,NA,NA,-2.967515234426133,0.028050191405809333,NA,NA,NA,NA,NA,25,131,7.721222653515318
energy_event,33,h6-1.5,v4.1-one-shot-joint-compression,HIGH,ALGORITHM_REJECTED,1,NA,NA,-2.9705296910739762,0.025035734757965944,NA,NA,NA,NA,NA,26,131,7.7159807844176
energy_event,33,h6-1.5,v4.1-one-shot-joint-compression,HIGH,ALGORITHM_REJECTED,1,NA,NA,-2.9742745048628008,0.021290920969141425,NA,NA,NA,NA,NA,27,131,7.715337914766543
energy_event,33,h6-1.5,v4.1-one-shot-joint-compression,HIGH,ALGORITHM_REJECTED,1,NA,NA,-2.9751889494214736,0.02037647641046858,NA,NA,NA,NA,NA,28,131,7.639086966512366
energy_event,33,h6-1.5,v4.1-one-shot-joint-compression,HIGH,ALGORITHM_REJECTED,1,NA,NA,-2.9766206769551906,0.01894474887675157,NA,NA,NA,NA,NA,29,131,7.631297184564842
energy_event,33,h6-1.5,v4.1-one-shot-joint-compression,HIGH,ALGORITHM_REJECTED,1,NA,NA,-2.9783385403332563,0.017226885498685895,NA,NA,NA,NA,NA,30,131,7.617251453003036
energy_event,33,h6-1.5,v4.1-one-shot-joint-compression,HIGH,ALGORITHM_REJECTED,1,NA,NA,-2.9800229785605166,0.015542447271425619,NA,NA,NA,NA,NA,31,131,7.610789533343942
energy_event,33,h6-1.5,v4.1-one-shot-joint-compression,HIGH,ALGORITHM_REJECTED,1,NA,NA,-2.9804865854476907,0.015078840384251446,NA,NA,NA,NA,NA,32,131,7.641626384730912
energy_event,33,h6-1.5,v4.1-one-shot-joint-compression,HIGH,ALGORITHM_REJECTED,1,NA,NA,-2.9811425559018376,0.014422869930104554,NA,NA,NA,NA,NA,33,131,7.6347962108422145
energy_event,33,h6-1.5,v4.1-one-shot-joint-compression,HIGH,ALGORITHM_REJECTED,1,NA,NA,-2.982003570779382,0.013561855052560023,NA,NA,NA,NA,NA,34,131,7.635557623598043
energy_event,33,h6-1.5,v4.1-one-shot-joint-compression,HIGH,ALGORITHM_REJECTED,1,NA,NA,-2.9827324500376635,0.012832975794278667,NA,NA,NA,NA,NA,35,131,7.625412535455356
energy_event,33,h6-1.5,v4.1-one-shot-joint-compression,HIGH,ALGORITHM_REJECTED,1,NA,NA,-2.98362217339093,0.011943252441012131,NA,NA,NA,NA,NA,36,131,7.605223689283132
energy_event,33,h6-1.5,v4.1-one-shot-joint-compression,HIGH,ALGORITHM_REJECTED,1,NA,NA,-2.9844043580094,0.011161067822542226,NA,NA,NA,NA,NA,37,131,7.627597495482173
energy_event,33,h6-1.5,v4.1-one-shot-joint-compression,HIGH,ALGORITHM_REJECTED,1,NA,NA,-2.9848981836471835,0.010667242184758674,NA,NA,NA,NA,NA,38,131,7.638734506939063
energy_event,33,h6-1.5,v4.1-one-shot-joint-compression,HIGH,ALGORITHM_REJECTED,1,NA,NA,-2.9856128790995116,0.009952546732430623,NA,NA,NA,NA,NA,39,131,7.642044018677392
energy_event,33,h6-1.5,v4.1-one-shot-joint-compression,HIGH,ALGORITHM_REJECTED,1,NA,NA,-2.986519887500284,0.009045538331658332,NA,NA,NA,NA,NA,40,131,7.665577035902764
energy_event,33,h6-1.5,v4.1-one-shot-joint-compression,HIGH,ALGORITHM_REJECTED,1,NA,NA,-2.9872061301122628,0.008359295719679416,NA,NA,NA,NA,NA,41,131,7.683827987923072
energy_event,33,h6-1.5,v4.1-one-shot-joint-compression,HIGH,ALGORITHM_REJECTED,1,NA,NA,-2.987500811123273,0.008064614708669371,NA,NA,NA,NA,NA,42,131,7.697975908505469
energy_event,33,h6-1.5,v4.1-one-shot-joint-compression,HIGH,ALGORITHM_REJECTED,1,NA,NA,-2.9879032770159872,0.00766214881595495,NA,NA,NA,NA,NA,43,131,7.710724000638453
energy_event,33,h6-1.5,v4.1-one-shot-joint-compression,HIGH,ALGORITHM_REJECTED,1,NA,NA,-2.988374590051583,0.007190835780359173,NA,NA,NA,NA,NA,44,131,7.712275521144402
energy_event,33,h6-1.5,v4.1-one-shot-joint-compression,HIGH,ALGORITHM_REJECTED,1,NA,NA,-2.9885151048138194,0.007050321018122752,NA,NA,NA,NA,NA,45,131,7.733153536816638
energy_event,33,h6-1.5,v4.1-one-shot-joint-compression,HIGH,ALGORITHM_REJECTED,1,NA,NA,-2.9887234684985464,0.006841957333395765,NA,NA,NA,NA,NA,46,131,7.729235389477219
energy_event,33,h6-1.5,v4.1-one-shot-joint-compression,HIGH,ALGORITHM_REJECTED,1,NA,NA,-2.988934851484093,0.006630574347849194,NA,NA,NA,NA,NA,47,131,7.731120797520933
energy_event,33,h6-1.5,v4.1-one-shot-joint-compression,HIGH,ALGORITHM_REJECTED,1,NA,NA,-2.9890530900199574,0.006512335811984737,NA,NA,NA,NA,NA,48,131,7.717595631108286
energy_event,33,h6-1.5,v4.1-one-shot-joint-compression,HIGH,ALGORITHM_REJECTED,1,NA,NA,-2.989185665457839,0.0063797603741031494,NA,NA,NA,NA,NA,49,131,7.727785346590361
energy_event,33,h6-1.5,v4.1-one-shot-joint-compression,HIGH,ALGORITHM_REJECTED,1,NA,NA,-2.9893351487556648,0.006230277076277435,NA,NA,NA,NA,NA,50,131,7.730397823196604
energy_event,33,h6-1.5,v4.1-one-shot-joint-compression,HIGH,ALGORITHM_REJECTED,1,NA,NA,-2.989467950535491,0.006097475296451105,NA,NA,NA,NA,NA,51,131,7.736255254936089
energy_event,33,h6-1.5,v4.1-one-shot-joint-compression,HIGH,ALGORITHM_REJECTED,1,NA,NA,-2.9896018575666847,0.005963568265257457,NA,NA,NA,NA,NA,52,131,7.742266723256337
energy_event,33,h6-1.5,v4.1-one-shot-joint-compression,HIGH,ALGORITHM_REJECTED,1,NA,NA,-2.989697522632864,0.0058679031990780395,NA,NA,NA,NA,NA,53,131,7.752734745682002
energy_event,33,h6-1.5,v4.1-one-shot-joint-compression,HIGH,ALGORITHM_REJECTED,1,NA,NA,-2.9897793945717415,0.005786031260200719,NA,NA,NA,NA,NA,54,131,7.752968346516467
energy_event,33,h6-1.5,v4.1-one-shot-joint-compression,HIGH,ALGORITHM_REJECTED,1,NA,NA,-2.989837075964058,0.005728349867884397,NA,NA,NA,NA,NA,55,131,7.7535621156271715
energy_event,33,h6-1.5,v4.1-one-shot-joint-compression,HIGH,ALGORITHM_REJECTED,1,NA,NA,-2.989907912068285,0.005657513763657196,NA,NA,NA,NA,NA,56,131,7.760593235697453
energy_event,33,h6-1.5,v4.1-one-shot-joint-compression,HIGH,ALGORITHM_REJECTED,1,NA,NA,-2.989964740805924,0.005600685026018404,NA,NA,NA,NA,NA,57,131,7.771400754590357
energy_event,33,h6-1.5,v4.1-one-shot-joint-compression,HIGH,ALGORITHM_REJECTED,1,NA,NA,-2.99002283104576,0.005542594786182242,NA,NA,NA,NA,NA,58,131,7.7756070290252115
energy_event,33,h6-1.5,v4.1-one-shot-joint-compression,HIGH,ALGORITHM_REJECTED,1,NA,NA,-2.9900880527099774,0.005477373121964835,NA,NA,NA,NA,NA,59,131,7.786064149744875
energy_event,33,h6-1.5,v4.1-one-shot-joint-compression,HIGH,ALGORITHM_REJECTED,1,NA,NA,-2.990147528720664,0.005417897111278158,NA,NA,NA,NA,NA,60,131,7.795073203554212
energy_event,33,h6-1.5,v4.1-one-shot-joint-compression,HIGH,ALGORITHM_REJECTED,1,NA,NA,-2.9902108335483133,0.0053545922836288895,NA,NA,NA,NA,NA,61,131,7.805036631161409
energy_event,33,h6-1.5,v4.1-one-shot-joint-compression,HIGH,ALGORITHM_REJECTED,1,NA,NA,-2.9902434825792086,0.0053219432527336075,NA,NA,NA,NA,NA,62,131,7.803989610063719
energy_event,33,h6-1.5,v4.1-one-shot-joint-compression,HIGH,ALGORITHM_REJECTED,1,NA,NA,-2.9902910778960137,0.005274347935928514,NA,NA,NA,NA,NA,63,131,7.80589532442344
energy_event,33,h6-1.5,v4.1-one-shot-joint-compression,HIGH,ALGORITHM_REJECTED,1,NA,NA,-2.990346627891892,0.005218797940050202,NA,NA,NA,NA,NA,64,131,7.797612102392319
energy_event,33,h6-1.5,v4.1-one-shot-joint-compression,HIGH,ALGORITHM_REJECTED,1,NA,NA,-2.9903703755891886,0.005195050242753574,NA,NA,NA,NA,NA,65,131,7.8035398331026915
energy_event,33,h6-1.5,v4.1-one-shot-joint-compression,HIGH,ALGORITHM_REJECTED,1,NA,NA,-2.990407158541838,0.005158267290104046,NA,NA,NA,NA,NA,66,131,7.797890779053786
energy_event,33,h6-1.5,v4.1-one-shot-joint-compression,HIGH,ALGORITHM_REJECTED,1,NA,NA,-2.990454288829115,0.005111137002827171,NA,NA,NA,NA,NA,67,131,7.786867092691085
energy_event,33,h6-1.5,v4.1-one-shot-joint-compression,HIGH,ALGORITHM_REJECTED,1,NA,NA,-2.990495634131968,0.005069791699974235,NA,NA,NA,NA,NA,68,131,7.7767455235193506
energy_event,33,h6-1.5,v4.1-one-shot-joint-compression,HIGH,ALGORITHM_REJECTED,1,NA,NA,-2.9905329748841,0.005032450947842104,NA,NA,NA,NA,NA,69,131,7.775622542928113
energy_event,33,h6-1.5,v4.1-one-shot-joint-compression,HIGH,ALGORITHM_REJECTED,1,NA,NA,-2.9905714909535734,0.004993934878368744,NA,NA,NA,NA,NA,70,131,7.777046571981261
energy_event,33,h6-1.5,v4.1-one-shot-joint-compression,HIGH,ALGORITHM_REJECTED,1,NA,NA,-2.990608647064169,0.00495677876777334,NA,NA,NA,NA,NA,71,131,7.778029393864171
energy_event,33,h6-1.5,v4.1-one-shot-joint-compression,HIGH,ALGORITHM_REJECTED,1,NA,NA,-2.990635728891917,0.004929696940024986,NA,NA,NA,NA,NA,72,131,7.780977705208833
energy_event,33,h6-1.5,v4.1-one-shot-joint-compression,HIGH,ALGORITHM_REJECTED,1,NA,NA,-2.9906588116106305,0.004906614221311667,NA,NA,NA,NA,NA,73,131,7.777143961245954
energy_event,33,h6-1.5,v4.1-one-shot-joint-compression,HIGH,ALGORITHM_REJECTED,1,NA,NA,-2.9906825929789416,0.004882832853000618,NA,NA,NA,NA,NA,74,131,7.778780281253716
energy_event,33,h6-1.5,v4.1-one-shot-joint-compression,HIGH,ALGORITHM_REJECTED,1,NA,NA,-2.9907034267845356,0.004861999047406584,NA,NA,NA,NA,NA,75,131,7.779633079398367
energy_event,33,h6-1.5,v4.1-one-shot-joint-compression,HIGH,ALGORITHM_REJECTED,1,NA,NA,-2.9907249663268716,0.004840459505070616,NA,NA,NA,NA,NA,76,131,7.777596973044815
energy_event,33,h6-1.5,v4.1-one-shot-joint-compression,HIGH,ALGORITHM_REJECTED,1,NA,NA,-2.990739985467912,0.004825440364029987,NA,NA,NA,NA,NA,77,131,7.780228155979419
energy_event,33,h6-1.5,v4.1-one-shot-joint-compression,HIGH,ALGORITHM_REJECTED,1,NA,NA,-2.9907549460491083,0.0048104797828338874,NA,NA,NA,NA,NA,78,131,7.777566107433023
energy_event,33,h6-1.5,v4.1-one-shot-joint-compression,HIGH,ALGORITHM_REJECTED,1,NA,NA,-2.9907740400408245,0.004791385791117708,NA,NA,NA,NA,NA,79,131,7.781579115529442
energy_event,33,h6-1.5,v4.1-one-shot-joint-compression,HIGH,ALGORITHM_REJECTED,1,NA,NA,-2.9907979725383935,0.004767453293548662,NA,NA,NA,NA,NA,80,131,7.78870060989781
energy_event,33,h6-1.5,v4.1-one-shot-joint-compression,HIGH,ALGORITHM_REJECTED,1,NA,NA,-2.9908277305738826,0.00473769525805956,NA,NA,NA,NA,NA,81,131,7.801872138495232
energy_event,33,h6-1.5,v4.1-one-shot-joint-compression,HIGH,ALGORITHM_REJECTED,1,NA,NA,-2.990861008202501,0.004704417629441071,NA,NA,NA,NA,NA,82,131,7.813581585478862
energy_event,33,h6-1.5,v4.1-one-shot-joint-compression,HIGH,ALGORITHM_REJECTED,1,NA,NA,-2.990899146272924,0.004666279559017994,NA,NA,NA,NA,NA,83,131,7.826464643325009
energy_event,33,h6-1.5,v4.1-one-shot-joint-compression,HIGH,ALGORITHM_REJECTED,1,NA,NA,-2.990934780423814,0.004630645408127965,NA,NA,NA,NA,NA,84,131,7.84062754634616
energy_event,33,h6-1.5,v4.1-one-shot-joint-compression,HIGH,ALGORITHM_REJECTED,1,NA,NA,-2.9909580225893646,0.004607403242577579,NA,NA,NA,NA,NA,85,131,7.845488863677496
energy_event,33,h6-1.5,v4.1-one-shot-joint-compression,HIGH,ALGORITHM_REJECTED,1,NA,NA,-2.990985629008591,0.004579796823350968,NA,NA,NA,NA,NA,86,131,7.84203280527333
energy_event,33,h6-1.5,v4.1-one-shot-joint-compression,HIGH,ALGORITHM_REJECTED,1,NA,NA,-2.991011173003793,0.004554252828149252,NA,NA,NA,NA,NA,87,131,7.851293114909503
energy_event,33,h6-1.5,v4.1-one-shot-joint-compression,HIGH,ALGORITHM_REJECTED,1,NA,NA,-2.991034661841992,0.004530763989950337,NA,NA,NA,NA,NA,88,131,7.8476558540913315
energy_event,33,h6-1.5,v4.1-one-shot-joint-compression,HIGH,ALGORITHM_REJECTED,1,NA,NA,-2.9910655369472186,0.004499888884723635,NA,NA,NA,NA,NA,89,131,7.854615128587882
energy_event,33,h6-1.5,v4.1-one-shot-joint-compression,HIGH,ALGORITHM_REJECTED,1,NA,NA,-2.9910923422827884,0.004473083549153767,NA,NA,NA,NA,NA,90,131,7.862246261391111
energy_event,33,h6-1.5,v4.1-one-shot-joint-compression,HIGH,ALGORITHM_REJECTED,1,NA,NA,-2.9911141200035827,0.004451305828359509,NA,NA,NA,NA,NA,91,131,7.862844759311199
energy_event,33,h6-1.5,v4.1-one-shot-joint-compression,HIGH,ALGORITHM_REJECTED,1,NA,NA,-2.9911385590729145,0.004426866759027703,NA,NA,NA,NA,NA,92,131,7.85621915390156
energy_event,33,h6-1.5,v4.1-one-shot-joint-compression,HIGH,ALGORITHM_REJECTED,1,NA,NA,-2.991156087890703,0.004409337941239322,NA,NA,NA,NA,NA,93,131,7.857696879044755
energy_event,33,h6-1.5,v4.1-one-shot-joint-compression,HIGH,ALGORITHM_REJECTED,1,NA,NA,-2.9911790450876934,0.004386380744248797,NA,NA,NA,NA,NA,94,131,7.8466140972977145
energy_event,33,h6-1.5,v4.1-one-shot-joint-compression,HIGH,ALGORITHM_REJECTED,1,NA,NA,-2.9912107559204557,0.004354669911486475,NA,NA,NA,NA,NA,95,131,7.842245194467291
energy_event,33,h6-1.5,v4.1-one-shot-joint-compression,HIGH,ALGORITHM_REJECTED,1,NA,NA,-2.991249843170254,0.0043155826616883,NA,NA,NA,NA,NA,96,131,7.831324114331637
energy_event,33,h6-1.5,v4.1-one-shot-joint-compression,HIGH,ALGORITHM_REJECTED,1,NA,NA,-2.9912836507401734,0.004281775091768747,NA,NA,NA,NA,NA,97,131,7.82612866617407
energy_event,33,h6-1.5,v4.1-one-shot-joint-compression,HIGH,ALGORITHM_REJECTED,1,NA,NA,-2.991319434970966,0.00424599086097599,NA,NA,NA,NA,NA,98,131,7.8201059670942765
energy_event,33,h6-1.5,v4.1-one-shot-joint-compression,HIGH,ALGORITHM_REJECTED,1,NA,NA,-2.991362109552377,0.004203316279565161,NA,NA,NA,NA,NA,99,131,7.821546502721839
energy_event,33,h6-1.5,v4.1-one-shot-joint-compression,HIGH,ALGORITHM_REJECTED,1,NA,NA,-2.9914160012708644,0.004149424561077808,NA,NA,NA,NA,NA,100,131,7.8195942184763565
energy_event,33,h6-1.5,v4.1-one-shot-joint-compression,HIGH,ALGORITHM_REJECTED,1,NA,NA,-2.9914756934357007,0.004089732396241441,NA,NA,NA,NA,NA,101,131,7.811017484522278
energy_event,33,h6-1.5,v4.1-one-shot-joint-compression,HIGH,ALGORITHM_REJECTED,1,NA,NA,-2.9915243697505747,0.004041056081367511,NA,NA,NA,NA,NA,102,131,7.8176749035257735
energy_event,33,h6-1.5,v4.1-one-shot-joint-compression,HIGH,ALGORITHM_REJECTED,1,NA,NA,-2.991563310125816,0.004002115706126297,NA,NA,NA,NA,NA,103,131,7.8096550191537855
energy_event,33,h6-1.5,v4.1-one-shot-joint-compression,HIGH,ALGORITHM_REJECTED,1,NA,NA,-2.9916126011986655,0.00395282463327673,NA,NA,NA,NA,NA,104,131,7.808609787599422
energy_event,33,h6-1.5,v4.1-one-shot-joint-compression,HIGH,ALGORITHM_REJECTED,1,NA,NA,-2.9916623827424713,0.00390304308947087,NA,NA,NA,NA,NA,105,131,7.808916603702141
energy_event,33,h6-1.5,v4.1-one-shot-joint-compression,HIGH,ALGORITHM_REJECTED,1,NA,NA,-2.991715264319219,0.003850161512723105,NA,NA,NA,NA,NA,106,131,7.817228791046962
energy_event,33,h6-1.5,v4.1-one-shot-joint-compression,HIGH,ALGORITHM_REJECTED,1,NA,NA,-2.9917484190729438,0.0038170067589984313,NA,NA,NA,NA,NA,107,131,7.821628550603237
energy_event,33,h6-1.5,v4.1-one-shot-joint-compression,HIGH,ALGORITHM_REJECTED,1,NA,NA,-2.9918014013277667,0.003764024504175456,NA,NA,NA,NA,NA,108,131,7.822661301769546
energy_event,33,h6-1.5,v4.1-one-shot-joint-compression,HIGH,ALGORITHM_REJECTED,1,NA,NA,-2.991875771208394,0.0036896546235483108,NA,NA,NA,NA,NA,109,131,7.821990561666244
energy_event,33,h6-1.5,v4.1-one-shot-joint-compression,HIGH,ALGORITHM_REJECTED,1,NA,NA,-2.9919280514738897,0.0036373743580524476,NA,NA,NA,NA,NA,110,131,7.830877058507078
energy_event,33,h6-1.5,v4.1-one-shot-joint-compression,HIGH,ALGORITHM_REJECTED,1,NA,NA,-2.991983522200342,0.0035819036316002695,NA,NA,NA,NA,NA,111,131,7.831384514084741
energy_event,33,h6-1.5,v4.1-one-shot-joint-compression,HIGH,ALGORITHM_REJECTED,1,NA,NA,-2.992021137381174,0.0035442884507683736,NA,NA,NA,NA,NA,112,131,7.832767079110165
energy_event,33,h6-1.5,v4.1-one-shot-joint-compression,HIGH,ALGORITHM_REJECTED,1,NA,NA,-2.9920701163235868,0.0034953095083554153,NA,NA,NA,NA,NA,113,131,7.839939879998901
energy_event,33,h6-1.5,v4.1-one-shot-joint-compression,HIGH,ALGORITHM_REJECTED,1,NA,NA,-2.992119304199725,0.003446121632217025,NA,NA,NA,NA,NA,114,131,7.844735310188037
energy_event,33,h6-1.5,v4.1-one-shot-joint-compression,HIGH,ALGORITHM_REJECTED,1,NA,NA,-2.9921508489473423,0.003414576884599896,NA,NA,NA,NA,NA,115,131,7.852682846180588
energy_event,33,h6-1.5,v4.1-one-shot-joint-compression,HIGH,ALGORITHM_REJECTED,1,NA,NA,-2.992191488429374,0.0033739374025683055,NA,NA,NA,NA,NA,116,131,7.8496965323727865
energy_event,33,h6-1.5,v4.1-one-shot-joint-compression,HIGH,ALGORITHM_REJECTED,1,NA,NA,-2.9922235266531128,0.0033418991788294328,NA,NA,NA,NA,NA,117,131,7.846752170739615
energy_event,33,h6-1.5,v4.1-one-shot-joint-compression,HIGH,ALGORITHM_REJECTED,1,NA,NA,-2.9922464920356946,0.0033189337962475918,NA,NA,NA,NA,NA,118,131,7.8503139042947
energy_event,33,h6-1.5,v4.1-one-shot-joint-compression,HIGH,ALGORITHM_REJECTED,1,NA,NA,-2.992272290511018,0.003293135320924012,NA,NA,NA,NA,NA,119,131,7.838745590000494
energy_event,33,h6-1.5,v4.1-one-shot-joint-compression,HIGH,ALGORITHM_REJECTED,1,NA,NA,-2.9922990764169497,0.0032663494149924865,NA,NA,NA,NA,NA,120,131,7.833169177399486
energy_event,33,h6-1.5,v4.1-one-shot-joint-compression,HIGH,ALGORITHM_REJECTED,1,NA,NA,-2.992326517024768,0.0032389088071740346,NA,NA,NA,NA,NA,121,131,7.824479364869447
energy_event,33,h6-1.5,v4.1-one-shot-joint-compression,HIGH,ALGORITHM_REJECTED,1,NA,NA,-2.992349596256877,0.0032158295750650545,NA,NA,NA,NA,NA,122,131,7.8159196792796335
energy_event,33,h6-1.5,v4.1-one-shot-joint-compression,HIGH,ALGORITHM_REJECTED,1,NA,NA,-2.9923751469715616,0.003190278860380591,NA,NA,NA,NA,NA,123,131,7.808565374592886
energy_event,33,h6-1.5,v4.1-one-shot-joint-compression,HIGH,ALGORITHM_REJECTED,1,NA,NA,-2.9924003752512385,0.00316505058070371,NA,NA,NA,NA,NA,124,131,7.801179827043816
energy_event,33,h6-1.5,v4.1-one-shot-joint-compression,HIGH,ALGORITHM_REJECTED,1,NA,NA,-2.992427645895869,0.003137779936073226,NA,NA,NA,NA,NA,125,131,7.793217402231044
energy_event,33,h6-1.5,v4.1-one-shot-joint-compression,HIGH,ALGORITHM_REJECTED,1,NA,NA,-2.9924558598468436,0.0031095659850985946,NA,NA,NA,NA,NA,126,131,7.7761335915628615
energy_event,33,h6-1.5,v4.1-one-shot-joint-compression,HIGH,ALGORITHM_REJECTED,1,NA,NA,-2.992492939637658,0.0030724861942843518,NA,NA,NA,NA,NA,127,131,7.757119506051051
energy_event,33,h6-1.5,v4.1-one-shot-joint-compression,HIGH,ALGORITHM_REJECTED,1,NA,NA,-2.9925369332692338,0.003028492562708429,NA,NA,NA,NA,NA,128,131,7.730585452167597
energy_event,33,h6-1.5,v4.1-one-shot-joint-compression,HIGH,ALGORITHM_REJECTED,1,NA,NA,-2.9925610838805974,0.003004341951344802,NA,NA,NA,NA,NA,129,131,7.7160383354596505
energy_event,33,h6-1.5,v4.1-one-shot-joint-compression,HIGH,ALGORITHM_REJECTED,1,NA,NA,-2.9925872821804207,0.002978143651521492,NA,NA,NA,NA,NA,130,131,7.711159409963216
energy_event,33,h6-1.5,v4.1-one-shot-joint-compression,HIGH,ALGORITHM_REJECTED,1,NA,NA,-2.992613101217529,0.002952324614413193,NA,NA,NA,NA,NA,131,131,7.706680323573583
energy_event,33,h6-1.5,v4.1-one-shot-joint-compression,HIGH,ALGORITHM_REJECTED,1,NA,NA,-2.9926363898298334,0.002929036002108809,NA,NA,NA,NA,NA,132,131,7.699791907961076
energy_event,33,h6-1.5,v4.1-one-shot-joint-compression,HIGH,ALGORITHM_REJECTED,1,NA,NA,-2.99265634962092,0.00290907621102221,NA,NA,NA,NA,NA,133,131,7.700368711012474
energy_event,33,h6-1.5,v4.1-one-shot-joint-compression,HIGH,ALGORITHM_REJECTED,1,NA,NA,-2.9926736141110575,0.002891811720884707,NA,NA,NA,NA,NA,134,131,7.690738573475902
energy_event,33,h6-1.5,v4.1-one-shot-joint-compression,HIGH,ALGORITHM_REJECTED,1,NA,NA,-2.9926917252428833,0.002873700589058892,NA,NA,NA,NA,NA,135,131,7.688575311283453
energy_event,33,h6-1.5,v4.1-one-shot-joint-compression,HIGH,ALGORITHM_REJECTED,1,NA,NA,-2.9927030709806077,0.0028623548513344588,NA,NA,NA,NA,NA,136,131,7.683166996108361
energy_event,33,h6-1.5,v4.1-one-shot-joint-compression,HIGH,ALGORITHM_REJECTED,1,NA,NA,-2.9927159255011615,0.0028495003307806854,NA,NA,NA,NA,NA,137,131,7.68371619236849
energy_event,33,h6-1.5,v4.1-one-shot-joint-compression,HIGH,ALGORITHM_REJECTED,1,NA,NA,-2.992729550202454,0.0028358756294881715,NA,NA,NA,NA,NA,138,131,7.676034765079057
energy_event,33,h6-1.5,v4.1-one-shot-joint-compression,HIGH,ALGORITHM_REJECTED,1,NA,NA,-2.9927472759857348,0.0028181498462074295,NA,NA,NA,NA,NA,139,131,7.6764329427617195
energy_event,33,h6-1.5,v4.1-one-shot-joint-compression,HIGH,ALGORITHM_REJECTED,1,NA,NA,-2.9927662442015324,0.0027991816304098194,NA,NA,NA,NA,NA,140,131,7.6732775623683604
energy_event,33,h6-1.5,v4.1-one-shot-joint-compression,HIGH,ALGORITHM_REJECTED,1,NA,NA,-2.9927793360544115,0.002786089777530698,NA,NA,NA,NA,NA,141,131,7.673699389503042
energy_event,33,h6-1.5,v4.1-one-shot-joint-compression,HIGH,ALGORITHM_REJECTED,1,NA,NA,-2.992793156291337,0.0027722695406051656,NA,NA,NA,NA,NA,142,131,7.670654093288976
energy_event,33,h6-1.5,v4.1-one-shot-joint-compression,HIGH,ALGORITHM_REJECTED,1,NA,NA,-2.9928100947513046,0.002755331080637635,NA,NA,NA,NA,NA,143,131,7.67110741980615
energy_event,33,h6-1.5,v4.1-one-shot-joint-compression,HIGH,ALGORITHM_REJECTED,1,NA,NA,-2.992826560256612,0.002738865575329985,NA,NA,NA,NA,NA,144,131,7.66847934868469
energy_event,33,h6-1.5,v4.1-one-shot-joint-compression,HIGH,ALGORITHM_REJECTED,1,NA,NA,-2.992839596381058,0.0027258294508842873,NA,NA,NA,NA,NA,145,131,7.669641073895845
energy_event,33,h6-1.5,v4.1-one-shot-joint-compression,HIGH,ALGORITHM_REJECTED,1,NA,NA,-2.9928517182588883,0.0027137075730538918,NA,NA,NA,NA,NA,146,131,7.6669101026687665
energy_event,33,h6-1.5,v4.1-one-shot-joint-compression,HIGH,ALGORITHM_REJECTED,1,NA,NA,-2.992862431715455,0.002702994116487112,NA,NA,NA,NA,NA,147,131,7.663178579851512
energy_event,33,h6-1.5,v4.1-one-shot-joint-compression,HIGH,ALGORITHM_REJECTED,1,NA,NA,-2.992873738482834,0.002691687349108296,NA,NA,NA,NA,NA,148,131,7.660435476410831
energy_event,33,h6-1.5,v4.1-one-shot-joint-compression,HIGH,ALGORITHM_REJECTED,1,NA,NA,-2.992883643820777,0.0026817820111650903,NA,NA,NA,NA,NA,149,131,7.659065892476916
energy_event,33,h6-1.5,v4.1-one-shot-joint-compression,HIGH,ALGORITHM_REJECTED,1,NA,NA,-2.992893054150353,0.0026723716815890697,NA,NA,NA,NA,NA,150,131,7.662229172916978
energy_event,33,h6-1.5,v4.1-one-shot-joint-compression,HIGH,ALGORITHM_REJECTED,1,NA,NA,-2.992900901892125,0.0026645239398170872,NA,NA,NA,NA,NA,151,131,7.662232388228242
energy_event,33,h6-1.5,v4.1-one-shot-joint-compression,HIGH,ALGORITHM_REJECTED,1,NA,NA,-2.9929107594904845,0.002654666341457723,NA,NA,NA,NA,NA,152,131,7.667784363953587
energy_event,33,h6-1.5,v4.1-one-shot-joint-compression,HIGH,ALGORITHM_REJECTED,1,NA,NA,-2.992920663208295,0.00264476262364699,NA,NA,NA,NA,NA,153,131,7.673740119752007
energy_event,33,h6-1.5,v4.1-one-shot-joint-compression,HIGH,ALGORITHM_REJECTED,1,NA,NA,-2.992929364729669,0.002636061102273324,NA,NA,NA,NA,NA,154,131,7.68124611188629
energy_event,33,h6-1.5,v4.1-one-shot-joint-compression,HIGH,ALGORITHM_REJECTED,1,NA,NA,-2.9929350759191458,0.002630349912796426,NA,NA,NA,NA,NA,155,131,7.690690931992207
energy_event,33,h6-1.5,v4.1-one-shot-joint-compression,HIGH,ALGORITHM_REJECTED,1,NA,NA,-2.9929432644086793,0.002622161423262881,NA,NA,NA,NA,NA,156,131,7.6925638934918315
energy_event,33,h6-1.5,v4.1-one-shot-joint-compression,HIGH,ALGORITHM_REJECTED,1,NA,NA,-2.9929524410550723,0.0026129847768698866,NA,NA,NA,NA,NA,157,131,7.700411164560332
energy_event,33,h6-1.5,v4.1-one-shot-joint-compression,HIGH,ALGORITHM_REJECTED,1,NA,NA,-2.9929605261751506,0.0026048996567915594,NA,NA,NA,NA,NA,158,131,7.7052947732878065
energy_event,33,h6-1.5,v4.1-one-shot-joint-compression,HIGH,ALGORITHM_REJECTED,1,NA,NA,-2.9929696511913115,0.0025957746406306548,NA,NA,NA,NA,NA,159,131,7.718455261025501
energy_event,33,h6-1.5,v4.1-one-shot-joint-compression,HIGH,ALGORITHM_REJECTED,1,NA,NA,-2.992980147842392,0.0025852779895503275,NA,NA,NA,NA,NA,160,131,7.739707065643785
energy_event,33,h6-1.5,v4.1-one-shot-joint-compression,HIGH,ALGORITHM_REJECTED,1,NA,NA,-2.9929893453157383,0.002576080516203838,NA,NA,NA,NA,NA,161,131,7.752872042659435
energy_event,33,h6-1.5,v4.1-one-shot-joint-compression,HIGH,ALGORITHM_REJECTED,1,NA,NA,-2.9930037809698766,0.0025616448620655596,NA,NA,NA,NA,NA,162,131,7.774369709710043
energy_event,33,h6-1.5,v4.1-one-shot-joint-compression,HIGH,ALGORITHM_REJECTED,1,NA,NA,-2.9930219470965618,0.002543478735380411,NA,NA,NA,NA,NA,163,131,7.81351630230067
energy_event,33,h6-1.5,v4.1-one-shot-joint-compression,HIGH,ALGORITHM_REJECTED,1,NA,NA,-2.9930344481306133,0.002530977701328929,NA,NA,NA,NA,NA,164,131,7.84997211422169
energy_event,33,h6-1.5,v4.1-one-shot-joint-compression,HIGH,ALGORITHM_REJECTED,1,NA,NA,-2.993050338955849,0.002515086876093253,NA,NA,NA,NA,NA,165,131,7.868452856782031
energy_event,33,h6-1.5,v4.1-one-shot-joint-compression,HIGH,ALGORITHM_REJECTED,1,NA,NA,-2.9930695590206495,0.0024958668112926574,NA,NA,NA,NA,NA,166,131,7.877500487659795
energy_event,33,h6-1.5,v4.1-one-shot-joint-compression,HIGH,ALGORITHM_REJECTED,1,NA,NA,-2.9930897534233796,0.0024756724085626125,NA,NA,NA,NA,NA,167,131,7.908823143168868
energy_event,33,h6-1.5,v4.1-one-shot-joint-compression,HIGH,ALGORITHM_REJECTED,1,NA,NA,-2.9931112197914036,0.002454206040538587,NA,NA,NA,NA,NA,168,131,7.942716137595763
energy_event,33,h6-1.5,v4.1-one-shot-joint-compression,HIGH,ALGORITHM_REJECTED,1,NA,NA,-2.993119288736005,0.0024461370959372175,NA,NA,NA,NA,NA,169,131,8.01126999228524
energy_event,33,h6-1.5,v4.1-one-shot-joint-compression,HIGH,ALGORITHM_REJECTED,1,NA,NA,-2.9931320864494104,0.002433339382531763,NA,NA,NA,NA,NA,170,131,8.001605532017466
energy_event,33,h6-1.5,v4.1-one-shot-joint-compression,HIGH,ALGORITHM_REJECTED,1,NA,NA,-2.9931478744720206,0.0024175513599216103,NA,NA,NA,NA,NA,171,131,7.999689856610282
energy_event,33,h6-1.5,v4.1-one-shot-joint-compression,HIGH,ALGORITHM_REJECTED,1,NA,NA,-2.9931559583361467,0.0024094674957955142,NA,NA,NA,NA,NA,172,131,7.99446800610091
energy_event,33,h6-1.5,v4.1-one-shot-joint-compression,HIGH,ALGORITHM_REJECTED,1,NA,NA,-2.9931626904271007,0.002402735404841483,NA,NA,NA,NA,NA,173,131,8.008152456990548
energy_event,33,h6-1.5,v4.1-one-shot-joint-compression,HIGH,ALGORITHM_REJECTED,1,NA,NA,-2.9931687804032414,0.002396645428700772,NA,NA,NA,NA,NA,174,131,8.022256156361252
energy_event,33,h6-1.5,v4.1-one-shot-joint-compression,HIGH,ALGORITHM_REJECTED,1,NA,NA,-2.9931739625333846,0.00239146329855755,NA,NA,NA,NA,NA,175,131,8.03535267958674
energy_event,33,h6-1.5,v4.1-one-shot-joint-compression,HIGH,ALGORITHM_REJECTED,1,NA,NA,-2.9931774656521095,0.002387960179832671,NA,NA,NA,NA,NA,176,131,8.038662264115132
energy_event,33,h6-1.5,v4.1-one-shot-joint-compression,HIGH,ALGORITHM_REJECTED,1,NA,NA,-2.99318048148356,0.002384944348382323,NA,NA,NA,NA,NA,177,131,8.038798772372942
energy_event,33,h6-1.5,v4.1-one-shot-joint-compression,HIGH,ALGORITHM_REJECTED,1,NA,NA,-2.993183947697641,0.0023814781343012292,NA,NA,NA,NA,NA,178,131,8.043624349824116
energy_event,33,h6-1.5,v4.1-one-shot-joint-compression,HIGH,ALGORITHM_REJECTED,1,NA,NA,-2.9931861806952953,0.0023792451366468903,NA,NA,NA,NA,NA,179,131,8.043781990596543
energy_event,33,h6-1.5,v4.1-one-shot-joint-compression,HIGH,ALGORITHM_REJECTED,1,NA,NA,-2.99318787929002,0.0023775465419220154,NA,NA,NA,NA,NA,180,131,8.048130739110045
energy_event,33,h6-1.5,v4.1-one-shot-joint-compression,HIGH,ALGORITHM_REJECTED,1,NA,NA,-2.993189396908402,0.0023760289235403853,NA,NA,NA,NA,NA,181,131,8.047684445798698
energy_event,33,h6-1.5,v4.1-one-shot-joint-compression,HIGH,ALGORITHM_REJECTED,1,NA,NA,-2.993190620259173,0.0023748055727690343,NA,NA,NA,NA,NA,182,131,8.048568822343176
energy_event,33,h6-1.5,v4.1-one-shot-joint-compression,HIGH,ALGORITHM_REJECTED,1,NA,NA,-2.9931918873874443,0.002373538444497836,NA,NA,NA,NA,NA,183,131,8.049127455899661
energy_event,33,h6-1.5,v4.1-one-shot-joint-compression,HIGH,ALGORITHM_REJECTED,1,NA,NA,-2.9931931367291487,0.0023722891027935233,NA,NA,NA,NA,NA,184,131,8.049663893086084
energy_event,33,h6-1.5,v4.1-one-shot-joint-compression,HIGH,ALGORITHM_REJECTED,1,NA,NA,-2.9931943204198777,0.0023711054120645336,NA,NA,NA,NA,NA,185,131,8.055312572861363
energy_event,33,h6-1.5,v4.1-one-shot-joint-compression,HIGH,ALGORITHM_REJECTED,1,NA,NA,-2.9931956642951936,0.0023697615367486158,NA,NA,NA,NA,NA,186,131,8.056086725882238
energy_event,33,h6-1.5,v4.1-one-shot-joint-compression,HIGH,ALGORITHM_REJECTED,1,NA,NA,-2.9931974178799647,0.0023680079519774466,NA,NA,NA,NA,NA,187,131,8.056551958238973
energy_event,33,h6-1.5,v4.1-one-shot-joint-compression,HIGH,ALGORITHM_REJECTED,1,NA,NA,-2.993198905734811,0.0023665200971310085,NA,NA,NA,NA,NA,188,131,8.058872823511154
energy_event,33,h6-1.5,v4.1-one-shot-joint-compression,HIGH,ALGORITHM_REJECTED,1,NA,NA,-2.9932005804290034,0.0023648454029387977,NA,NA,NA,NA,NA,189,131,8.058887993455961
energy_event,33,h6-1.5,v4.1-one-shot-joint-compression,HIGH,ALGORITHM_REJECTED,1,NA,NA,-2.993202812227114,0.0023626136048280344,NA,NA,NA,NA,NA,190,131,8.062445019607491
energy_event,33,h6-1.5,v4.1-one-shot-joint-compression,HIGH,ALGORITHM_REJECTED,1,NA,NA,-2.9932051945076306,0.0023602313243116235,NA,NA,NA,NA,NA,191,131,8.065698089185252
energy_event,33,h6-1.5,v4.1-one-shot-joint-compression,HIGH,ALGORITHM_REJECTED,1,NA,NA,-2.9932069736746434,0.002358452157298796,NA,NA,NA,NA,NA,192,131,8.069545553679317
energy_event,33,h6-1.5,v4.1-one-shot-joint-compression,HIGH,ALGORITHM_REJECTED,1,NA,NA,-2.993208380133357,0.0023570456985853028,NA,NA,NA,NA,NA,193,131,8.071429312197367
energy_event,33,h6-1.5,v4.1-one-shot-joint-compression,HIGH,ALGORITHM_REJECTED,1,NA,NA,-2.9932095852891325,0.002355840542809684,NA,NA,NA,NA,NA,194,131,8.072746423229184
energy_event,33,h6-1.5,v4.1-one-shot-joint-compression,HIGH,ALGORITHM_REJECTED,1,NA,NA,-2.9932112287485144,0.002354197083427767,NA,NA,NA,NA,NA,195,131,8.07476237245389
energy_event,33,h6-1.5,v4.1-one-shot-joint-compression,HIGH,ALGORITHM_REJECTED,1,NA,NA,-2.993212549210609,0.002352876621332989,NA,NA,NA,NA,NA,196,131,8.075355139313572
energy_event,33,h6-1.5,v4.1-one-shot-joint-compression,HIGH,ALGORITHM_REJECTED,1,NA,NA,-2.9932138440462874,0.002351581785654755,NA,NA,NA,NA,NA,197,131,8.078443009992316
energy_event,33,h6-1.5,v4.1-one-shot-joint-compression,HIGH,ALGORITHM_REJECTED,1,NA,NA,-2.993215100440959,0.0023503253909833433,NA,NA,NA,NA,NA,198,131,8.080713763362395
energy_event,33,h6-1.5,v4.1-one-shot-joint-compression,HIGH,ALGORITHM_REJECTED,1,NA,NA,-2.9932163965034593,0.00234902932848291,NA,NA,NA,NA,NA,199,131,8.083518781686275
energy_event,33,h6-1.5,v4.1-one-shot-joint-compression,HIGH,ALGORITHM_REJECTED,1,NA,NA,-2.993217772790337,0.0023476530416051133,NA,NA,NA,NA,NA,200,131,8.089510052706151
energy_event,33,h6-1.5,v4.1-one-shot-joint-compression,HIGH,ALGORITHM_REJECTED,1,NA,NA,-2.9932192325801874,0.00234619325175478,NA,NA,NA,NA,NA,201,131,8.09169792954717
energy_event,33,h6-1.5,v4.1-one-shot-joint-compression,HIGH,ALGORITHM_REJECTED,1,NA,NA,-2.993220329900476,0.0023450959314663677,NA,NA,NA,NA,NA,202,131,8.09829697512542
energy_event,33,h6-1.5,v4.1-one-shot-joint-compression,HIGH,ALGORITHM_REJECTED,1,NA,NA,-2.9932212187160148,0.0023442071159274214,NA,NA,NA,NA,NA,203,131,8.095953612495478
energy_event,33,h6-1.5,v4.1-one-shot-joint-compression,HIGH,ALGORITHM_REJECTED,1,NA,NA,-2.9932220136597296,0.0023434121722125667,NA,NA,NA,NA,NA,204,131,8.096114005681542
energy_event,33,h6-1.5,v4.1-one-shot-joint-compression,HIGH,ALGORITHM_REJECTED,1,NA,NA,-2.993222727778399,0.0023426980535430353,NA,NA,NA,NA,NA,205,131,8.094917524939552
energy_event,33,h6-1.5,v4.1-one-shot-joint-compression,HIGH,ALGORITHM_REJECTED,1,NA,NA,-2.993223305658678,0.002342120173264295,NA,NA,NA,NA,NA,206,131,8.093255248295144
energy_event,33,h6-1.5,v4.1-one-shot-joint-compression,HIGH,ALGORITHM_REJECTED,1,NA,NA,-2.993223896944491,0.0023415288874510942,NA,NA,NA,NA,NA,207,131,8.092148665846652
energy_event,33,h6-1.5,v4.1-one-shot-joint-compression,HIGH,ALGORITHM_REJECTED,1,NA,NA,-2.9932247897055015,0.002340636126440643,NA,NA,NA,NA,NA,208,131,8.090137979460557
energy_event,33,h6-1.5,v4.1-one-shot-joint-compression,HIGH,ALGORITHM_REJECTED,1,NA,NA,-2.9932261466335253,0.0023392791984169214,NA,NA,NA,NA,NA,209,131,8.088742744524627
energy_event,33,h6-1.5,v4.1-one-shot-joint-compression,HIGH,ALGORITHM_REJECTED,1,NA,NA,-2.9932280893339027,0.002337336498039466,NA,NA,NA,NA,NA,210,131,8.087484521621361
energy_event,33,h6-1.5,v4.1-one-shot-joint-compression,HIGH,ALGORITHM_REJECTED,1,NA,NA,-2.9932302682268173,0.0023351576051249268,NA,NA,NA,NA,NA,211,131,8.089089854236267
energy_event,33,h6-1.5,v4.1-one-shot-joint-compression,HIGH,ALGORITHM_REJECTED,1,NA,NA,-2.993232637823432,0.0023327880085100006,NA,NA,NA,NA,NA,212,131,8.09091318778864
energy_event,33,h6-1.5,v4.1-one-shot-joint-compression,HIGH,ALGORITHM_REJECTED,1,NA,NA,-2.993234721317251,0.0023307045146911953,NA,NA,NA,NA,NA,213,131,8.096383592417002
energy_event,33,h6-1.5,v4.1-one-shot-joint-compression,HIGH,ALGORITHM_REJECTED,1,NA,NA,-2.993236849964609,0.00232857586733326,NA,NA,NA,NA,NA,214,131,8.09728457118326
energy_event,33,h6-1.5,v4.1-one-shot-joint-compression,HIGH,ALGORITHM_REJECTED,1,NA,NA,-2.9932390348894207,0.002326390942521517,NA,NA,NA,NA,NA,215,131,8.101294122416178
energy_event,33,h6-1.5,v4.1-one-shot-joint-compression,HIGH,ALGORITHM_REJECTED,1,NA,NA,-2.993241968195327,0.0023234576366153448,NA,NA,NA,NA,NA,216,131,8.098070285543871
energy_event,33,h6-1.5,v4.1-one-shot-joint-compression,HIGH,ALGORITHM_REJECTED,1,NA,NA,-2.993244874986803,0.0023205508451393797,NA,NA,NA,NA,NA,217,131,8.098106273285753
energy_event,33,h6-1.5,v4.1-one-shot-joint-compression,HIGH,ALGORITHM_REJECTED,1,NA,NA,-2.9932481447163974,0.002317281115544745,NA,NA,NA,NA,NA,218,131,8.09197917622925
energy_event,33,h6-1.5,v4.1-one-shot-joint-compression,HIGH,ALGORITHM_REJECTED,1,NA,NA,-2.9932523214992663,0.0023131043326758416,NA,NA,NA,NA,NA,219,131,8.084144893707007
energy_event,33,h6-1.5,v4.1-one-shot-joint-compression,HIGH,ALGORITHM_REJECTED,1,NA,NA,-2.9932536043435123,0.0023118214884298993,NA,NA,NA,NA,NA,220,131,8.079282182396746
energy_event,33,h6-1.5,v4.1-one-shot-joint-compression,HIGH,ALGORITHM_REJECTED,1,NA,NA,-2.9932558179123525,0.0023096079195896735,NA,NA,NA,NA,NA,221,131,8.079545350540242
energy_event,33,h6-1.5,v4.1-one-shot-joint-compression,HIGH,ALGORITHM_REJECTED,1,NA,NA,-2.9932588738829042,0.0023065519490379494,NA,NA,NA,NA,NA,222,131,8.074858431167105
energy_event,33,h6-1.5,v4.1-one-shot-joint-compression,HIGH,ALGORITHM_REJECTED,1,NA,NA,-2.9932606078874557,0.002304817944486448,NA,NA,NA,NA,NA,223,131,8.075685999578797
energy_event,33,h6-1.5,v4.1-one-shot-joint-compression,HIGH,ALGORITHM_REJECTED,1,NA,NA,-2.9932626834970515,0.002302742334890695,NA,NA,NA,NA,NA,224,131,8.07267703846709
energy_event,33,h6-1.5,v4.1-one-shot-joint-compression,HIGH,ALGORITHM_REJECTED,1,NA,NA,-2.993264428641623,0.002300997190319176,NA,NA,NA,NA,NA,225,131,8.067082437458074
energy_event,33,h6-1.5,v4.1-one-shot-joint-compression,HIGH,ALGORITHM_REJECTED,1,NA,NA,-2.9932666522991753,0.0022987735327668624,NA,NA,NA,NA,NA,226,131,8.061323741635933
energy_event,33,h6-1.5,v4.1-one-shot-joint-compression,HIGH,ALGORITHM_REJECTED,1,NA,NA,-2.993268409015962,0.0022970168159801574,NA,NA,NA,NA,NA,227,131,8.05837941864728
energy_event,33,h6-1.5,v4.1-one-shot-joint-compression,HIGH,ALGORITHM_REJECTED,1,NA,NA,-2.993269323703442,0.002296102128500177,NA,NA,NA,NA,NA,228,131,8.05787484021518
energy_event,33,h6-1.5,v4.1-one-shot-joint-compression,HIGH,ALGORITHM_REJECTED,1,NA,NA,-2.9932702766609895,0.0022951491709526373,NA,NA,NA,NA,NA,229,131,8.057494343436137
energy_event,33,h6-1.5,v4.1-one-shot-joint-compression,HIGH,ALGORITHM_REJECTED,1,NA,NA,-2.993271150741423,0.002294275090519271,NA,NA,NA,NA,NA,230,131,8.05924172395391
energy_event,33,h6-1.5,v4.1-one-shot-joint-compression,HIGH,ALGORITHM_REJECTED,1,NA,NA,-2.9932719892940893,0.0022934365378528554,NA,NA,NA,NA,NA,231,131,8.055615539725888
energy_event,33,h6-1.5,v4.1-one-shot-joint-compression,HIGH,ALGORITHM_REJECTED,1,NA,NA,-2.9932732318277875,0.0022921940041547018,NA,NA,NA,NA,NA,232,131,8.054083189567962
energy_event,33,h6-1.5,v4.1-one-shot-joint-compression,HIGH,ALGORITHM_REJECTED,1,NA,NA,-2.993274907655529,0.0022905181764132365,NA,NA,NA,NA,NA,233,131,8.051671957340988
energy_event,33,h6-1.5,v4.1-one-shot-joint-compression,HIGH,ALGORITHM_REJECTED,1,NA,NA,-2.9932762624454265,0.0022891633865156358,NA,NA,NA,NA,NA,234,131,8.051574056716747
energy_event,33,h6-1.5,v4.1-one-shot-joint-compression,HIGH,ALGORITHM_REJECTED,1,NA,NA,-2.9932775359551225,0.0022878898768197153,NA,NA,NA,NA,NA,235,131,8.050027405934118
energy_event,33,h6-1.5,v4.1-one-shot-joint-compression,HIGH,ALGORITHM_REJECTED,1,NA,NA,-2.9932785552333145,0.002286870598627644,NA,NA,NA,NA,NA,236,131,8.04974423824877
energy_event,33,h6-1.5,v4.1-one-shot-joint-compression,HIGH,ALGORITHM_REJECTED,1,NA,NA,-2.9932793720117425,0.0022860538201996405,NA,NA,NA,NA,NA,237,131,8.047968857838164
energy_event,33,h6-1.5,v4.1-one-shot-joint-compression,HIGH,ALGORITHM_REJECTED,1,NA,NA,-2.993280209907711,0.002285215924231032,NA,NA,NA,NA,NA,238,131,8.046567714040735
energy_event,33,h6-1.5,v4.1-one-shot-joint-compression,HIGH,ALGORITHM_REJECTED,1,NA,NA,-2.993281173084422,0.002284252747520199,NA,NA,NA,NA,NA,239,131,8.043888513074197
energy_event,33,h6-1.5,v4.1-one-shot-joint-compression,HIGH,ALGORITHM_REJECTED,1,NA,NA,-2.9932820976845043,0.002283328147437924,NA,NA,NA,NA,NA,240,131,8.041181675414222
energy_event,33,h6-1.5,v4.1-one-shot-joint-compression,HIGH,ALGORITHM_REJECTED,1,NA,NA,-2.9932827869972107,0.002282638834731454,NA,NA,NA,NA,NA,241,131,8.040652556711992
energy_event,33,h6-1.5,v4.1-one-shot-joint-compression,HIGH,ALGORITHM_REJECTED,1,NA,NA,-2.993283686730128,0.002281739101814395,NA,NA,NA,NA,NA,242,131,8.039030121165943
energy_event,33,h6-1.5,v4.1-one-shot-joint-compression,HIGH,ALGORITHM_REJECTED,1,NA,NA,-2.993284828488365,0.0022805973435771065,NA,NA,NA,NA,NA,243,131,8.040963317972647
energy_event,33,h6-1.5,v4.1-one-shot-joint-compression,HIGH,ALGORITHM_REJECTED,1,NA,NA,-2.993285788740337,0.002279637091605391,NA,NA,NA,NA,NA,244,131,8.041803778264462
energy_event,33,h6-1.5,v4.1-one-shot-joint-compression,HIGH,ALGORITHM_REJECTED,1,NA,NA,-2.9932864344592263,0.0022789913727159217,NA,NA,NA,NA,NA,245,131,8.044174892564738
energy_event,33,h6-1.5,v4.1-one-shot-joint-compression,HIGH,ALGORITHM_REJECTED,1,NA,NA,-2.993286984435262,0.0022784413966800976,NA,NA,NA,NA,NA,246,131,8.0454370697381
energy_event,33,h6-1.5,v4.1-one-shot-joint-compression,HIGH,ALGORITHM_REJECTED,1,NA,NA,-2.993287563402231,0.002277862429711064,NA,NA,NA,NA,NA,247,131,8.046837246240951
energy_event,33,h6-1.5,v4.1-one-shot-joint-compression,HIGH,ALGORITHM_REJECTED,1,NA,NA,-2.9932882632270195,0.0022771626049227223,NA,NA,NA,NA,NA,248,131,8.049028111808715
energy_event,33,h6-1.5,v4.1-one-shot-joint-compression,HIGH,ALGORITHM_REJECTED,1,NA,NA,-2.9932889541532464,0.002276471678695824,NA,NA,NA,NA,NA,249,131,8.051226864650836
energy_event,33,h6-1.5,v4.1-one-shot-joint-compression,HIGH,ALGORITHM_REJECTED,1,NA,NA,-2.993289646050922,0.0022757797810202263,NA,NA,NA,NA,NA,250,131,8.054966938938284
energy_event,33,h6-1.5,v4.1-one-shot-joint-compression,HIGH,ALGORITHM_REJECTED,1,NA,NA,-2.9932903778624076,0.0022750479695345938,NA,NA,NA,NA,NA,251,131,8.058122888288006
energy_event,33,h6-1.5,v4.1-one-shot-joint-compression,HIGH,ALGORITHM_REJECTED,1,NA,NA,-2.9932910394210723,0.0022743864108698553,NA,NA,NA,NA,NA,252,131,8.062502620731685
energy_event,33,h6-1.5,v4.1-one-shot-joint-compression,HIGH,ALGORITHM_REJECTED,1,NA,NA,-2.993291411908585,0.002274013923357021,NA,NA,NA,NA,NA,253,131,8.064377981991267
energy_event,33,h6-1.5,v4.1-one-shot-joint-compression,HIGH,ALGORITHM_REJECTED,1,NA,NA,-2.9932916953877733,0.0022737304441688977,NA,NA,NA,NA,NA,254,131,8.066603258853975
energy_event,33,h6-1.5,v4.1-one-shot-joint-compression,HIGH,ALGORITHM_REJECTED,1,NA,NA,-2.9932919155450755,0.002273510286866731,NA,NA,NA,NA,NA,255,131,8.067513454294433
energy_event,33,h6-1.5,v4.1-one-shot-joint-compression,HIGH,ALGORITHM_REJECTED,1,NA,NA,-2.993292095375872,0.002273330456070255,NA,NA,NA,NA,NA,256,131,8.06951857154425
energy_event,33,h6-1.5,v4.1-one-shot-joint-compression,HIGH,ALGORITHM_REJECTED,1,NA,NA,-2.9932922286119372,0.0022731972200049633,NA,NA,NA,NA,NA,257,131,8.070297275175268
energy_event,33,h6-1.5,v4.1-one-shot-joint-compression,HIGH,ALGORITHM_REJECTED,1,NA,NA,-2.9932923060718157,0.002273119760126452,NA,NA,NA,NA,NA,258,131,8.07178227243113
energy_event,33,h6-1.5,v4.1-one-shot-joint-compression,HIGH,ALGORITHM_REJECTED,1,NA,NA,-2.9932923676674683,0.0022730581644738734,NA,NA,NA,NA,NA,259,131,8.072280876751078
energy_event,33,h6-1.5,v4.1-one-shot-joint-compression,HIGH,ALGORITHM_REJECTED,1,NA,NA,-2.9932924418510347,0.0022729839809074726,NA,NA,NA,NA,NA,260,131,8.073094184877663
energy_event,33,h6-1.5,v4.1-one-shot-joint-compression,HIGH,ALGORITHM_REJECTED,1,NA,NA,-2.9932925237514625,0.0022729020804796995,NA,NA,NA,NA,NA,261,131,8.074203952070519
energy_event,33,h6-1.5,v4.1-one-shot-joint-compression,HIGH,ALGORITHM_REJECTED,1,NA,NA,-2.9932926169339322,0.0022728088980099592,NA,NA,NA,NA,NA,262,131,8.075638956597965
energy_event,33,h6-1.5,v4.1-one-shot-joint-compression,HIGH,ALGORITHM_REJECTED,1,NA,NA,-2.9932927107863505,0.002272715045591678,NA,NA,NA,NA,NA,263,131,8.077013000637708
energy_event,33,h6-1.5,v4.1-one-shot-joint-compression,HIGH,ALGORITHM_REJECTED,1,NA,NA,-2.993292789452219,0.002272636379723192,NA,NA,NA,NA,NA,264,131,8.07806689519585
energy_event,33,h6-1.5,v4.1-one-shot-joint-compression,HIGH,ALGORITHM_REJECTED,1,NA,NA,-2.9932928501406195,0.0022725756913226647,NA,NA,NA,NA,NA,265,131,8.078424067736249
energy_event,33,h6-1.5,v4.1-one-shot-joint-compression,HIGH,ALGORITHM_REJECTED,1,NA,NA,-2.993292905665986,0.002272520165956138,NA,NA,NA,NA,NA,266,131,8.07857667391563
energy_event,33,h6-1.5,v4.1-one-shot-joint-compression,HIGH,ALGORITHM_REJECTED,1,NA,NA,-2.9932929683263976,0.0022724575055446117,NA,NA,NA,NA,NA,267,131,8.078656711488149
energy_event,33,h6-1.5,v4.1-one-shot-joint-compression,HIGH,ALGORITHM_REJECTED,1,NA,NA,-2.993293035740866,0.0022723900910763817,NA,NA,NA,NA,NA,268,131,8.078889103800472
energy_event,33,h6-1.5,v4.1-one-shot-joint-compression,HIGH,ALGORITHM_REJECTED,1,NA,NA,-2.9932930949724854,0.0022723308594567726,NA,NA,NA,NA,NA,269,131,8.079424520552303
energy_event,33,h6-1.5,v4.1-one-shot-joint-compression,HIGH,ALGORITHM_REJECTED,1,NA,NA,-2.993293140589774,0.0022722852421681594,NA,NA,NA,NA,NA,270,131,8.079955960826721
energy_event,33,h6-1.5,v4.1-one-shot-joint-compression,HIGH,ALGORITHM_REJECTED,1,NA,NA,-2.9932931752256113,0.00227225060633085,NA,NA,NA,NA,NA,271,131,8.080570800319343
energy_event,33,h6-1.5,v4.1-one-shot-joint-compression,HIGH,ALGORITHM_REJECTED,1,NA,NA,-2.993293204493216,0.002272221338726066,NA,NA,NA,NA,NA,272,131,8.08104322180349
energy_event,33,h6-1.5,v4.1-one-shot-joint-compression,HIGH,ALGORITHM_REJECTED,1,NA,NA,-2.993293233309319,0.0022721925226232287,NA,NA,NA,NA,NA,273,131,8.081524259982672
energy_event,33,h6-1.5,v4.1-one-shot-joint-compression,HIGH,ALGORITHM_REJECTED,1,NA,NA,-2.993293265594046,0.002272160237896337,NA,NA,NA,NA,NA,274,131,8.082066837233999
energy_event,33,h6-1.5,v4.1-one-shot-joint-compression,HIGH,ALGORITHM_REJECTED,1,NA,NA,-2.993293303029225,0.00227212280271738,NA,NA,NA,NA,NA,275,131,8.082634163155955
energy_event,33,h6-1.5,v4.1-one-shot-joint-compression,HIGH,ALGORITHM_REJECTED,1,NA,NA,-2.9932933433825855,0.002272082449356727,NA,NA,NA,NA,NA,276,131,8.083287756471458
energy_event,33,h6-1.5,v4.1-one-shot-joint-compression,HIGH,ALGORITHM_REJECTED,1,NA,NA,-2.9932933851640646,0.0022720406678775618,NA,NA,NA,NA,NA,277,131,8.083764621446969
energy_event,33,h6-1.5,v4.1-one-shot-joint-compression,HIGH,ALGORITHM_REJECTED,1,NA,NA,-2.99329343180141,0.0022719940305320208,NA,NA,NA,NA,NA,278,131,8.084303455214846
energy_event,33,h6-1.5,v4.1-one-shot-joint-compression,HIGH,ALGORITHM_REJECTED,1,NA,NA,-2.993293490161155,0.0022719356707869842,NA,NA,NA,NA,NA,279,131,8.084751646915624
energy_event,33,h6-1.5,v4.1-one-shot-joint-compression,HIGH,ALGORITHM_REJECTED,1,NA,NA,-2.9932935631490354,0.0022718626829068,NA,NA,NA,NA,NA,280,131,8.085515598083646
energy_event,33,h6-1.5,v4.1-one-shot-joint-compression,HIGH,ALGORITHM_REJECTED,1,NA,NA,-2.9932936463467503,0.0022717794851918605,NA,NA,NA,NA,NA,281,131,8.086401124678071
energy_event,33,h6-1.5,v4.1-one-shot-joint-compression,HIGH,ALGORITHM_REJECTED,1,NA,NA,-2.993293733184675,0.0022716926472670096,NA,NA,NA,NA,NA,282,131,8.08781941747081
energy_event,33,h6-1.5,v4.1-one-shot-joint-compression,HIGH,ALGORITHM_REJECTED,1,NA,NA,-2.9932938259619086,0.0022715998700335582,NA,NA,NA,NA,NA,283,131,8.089490814179374
energy_event,33,h6-1.5,v4.1-one-shot-joint-compression,HIGH,ALGORITHM_REJECTED,1,NA,NA,-2.993293930280907,0.0022714955510352297,NA,NA,NA,NA,NA,284,131,8.092002592029704
energy_event,33,h6-1.5,v4.1-one-shot-joint-compression,HIGH,ALGORITHM_REJECTED,1,NA,NA,-2.9932940512143578,0.0022713746175844207,NA,NA,NA,NA,NA,285,131,8.094770745861396
energy_event,33,h6-1.5,v4.1-one-shot-joint-compression,HIGH,ALGORITHM_REJECTED,1,NA,NA,-2.9932941839829974,0.0022712418489447828,NA,NA,NA,NA,NA,286,131,8.098621188002733
energy_event,33,h6-1.5,v4.1-one-shot-joint-compression,HIGH,ALGORITHM_REJECTED,1,NA,NA,-2.993294330982905,0.002271094849036981,NA,NA,NA,NA,NA,287,131,8.101565562505936
energy_event,33,h6-1.5,v4.1-one-shot-joint-compression,HIGH,ALGORITHM_REJECTED,1,NA,NA,-2.9932945014734753,0.002270924358466875,NA,NA,NA,NA,NA,288,131,8.106753665277882
energy_event,33,h6-1.5,v4.1-one-shot-joint-compression,HIGH,ALGORITHM_REJECTED,1,NA,NA,-2.993294739032308,0.0022706867996342694,NA,NA,NA,NA,NA,289,131,8.109957741754346
energy_event,33,h6-1.5,v4.1-one-shot-joint-compression,HIGH,ALGORITHM_REJECTED,1,NA,NA,-2.993295071050068,0.0022703547818743175,NA,NA,NA,NA,NA,290,131,8.11531716794687
energy_event,33,h6-1.5,v4.1-one-shot-joint-compression,HIGH,ALGORITHM_REJECTED,1,NA,NA,-2.9932954175967494,0.002270008235192744,NA,NA,NA,NA,NA,291,131,8.120178535631226
energy_event,33,h6-1.5,v4.1-one-shot-joint-compression,HIGH,ALGORITHM_REJECTED,1,NA,NA,-2.9932956825590757,0.0022697432728664424,NA,NA,NA,NA,NA,292,131,8.125102874919154
energy_event,33,h6-1.5,v4.1-one-shot-joint-compression,HIGH,ALGORITHM_REJECTED,1,NA,NA,-2.993295906759385,0.0022695190725570136,NA,NA,NA,NA,NA,293,131,8.12939367390118
energy_event,33,h6-1.5,v4.1-one-shot-joint-compression,HIGH,ALGORITHM_REJECTED,1,NA,NA,-2.9932961205745516,0.0022693052573905526,NA,NA,NA,NA,NA,294,131,8.134165436322537
energy_event,33,h6-1.5,v4.1-one-shot-joint-compression,HIGH,ALGORITHM_REJECTED,1,NA,NA,-2.993296339497399,0.0022690863345431467,NA,NA,NA,NA,NA,295,131,8.13956959699383
energy_event,33,h6-1.5,v4.1-one-shot-joint-compression,HIGH,ALGORITHM_REJECTED,1,NA,NA,-2.9932964445004266,0.0022689813315155405,NA,NA,NA,NA,NA,296,131,8.14111648988406
energy_event,33,h6-1.5,v4.1-one-shot-joint-compression,HIGH,ALGORITHM_REJECTED,1,NA,NA,-2.993296607893779,0.002268817938163359,NA,NA,NA,NA,NA,297,131,8.144643418968007
energy_event,33,h6-1.5,v4.1-one-shot-joint-compression,HIGH,ALGORITHM_REJECTED,1,NA,NA,-2.9932967784075073,0.0022686474244348886,NA,NA,NA,NA,NA,298,131,8.14933968971243
energy_event,33,h6-1.5,v4.1-one-shot-joint-compression,HIGH,ALGORITHM_REJECTED,1,NA,NA,-2.993296873974459,0.002268551857483203,NA,NA,NA,NA,NA,299,131,8.148791943322841
energy_event,33,h6-1.5,v4.1-one-shot-joint-compression,HIGH,ALGORITHM_REJECTED,1,NA,NA,-2.993296982753485,0.002268443078456972,NA,NA,NA,NA,NA,300,131,8.150454777124741
energy_event,33,h6-1.5,v4.1-one-shot-joint-compression,HIGH,ALGORITHM_REJECTED,1,NA,NA,-2.993297036016074,0.002268389815867966,NA,NA,NA,NA,NA,301,131,8.150316845094329
energy_event,33,h6-1.5,v4.1-one-shot-joint-compression,HIGH,ALGORITHM_REJECTED,1,NA,NA,-2.993297092142355,0.00226833368958701,NA,NA,NA,NA,NA,302,131,8.151037525538044
energy_event,33,h6-1.5,v4.1-one-shot-joint-compression,HIGH,ALGORITHM_REJECTED,1,NA,NA,-2.99329714040702,0.0022682854249223006,NA,NA,NA,NA,NA,303,131,8.152043826552665
energy_event,33,h6-1.5,v4.1-one-shot-joint-compression,HIGH,ALGORITHM_REJECTED,1,NA,NA,-2.9932971732409013,0.002268252591040909,NA,NA,NA,NA,NA,304,131,8.151284080325068
energy_event,33,h6-1.5,v4.1-one-shot-joint-compression,HIGH,ALGORITHM_REJECTED,1,NA,NA,-2.9932972108364027,0.0022682149955395303,NA,NA,NA,NA,NA,305,131,8.150495370935266
energy_event,33,h6-1.5,v4.1-one-shot-joint-compression,HIGH,ALGORITHM_REJECTED,1,NA,NA,-2.9932972375127185,0.0022681883192237073,NA,NA,NA,NA,NA,306,131,8.149619720640091
energy_event,33,h6-1.5,v4.1-one-shot-joint-compression,HIGH,ALGORITHM_REJECTED,1,NA,NA,-2.9932972599865146,0.00226816584542755,NA,NA,NA,NA,NA,307,131,8.14967026270297
energy_event,33,h6-1.5,v4.1-one-shot-joint-compression,HIGH,ALGORITHM_REJECTED,1,NA,NA,-2.9932972810644616,0.0022681447674806066,NA,NA,NA,NA,NA,308,131,8.150029980598944
energy_event,33,h6-1.5,v4.1-one-shot-joint-compression,HIGH,ALGORITHM_REJECTED,1,NA,NA,-2.9932973023694425,0.002268123462499716,NA,NA,NA,NA,NA,309,131,8.151067081813478
energy_event,33,h6-1.5,v4.1-one-shot-joint-compression,HIGH,ALGORITHM_REJECTED,1,NA,NA,-2.993297320062058,0.002268105769884343,NA,NA,NA,NA,NA,310,131,8.152015396742206
energy_event,33,h6-1.5,v4.1-one-shot-joint-compression,HIGH,ALGORITHM_REJECTED,1,NA,NA,-2.9932973350459258,0.002268090786016419,NA,NA,NA,NA,NA,311,131,8.152581938258194
energy_event,33,h6-1.5,v4.1-one-shot-joint-compression,HIGH,ALGORITHM_REJECTED,1,NA,NA,-2.9932973517307744,0.002268074101167805,NA,NA,NA,NA,NA,312,131,8.15276454923356
energy_event,33,h6-1.5,v4.1-one-shot-joint-compression,HIGH,ALGORITHM_REJECTED,1,NA,NA,-2.9932973729357144,0.002268052896227779,NA,NA,NA,NA,NA,313,131,8.152722574697856
energy_event,33,h6-1.5,v4.1-one-shot-joint-compression,HIGH,ALGORITHM_REJECTED,1,NA,NA,-2.9932974008580313,0.002268024973910876,NA,NA,NA,NA,NA,314,131,8.152188893779856
energy_event,33,h6-1.5,v4.1-one-shot-joint-compression,HIGH,ALGORITHM_REJECTED,1,NA,NA,-2.9932974333064712,0.002267992525470941,NA,NA,NA,NA,NA,315,131,8.151811275173626
energy_event,33,h6-1.5,v4.1-one-shot-joint-compression,HIGH,ALGORITHM_REJECTED,1,NA,NA,-2.993297464084258,0.0022679617476843994,NA,NA,NA,NA,NA,316,131,8.150854054952115
energy_event,33,h6-1.5,v4.1-one-shot-joint-compression,HIGH,ALGORITHM_REJECTED,1,NA,NA,-2.9932974871991793,0.002267938632762867,NA,NA,NA,NA,NA,317,131,8.150980826764698
energy_event,33,h6-1.5,v4.1-one-shot-joint-compression,HIGH,ALGORITHM_REJECTED,1,NA,NA,-2.993297502809621,0.002267923022321039,NA,NA,NA,NA,NA,318,131,8.150482628268161
energy_event,33,h6-1.5,v4.1-one-shot-joint-compression,HIGH,ALGORITHM_REJECTED,1,NA,NA,-2.9932975149982126,0.0022679108337295695,NA,NA,NA,NA,NA,319,131,8.150715053947303
energy_event,33,h6-1.5,v4.1-one-shot-joint-compression,HIGH,ALGORITHM_REJECTED,1,NA,NA,-2.9932975279220586,0.002267897909883576,NA,NA,NA,NA,NA,320,131,8.150686349849872
energy_event,33,h6-1.5,v4.1-one-shot-joint-compression,HIGH,ALGORITHM_REJECTED,1,NA,NA,-2.993297542067718,0.0022678837642242655,NA,NA,NA,NA,NA,321,131,8.15073565218238
energy_event,33,h6-1.5,v4.1-one-shot-joint-compression,HIGH,ALGORITHM_REJECTED,1,NA,NA,-2.993297554752579,0.002267871079363104,NA,NA,NA,NA,NA,322,131,8.15074148136865
energy_event,33,h6-1.5,v4.1-one-shot-joint-compression,HIGH,ALGORITHM_REJECTED,1,NA,NA,-2.9932975636996146,0.002267862132327547,NA,NA,NA,NA,NA,323,131,8.15077192120963
energy_event,33,h6-1.5,v4.1-one-shot-joint-compression,HIGH,ALGORITHM_REJECTED,1,NA,NA,-2.993297570667027,0.0022678551649151224,NA,NA,NA,NA,NA,324,131,8.150895061209553
energy_event,33,h6-1.5,v4.1-one-shot-joint-compression,HIGH,ALGORITHM_REJECTED,1,NA,NA,-2.993297579378904,0.002267846453038125,NA,NA,NA,NA,NA,325,131,8.150957884309774
energy_event,33,h6-1.5,v4.1-one-shot-joint-compression,HIGH,ALGORITHM_REJECTED,1,NA,NA,-2.993297593008814,0.0022678328231280354,NA,NA,NA,NA,NA,326,131,8.151138045120119
energy_event,33,h6-1.5,v4.1-one-shot-joint-compression,HIGH,ALGORITHM_REJECTED,1,NA,NA,-2.9932976135182363,0.0022678123137058748,NA,NA,NA,NA,NA,327,131,8.15114920177981
energy_event,33,h6-1.5,v4.1-one-shot-joint-compression,HIGH,ALGORITHM_REJECTED,1,NA,NA,-2.9932976364055093,0.002267789426432909,NA,NA,NA,NA,NA,328,131,8.151136137862828
energy_event,33,h6-1.5,v4.1-one-shot-joint-compression,HIGH,ALGORITHM_REJECTED,1,NA,NA,-2.9932976580781276,0.0022677677538145424,NA,NA,NA,NA,NA,329,131,8.15075907048954
energy_event,33,h6-1.5,v4.1-one-shot-joint-compression,HIGH,ALGORITHM_REJECTED,1,NA,NA,-2.993297682965005,0.0022677428669370947,NA,NA,NA,NA,NA,330,131,8.150408195340498
energy_event,33,h6-1.5,v4.1-one-shot-joint-compression,HIGH,ALGORITHM_REJECTED,1,NA,NA,-2.9932977169394923,0.002267708892449871,NA,NA,NA,NA,NA,331,131,8.149598776678587
energy_event,33,h6-1.5,v4.1-one-shot-joint-compression,HIGH,ALGORITHM_REJECTED,1,NA,NA,-2.9932977646514307,0.002267661180511471,NA,NA,NA,NA,NA,332,131,8.14893611777413
energy_event,33,h6-1.5,v4.1-one-shot-joint-compression,HIGH,ALGORITHM_REJECTED,1,NA,NA,-2.9932978166896946,0.002267609142247551,NA,NA,NA,NA,NA,333,131,8.147738203210357
energy_event,33,h6-1.5,v4.1-one-shot-joint-compression,HIGH,ALGORITHM_REJECTED,1,NA,NA,-2.9932978556178322,0.0022675702141099485,NA,NA,NA,NA,NA,334,131,8.147802503852084
energy_event,33,h6-1.5,v4.1-one-shot-joint-compression,HIGH,ALGORITHM_REJECTED,1,NA,NA,-2.993297880092,0.002267545739942367,NA,NA,NA,NA,NA,335,131,8.147173363690033
energy_event,33,h6-1.5,v4.1-one-shot-joint-compression,HIGH,ALGORITHM_REJECTED,1,NA,NA,-2.9932978988454675,0.0022675269864746994,NA,NA,NA,NA,NA,336,131,8.147596153094456
energy_event,33,h6-1.5,v4.1-one-shot-joint-compression,HIGH,ALGORITHM_REJECTED,1,NA,NA,-2.9932979197311353,0.0022675061008068376,NA,NA,NA,NA,NA,337,131,8.147615277939975
energy_event,33,h6-1.5,v4.1-one-shot-joint-compression,HIGH,ALGORITHM_REJECTED,1,NA,NA,-2.9932979396547053,0.0022674861772369326,NA,NA,NA,NA,NA,338,131,8.147644384337893
energy_event,33,h6-1.5,v4.1-one-shot-joint-compression,HIGH,ALGORITHM_REJECTED,1,NA,NA,-2.9932979536309867,0.002267472200955467,NA,NA,NA,NA,NA,339,131,8.147650655658383
energy_event,33,h6-1.5,v4.1-one-shot-joint-compression,HIGH,ALGORITHM_REJECTED,1,NA,NA,-2.9932979645469597,0.0022674612849824527,NA,NA,NA,NA,NA,340,131,8.147785839934523
energy_event,33,h6-1.5,v4.1-one-shot-joint-compression,HIGH,ALGORITHM_REJECTED,1,NA,NA,-2.993297974045068,0.002267451786874375,NA,NA,NA,NA,NA,341,131,8.148097448176667
energy_event,33,h6-1.5,v4.1-one-shot-joint-compression,HIGH,ALGORITHM_REJECTED,1,NA,NA,-2.993297983361141,0.0022674424708011287,NA,NA,NA,NA,NA,342,131,8.14854241714229
energy_event,33,h6-1.5,v4.1-one-shot-joint-compression,HIGH,ALGORITHM_REJECTED,1,NA,NA,-2.9932979916787685,0.002267434153173653,NA,NA,NA,NA,NA,343,131,8.14894642489156
energy_event,33,h6-1.5,v4.1-one-shot-joint-compression,HIGH,ALGORITHM_REJECTED,1,NA,NA,-2.9932979980114167,0.0022674278205254694,NA,NA,NA,NA,NA,344,131,8.149158170706718
energy_event,33,h6-1.5,v4.1-one-shot-joint-compression,HIGH,ALGORITHM_REJECTED,1,NA,NA,-2.9932980024519416,0.0022674233800006327,NA,NA,NA,NA,NA,345,131,8.14901953942882
energy_event,33,h6-1.5,v4.1-one-shot-joint-compression,HIGH,ALGORITHM_REJECTED,1,NA,NA,-2.9932980061653676,0.0022674196665746216,NA,NA,NA,NA,NA,346,131,8.14879900884535
energy_event,33,h6-1.5,v4.1-one-shot-joint-compression,HIGH,ALGORITHM_REJECTED,1,NA,NA,-2.993298010029776,0.0022674158021662727,NA,NA,NA,NA,NA,347,131,8.148406010750856
energy_event,33,h6-1.5,v4.1-one-shot-joint-compression,HIGH,ALGORITHM_REJECTED,1,NA,NA,-2.9932980142240457,0.0022674116078964524,NA,NA,NA,NA,NA,348,131,8.148186321046701
energy_event,33,h6-1.5,v4.1-one-shot-joint-compression,HIGH,ALGORITHM_REJECTED,1,NA,NA,-2.9932980184338476,0.002267407398094612,NA,NA,NA,NA,NA,349,131,8.148038726312125
energy_event,33,h6-1.5,v4.1-one-shot-joint-compression,HIGH,ALGORITHM_REJECTED,1,NA,NA,-2.9932980227470884,0.0022674030848537363,NA,NA,NA,NA,NA,350,131,8.14828955392242
energy_event,33,h6-1.5,v4.1-one-shot-joint-compression,HIGH,ALGORITHM_REJECTED,1,NA,NA,-2.9932980277154706,0.002267398116471586,NA,NA,NA,NA,NA,351,131,8.14860286103577
energy_event,33,h6-1.5,v4.1-one-shot-joint-compression,HIGH,ALGORITHM_REJECTED,1,NA,NA,-2.9932980336642077,0.0022673921677345277,NA,NA,NA,NA,NA,352,131,8.149308582360407
energy_event,33,h6-1.5,v4.1-one-shot-joint-compression,HIGH,ALGORITHM_REJECTED,1,NA,NA,-2.9932980395951776,0.0022673862367645903,NA,NA,NA,NA,NA,353,131,8.149837175472031
energy_event,33,h6-1.5,v4.1-one-shot-joint-compression,HIGH,ALGORITHM_REJECTED,1,NA,NA,-2.9932980439830206,0.0022673818489216124,NA,NA,NA,NA,NA,354,131,8.150321032901168
energy_event,33,h6-1.5,v4.1-one-shot-joint-compression,HIGH,ALGORITHM_REJECTED,1,NA,NA,-2.9932980469981323,0.0022673788338098966,NA,NA,NA,NA,NA,355,131,8.150361810451077
energy_event,33,h6-1.5,v4.1-one-shot-joint-compression,HIGH,ALGORITHM_REJECTED,1,NA,NA,-2.9932980499881485,0.002267375843793662,NA,NA,NA,NA,NA,356,131,8.150418497555812
energy_event,33,h6-1.5,v4.1-one-shot-joint-compression,HIGH,ALGORITHM_REJECTED,1,NA,NA,-2.9932980541786116,0.0022673716533305743,NA,NA,NA,NA,NA,357,131,8.150392336143003
energy_event,33,h6-1.5,v4.1-one-shot-joint-compression,HIGH,ALGORITHM_REJECTED,1,NA,NA,-2.993298059797801,0.0022673660341410162,NA,NA,NA,NA,NA,358,131,8.15051376741706
energy_event,33,h6-1.5,v4.1-one-shot-joint-compression,HIGH,ALGORITHM_REJECTED,1,NA,NA,-2.9932980661325157,0.0022673596994264855,NA,NA,NA,NA,NA,359,131,8.150704134400275
energy_event,33,h6-1.5,v4.1-one-shot-joint-compression,HIGH,ALGORITHM_REJECTED,1,NA,NA,-2.9932980723840203,0.0022673534479218382,NA,NA,NA,NA,NA,360,131,8.151028795608577
energy_event,33,h6-1.5,v4.1-one-shot-joint-compression,HIGH,ALGORITHM_REJECTED,1,NA,NA,-2.993298079305907,0.002267346526035219,NA,NA,NA,NA,NA,361,131,8.15135214134385
energy_event,33,h6-1.5,v4.1-one-shot-joint-compression,HIGH,ALGORITHM_REJECTED,1,NA,NA,-2.993298089445868,0.002267336386074348,NA,NA,NA,NA,NA,362,131,8.151866090317096
energy_event,33,h6-1.5,v4.1-one-shot-joint-compression,HIGH,ALGORITHM_REJECTED,1,NA,NA,-2.993298105352538,0.0022673204794041446,NA,NA,NA,NA,NA,363,131,8.152493170116642
energy_event,33,h6-1.5,v4.1-one-shot-joint-compression,HIGH,ALGORITHM_REJECTED,1,NA,NA,-2.9932981286737075,0.0022672971582347046,NA,NA,NA,NA,NA,364,131,8.153610294580671
energy_event,33,h6-1.5,v4.1-one-shot-joint-compression,HIGH,ALGORITHM_REJECTED,1,NA,NA,-2.993298151265331,0.0022672745666110217,NA,NA,NA,NA,NA,365,131,8.154362444617545
energy_event,33,h6-1.5,v4.1-one-shot-joint-compression,HIGH,ALGORITHM_REJECTED,1,NA,NA,-2.9932981655294535,0.002267260302488694,NA,NA,NA,NA,NA,366,131,8.15528298012696
energy_event,33,h6-1.5,v4.1-one-shot-joint-compression,HIGH,ALGORITHM_REJECTED,1,NA,NA,-2.9932981753526904,0.0022672504792518033,NA,NA,NA,NA,NA,367,131,8.154978940945808
energy_event,33,h6-1.5,v4.1-one-shot-joint-compression,HIGH,ALGORITHM_REJECTED,1,NA,NA,-2.993298182806983,0.0022672430249590647,NA,NA,NA,NA,NA,368,131,8.155036973434198
energy_event,33,h6-1.5,v4.1-one-shot-joint-compression,HIGH,ALGORITHM_REJECTED,1,NA,NA,-2.9932981954592384,0.0022672303727038212,NA,NA,NA,NA,NA,369,131,8.155429233486203
energy_event,33,h6-1.5,v4.1-one-shot-joint-compression,HIGH,ALGORITHM_REJECTED,1,NA,NA,-2.9932982162959663,0.0022672095359759226,NA,NA,NA,NA,NA,370,131,8.156052620167541
energy_event,33,h6-1.5,v4.1-one-shot-joint-compression,HIGH,ALGORITHM_REJECTED,1,NA,NA,-2.9932982487295727,0.0022671771023694554,NA,NA,NA,NA,NA,371,131,8.157418974414567
energy_event,33,h6-1.5,v4.1-one-shot-joint-compression,HIGH,ALGORITHM_REJECTED,1,NA,NA,-2.993298296626461,0.002267129205481222,NA,NA,NA,NA,NA,372,131,8.158922817447326
energy_event,33,h6-1.5,v4.1-one-shot-joint-compression,HIGH,ALGORITHM_REJECTED,1,NA,NA,-2.9932983630272245,0.0022670628047176677,NA,NA,NA,NA,NA,373,131,8.16111373774497
energy_event,33,h6-1.5,v4.1-one-shot-joint-compression,HIGH,ALGORITHM_REJECTED,1,NA,NA,-2.9932982643747716,0.002267161457170541,NA,NA,NA,NA,NA,374,131,8.16572508855829
energy_event,33,h6-1.5,v4.1-one-shot-joint-compression,HIGH,ALGORITHM_REJECTED,1,NA,NA,-2.993298393626954,0.0022670322049882508,NA,NA,NA,NA,NA,375,131,8.16271304246225
energy_event,33,h6-1.5,v4.1-one-shot-joint-compression,HIGH,ALGORITHM_REJECTED,1,NA,NA,-2.9932984450641986,0.002266980767743565,NA,NA,NA,NA,NA,376,131,8.163512831189081
energy_event,33,h6-1.5,v4.1-one-shot-joint-compression,HIGH,ALGORITHM_REJECTED,1,NA,NA,-2.993298519988963,0.0022669058429793942,NA,NA,NA,NA,NA,377,131,8.166322769985172
energy_event,33,h6-1.5,v4.1-one-shot-joint-compression,HIGH,ALGORITHM_REJECTED,1,NA,NA,-2.9932985843877913,0.002266841444150902,NA,NA,NA,NA,NA,378,131,8.168593044288123
energy_event,33,h6-1.5,v4.1-one-shot-joint-compression,HIGH,ALGORITHM_REJECTED,1,NA,NA,-2.993298610329323,0.0022668155026193126,NA,NA,NA,NA,NA,379,131,8.17186898278389
energy_event,33,h6-1.5,v4.1-one-shot-joint-compression,HIGH,ALGORITHM_REJECTED,1,NA,NA,-2.993298648640322,0.0022667771916200508,NA,NA,NA,NA,NA,380,131,8.172699191872479
energy_event,33,h6-1.5,v4.1-one-shot-joint-compression,HIGH,ALGORITHM_REJECTED,1,NA,NA,-2.9932987128483597,0.0022667129835824973,NA,NA,NA,NA,NA,381,131,8.173591011996473
energy_event,33,h6-1.5,v4.1-one-shot-joint-compression,HIGH,ALGORITHM_REJECTED,1,NA,NA,-2.993298814156195,0.0022666116757470434,NA,NA,NA,NA,NA,382,131,8.176052265266545
energy_event,33,h6-1.5,v4.1-one-shot-joint-compression,HIGH,ALGORITHM_REJECTED,1,NA,NA,-2.993298931570549,0.002266494261393248,NA,NA,NA,NA,NA,383,131,8.179570649585262
energy_event,33,h6-1.5,v4.1-one-shot-joint-compression,HIGH,ALGORITHM_REJECTED,1,NA,NA,-2.993299004500744,0.002266421331198032,NA,NA,NA,NA,NA,384,131,8.179894899244083
energy_event,33,h6-1.5,v4.1-one-shot-joint-compression,HIGH,ALGORITHM_REJECTED,1,NA,NA,-2.9932990729226074,0.0022663529093347456,NA,NA,NA,NA,NA,385,131,8.18438005584267
energy_event,33,h6-1.5,v4.1-one-shot-joint-compression,HIGH,ALGORITHM_REJECTED,1,NA,NA,-2.9932991494239616,0.0022662764079806053,NA,NA,NA,NA,NA,386,131,8.183808896154595
energy_event,33,h6-1.5,v4.1-one-shot-joint-compression,HIGH,ALGORITHM_REJECTED,1,NA,NA,-2.9932991987008015,0.0022662271311406634,NA,NA,NA,NA,NA,387,131,8.184414195902729
energy_event,33,h6-1.5,v4.1-one-shot-joint-compression,HIGH,ALGORITHM_REJECTED,1,NA,NA,-2.9932992520377377,0.0022661737942044624,NA,NA,NA,NA,NA,388,131,8.18563703551414
energy_event,33,h6-1.5,v4.1-one-shot-joint-compression,HIGH,ALGORITHM_REJECTED,1,NA,NA,-2.993299340679959,0.0022660851519833436,NA,NA,NA,NA,NA,389,131,8.186818536201088
energy_event,33,h6-1.5,v4.1-one-shot-joint-compression,HIGH,ALGORITHM_REJECTED,1,NA,NA,-2.9932994650164466,0.0022659608154955713,NA,NA,NA,NA,NA,390,131,8.188104779235308
energy_event,33,h6-1.5,v4.1-one-shot-joint-compression,HIGH,ALGORITHM_REJECTED,1,NA,NA,-2.9932995182657613,0.002265907566180836,NA,NA,NA,NA,NA,391,131,8.187869600960084
energy_event,33,h6-1.5,v4.1-one-shot-joint-compression,HIGH,ALGORITHM_REJECTED,1,NA,NA,-2.9932995819330785,0.00226584389886364,NA,NA,NA,NA,NA,392,131,8.189464091598603
energy_event,33,h6-1.5,v4.1-one-shot-joint-compression,HIGH,ALGORITHM_REJECTED,1,NA,NA,-2.993299623306993,0.002265802524949123,NA,NA,NA,NA,NA,393,131,8.18886700143674
energy_event,33,h6-1.5,v4.1-one-shot-joint-compression,HIGH,ALGORITHM_REJECTED,1,NA,NA,-2.9932996612713816,0.0022657645605606014,NA,NA,NA,NA,NA,394,131,8.189846557001847
energy_event,33,h6-1.5,v4.1-one-shot-joint-compression,HIGH,ALGORITHM_REJECTED,1,NA,NA,-2.9932996981035394,0.002265727728402833,NA,NA,NA,NA,NA,395,131,8.190693310077988
energy_event,33,h6-1.5,v4.1-one-shot-joint-compression,HIGH,ALGORITHM_REJECTED,1,NA,NA,-2.9932997585932735,0.0022656672386687227,NA,NA,NA,NA,NA,396,131,8.191749306982237
energy_event,33,h6-1.5,v4.1-one-shot-joint-compression,HIGH,ALGORITHM_REJECTED,1,NA,NA,-2.9932998436339906,0.0022655821979515878,NA,NA,NA,NA,NA,397,131,8.19465423988392
energy_event,33,h6-1.5,v4.1-one-shot-joint-compression,HIGH,ALGORITHM_REJECTED,1,NA,NA,-2.9932998933754407,0.002265532456501518,NA,NA,NA,NA,NA,398,131,8.197343464077228
energy_event,33,h6-1.5,v4.1-one-shot-joint-compression,HIGH,ALGORITHM_REJECTED,1,NA,NA,-2.9932999358126584,0.002265490019283778,NA,NA,NA,NA,NA,399,131,8.199122119663794
energy_event,33,h6-1.5,v4.1-one-shot-joint-compression,HIGH,ALGORITHM_REJECTED,1,NA,NA,-2.993299993791316,0.0022654320406263473,NA,NA,NA,NA,NA,400,131,8.201815409417954
energy_event,33,h6-1.5,v4.1-one-shot-joint-compression,HIGH,ALGORITHM_REJECTED,1,NA,NA,-2.993300082186658,0.00226534364528419,NA,NA,NA,NA,NA,401,131,8.203904191402371
energy_event,33,h6-1.5,v4.1-one-shot-joint-compression,HIGH,ALGORITHM_REJECTED,1,NA,NA,-2.993300190078845,0.0022652357530970058,NA,NA,NA,NA,NA,402,131,8.205480922286345
energy_event,33,h6-1.5,v4.1-one-shot-joint-compression,HIGH,ALGORITHM_REJECTED,1,NA,NA,-2.993300273170012,0.00226515266193017,NA,NA,NA,NA,NA,403,131,8.20772019193013
energy_event,33,h6-1.5,v4.1-one-shot-joint-compression,HIGH,ALGORITHM_REJECTED,1,NA,NA,-2.993300405460248,0.002265020371694071,NA,NA,NA,NA,NA,404,131,8.207602881247666
energy_event,33,h6-1.5,v4.1-one-shot-joint-compression,HIGH,ALGORITHM_REJECTED,1,NA,NA,-2.9933005880967376,0.0022648377352045834,NA,NA,NA,NA,NA,405,131,8.209091059350623
energy_event,33,h6-1.5,v4.1-one-shot-joint-compression,HIGH,ALGORITHM_REJECTED,1,NA,NA,-2.9933007237552194,0.002264702076722802,NA,NA,NA,NA,NA,406,131,8.207018052554735
energy_event,33,h6-1.5,v4.1-one-shot-joint-compression,HIGH,ALGORITHM_REJECTED,1,NA,NA,-2.993300767068687,0.0022646587632553228,NA,NA,NA,NA,NA,407,131,8.20928742347565
energy_event,33,h6-1.5,v4.1-one-shot-joint-compression,HIGH,ALGORITHM_REJECTED,1,NA,NA,-2.993300792624715,0.0022646332072273623,NA,NA,NA,NA,NA,408,131,8.208170789220405
energy_event,33,h6-1.5,v4.1-one-shot-joint-compression,HIGH,ALGORITHM_REJECTED,1,NA,NA,-2.993300872551896,0.0022645532800460444,NA,NA,NA,NA,NA,409,131,8.209362549534218
energy_event,33,h6-1.5,v4.1-one-shot-joint-compression,HIGH,ALGORITHM_REJECTED,1,NA,NA,-2.993300925385219,0.0022645004467229946,NA,NA,NA,NA,NA,410,131,8.20904324808544
energy_event,33,h6-1.5,v4.1-one-shot-joint-compression,HIGH,ALGORITHM_REJECTED,1,NA,NA,-2.993300956436618,0.002264469395324209,NA,NA,NA,NA,NA,411,131,8.209619104006771
energy_event,33,h6-1.5,v4.1-one-shot-joint-compression,HIGH,ALGORITHM_REJECTED,1,NA,NA,-2.9933010054101663,0.002264420421775881,NA,NA,NA,NA,NA,412,131,8.210652219006091
energy_event,33,h6-1.5,v4.1-one-shot-joint-compression,HIGH,ALGORITHM_REJECTED,1,NA,NA,-2.9933010825023216,0.002264343329620555,NA,NA,NA,NA,NA,413,131,8.212405531179678
energy_event,33,h6-1.5,v4.1-one-shot-joint-compression,HIGH,ALGORITHM_REJECTED,1,NA,NA,-2.993301164440075,0.002264261391867084,NA,NA,NA,NA,NA,414,131,8.216128708418966
energy_event,33,h6-1.5,v4.1-one-shot-joint-compression,HIGH,ALGORITHM_REJECTED,1,NA,NA,-2.9933012875103273,0.0022641383216148725,NA,NA,NA,NA,NA,415,131,8.217996921804218
energy_event,33,h6-1.5,v4.1-one-shot-joint-compression,HIGH,ALGORITHM_REJECTED,1,NA,NA,-2.9933014285253345,0.0022639973066076458,NA,NA,NA,NA,NA,416,131,8.22300289273283
energy_event,33,h6-1.5,v4.1-one-shot-joint-compression,HIGH,ALGORITHM_REJECTED,1,NA,NA,-2.9933015347220797,0.0022638911098624703,NA,NA,NA,NA,NA,417,131,8.225643176247015
energy_event,33,h6-1.5,v4.1-one-shot-joint-compression,HIGH,ALGORITHM_REJECTED,1,NA,NA,-2.993301552814194,0.002263873017747997,NA,NA,NA,NA,NA,418,131,8.228648657766248
energy_event,33,h6-1.5,v4.1-one-shot-joint-compression,HIGH,ALGORITHM_REJECTED,1,NA,NA,-2.9933015836851857,0.0022638421467564562,NA,NA,NA,NA,NA,419,131,8.226976573157334
energy_event,33,h6-1.5,v4.1-one-shot-joint-compression,HIGH,ALGORITHM_REJECTED,1,NA,NA,-2.993301616358439,0.00226380947350302,NA,NA,NA,NA,NA,420,131,8.227999073445497
energy_event,33,h6-1.5,v4.1-one-shot-joint-compression,HIGH,ALGORITHM_REJECTED,1,NA,NA,-2.9933016611947045,0.002263764637237653,NA,NA,NA,NA,NA,421,131,8.22740163192436
energy_event,33,h6-1.5,v4.1-one-shot-joint-compression,HIGH,ALGORITHM_REJECTED,1,NA,NA,-2.993301725691074,0.0022637001408680746,NA,NA,NA,NA,NA,422,131,8.228122802385311
energy_event,33,h6-1.5,v4.1-one-shot-joint-compression,HIGH,ALGORITHM_REJECTED,1,NA,NA,-2.9933018190061453,0.002263606825796849,NA,NA,NA,NA,NA,423,131,8.230018167510211
energy_event,33,h6-1.5,v4.1-one-shot-joint-compression,HIGH,ALGORITHM_REJECTED,1,NA,NA,-2.99330195851474,0.0022634673172023945,NA,NA,NA,NA,NA,424,131,8.233452371027528
energy_event,33,h6-1.5,v4.1-one-shot-joint-compression,HIGH,ALGORITHM_REJECTED,1,NA,NA,-2.9933021220930023,0.0022633037389399036,NA,NA,NA,NA,NA,425,131,8.236586440980115
energy_event,33,h6-1.5,v4.1-one-shot-joint-compression,HIGH,ALGORITHM_REJECTED,1,NA,NA,-2.9933020513416757,0.0022633744902664787,NA,NA,NA,NA,NA,426,131,8.243860944618051
energy_event,33,h6-1.5,v4.1-one-shot-joint-compression,HIGH,ALGORITHM_REJECTED,1,NA,NA,-2.9933022312685944,0.0022631945633477812,NA,NA,NA,NA,NA,427,131,8.239983006829794
energy_event,33,h6-1.5,v4.1-one-shot-joint-compression,HIGH,ALGORITHM_REJECTED,1,NA,NA,-2.993302368564428,0.002263057267513968,NA,NA,NA,NA,NA,428,131,8.242794184489414
energy_event,33,h6-1.5,v4.1-one-shot-joint-compression,HIGH,ALGORITHM_REJECTED,1,NA,NA,-2.9933025568368,0.0022628689951420533,NA,NA,NA,NA,NA,429,131,8.242919475094261
energy_event,33,h6-1.5,v4.1-one-shot-joint-compression,HIGH,ALGORITHM_REJECTED,1,NA,NA,-2.993302704716936,0.002262721115006361,NA,NA,NA,NA,NA,430,131,8.243626948915955
energy_event,33,h6-1.5,v4.1-one-shot-joint-compression,HIGH,ALGORITHM_REJECTED,1,NA,NA,-2.9933028587818593,0.0022625670500828754,NA,NA,NA,NA,NA,431,131,8.242235758051986
energy_event,33,h6-1.5,v4.1-one-shot-joint-compression,HIGH,ALGORITHM_REJECTED,1,NA,NA,-2.9933030176286137,0.0022624082033284587,NA,NA,NA,NA,NA,432,131,8.24340177957356
energy_event,33,h6-1.5,v4.1-one-shot-joint-compression,HIGH,ALGORITHM_REJECTED,1,NA,NA,-2.9933031532652152,0.0022622725667269528,NA,NA,NA,NA,NA,433,131,8.242396917569677
energy_event,33,h6-1.5,v4.1-one-shot-joint-compression,HIGH,ALGORITHM_REJECTED,1,NA,NA,-2.99330324155455,0.0022621842773919987,NA,NA,NA,NA,NA,434,131,8.240692315466497
energy_event,33,h6-1.5,v4.1-one-shot-joint-compression,HIGH,ALGORITHM_REJECTED,1,NA,NA,-2.9933033489973506,0.0022620768345915643,NA,NA,NA,NA,NA,435,131,8.244037241139804
energy_event,33,h6-1.5,v4.1-one-shot-joint-compression,HIGH,ALGORITHM_REJECTED,1,NA,NA,-2.9933034166396952,0.00226200919224695,NA,NA,NA,NA,NA,436,131,8.245989423977793
energy_event,33,h6-1.5,v4.1-one-shot-joint-compression,HIGH,ALGORITHM_REJECTED,1,NA,NA,-2.993303486162559,0.0022619396693830396,NA,NA,NA,NA,NA,437,131,8.247354498771442
energy_event,33,h6-1.5,v4.1-one-shot-joint-compression,HIGH,ALGORITHM_REJECTED,1,NA,NA,-2.993303526472566,0.0022618993593761516,NA,NA,NA,NA,NA,438,131,8.248365779515812
energy_event,33,h6-1.5,v4.1-one-shot-joint-compression,HIGH,ALGORITHM_REJECTED,1,NA,NA,-2.9933035451205114,0.0022618807114307415,NA,NA,NA,NA,NA,439,131,8.249109228153515
energy_event,33,h6-1.5,v4.1-one-shot-joint-compression,HIGH,ALGORITHM_REJECTED,1,NA,NA,-2.993303553516074,0.002261872315868274,NA,NA,NA,NA,NA,440,131,8.250301895838462
energy_event,33,h6-1.5,v4.1-one-shot-joint-compression,HIGH,ALGORITHM_REJECTED,1,NA,NA,-2.9933035677760285,0.0022618580559137236,NA,NA,NA,NA,NA,441,131,8.250284482839854
energy_event,33,h6-1.5,v4.1-one-shot-joint-compression,HIGH,ALGORITHM_REJECTED,1,NA,NA,-2.9933035917329156,0.002261834099026583,NA,NA,NA,NA,NA,442,131,8.250361955596366
energy_event,33,h6-1.5,v4.1-one-shot-joint-compression,HIGH,ALGORITHM_REJECTED,1,NA,NA,-2.9933036276495093,0.0022617981824328837,NA,NA,NA,NA,NA,443,131,8.25069576146
energy_event,33,h6-1.5,v4.1-one-shot-joint-compression,HIGH,ALGORITHM_REJECTED,1,NA,NA,-2.99330366302142,0.00226176281052215,NA,NA,NA,NA,NA,444,131,8.25128117527833
energy_event,33,h6-1.5,v4.1-one-shot-joint-compression,HIGH,ALGORITHM_REJECTED,1,NA,NA,-2.993303706422729,0.0022617194092133808,NA,NA,NA,NA,NA,445,131,8.25202396042298
energy_event,33,h6-1.5,v4.1-one-shot-joint-compression,HIGH,ALGORITHM_REJECTED,1,NA,NA,-2.99330377468482,0.00226165114712229,NA,NA,NA,NA,NA,446,131,8.253399050578636
energy_event,33,h6-1.5,v4.1-one-shot-joint-compression,HIGH,ALGORITHM_REJECTED,1,NA,NA,-2.993303867926233,0.002261557905709033,NA,NA,NA,NA,NA,447,131,8.25496315354205
energy_event,33,h6-1.5,v4.1-one-shot-joint-compression,HIGH,ALGORITHM_REJECTED,1,NA,NA,-2.9933039457535773,0.002261480078364908,NA,NA,NA,NA,NA,448,131,8.255855656286066
energy_event,33,h6-1.5,v4.1-one-shot-joint-compression,HIGH,ALGORITHM_REJECTED,1,NA,NA,-2.993304061595179,0.0022613642367632636,NA,NA,NA,NA,NA,449,131,8.256119628951183
energy_event,33,h6-1.5,v4.1-one-shot-joint-compression,HIGH,ALGORITHM_REJECTED,1,NA,NA,-2.993304195604422,0.002261230227520006,NA,NA,NA,NA,NA,450,131,8.256475168785755
energy_event,33,h6-1.5,v4.1-one-shot-joint-compression,HIGH,ALGORITHM_REJECTED,1,NA,NA,-2.9933043229090512,0.002261102922890945,NA,NA,NA,NA,NA,451,131,8.256478310296288
energy_event,33,h6-1.5,v4.1-one-shot-joint-compression,HIGH,ALGORITHM_REJECTED,1,NA,NA,-2.9933044703110467,0.002260955520895447,NA,NA,NA,NA,NA,452,131,8.25671212761314
energy_event,33,h6-1.5,v4.1-one-shot-joint-compression,HIGH,ALGORITHM_REJECTED,1,NA,NA,-2.993304662102838,0.0022607637291041094,NA,NA,NA,NA,NA,453,131,8.258335441790525
energy_event,33,h6-1.5,v4.1-one-shot-joint-compression,HIGH,ALGORITHM_REJECTED,1,NA,NA,-2.9933048677572582,0.0022605580746839493,NA,NA,NA,NA,NA,454,131,8.258249977043858
energy_event,33,h6-1.5,v4.1-one-shot-joint-compression,HIGH,ALGORITHM_REJECTED,1,NA,NA,-2.9933050482489065,0.0022603775830356554,NA,NA,NA,NA,NA,455,131,8.262150897113532
energy_event,33,h6-1.5,v4.1-one-shot-joint-compression,HIGH,ALGORITHM_REJECTED,1,NA,NA,-2.993305284772654,0.002260141059288401,NA,NA,NA,NA,NA,456,131,8.261197999644057
energy_event,33,h6-1.5,v4.1-one-shot-joint-compression,HIGH,ALGORITHM_REJECTED,1,NA,NA,-2.9933054892410143,0.0022599365909279356,NA,NA,NA,NA,NA,457,131,8.260579443864641
energy_event,33,h6-1.5,v4.1-one-shot-joint-compression,HIGH,ALGORITHM_REJECTED,1,NA,NA,-2.993305634125111,0.0022597917068312157,NA,NA,NA,NA,NA,458,131,8.262428243727145
energy_event,33,h6-1.5,v4.1-one-shot-joint-compression,HIGH,ALGORITHM_REJECTED,1,NA,NA,-2.9933057662903026,0.002259659541639536,NA,NA,NA,NA,NA,459,131,8.263252518576598
energy_event,33,h6-1.5,v4.1-one-shot-joint-compression,HIGH,ALGORITHM_REJECTED,1,NA,NA,-2.9933059022373736,0.002259523594568602,NA,NA,NA,NA,NA,460,131,8.264934915243915
energy_event,33,h6-1.5,v4.1-one-shot-joint-compression,HIGH,ALGORITHM_REJECTED,1,NA,NA,-2.9933059564430398,0.002259469388902424,NA,NA,NA,NA,NA,461,131,8.264786068020484
energy_event,33,h6-1.5,v4.1-one-shot-joint-compression,HIGH,ALGORITHM_REJECTED,1,NA,NA,-2.9933059942666373,0.002259431565304837,NA,NA,NA,NA,NA,462,131,8.265767849045783
energy_event,33,h6-1.5,v4.1-one-shot-joint-compression,HIGH,ALGORITHM_REJECTED,1,NA,NA,-2.993306012742634,0.0022594130893081044,NA,NA,NA,NA,NA,463,131,8.267059700511307
energy_event,33,h6-1.5,v4.1-one-shot-joint-compression,HIGH,ALGORITHM_REJECTED,1,NA,NA,-2.9933060282761237,0.0022593975558184987,NA,NA,NA,NA,NA,464,131,8.266763804881418
energy_event,33,h6-1.5,v4.1-one-shot-joint-compression,HIGH,ALGORITHM_REJECTED,1,NA,NA,-2.9933060505336386,0.0022593752983035564,NA,NA,NA,NA,NA,465,131,8.267358981744788
energy_event,33,h6-1.5,v4.1-one-shot-joint-compression,HIGH,ALGORITHM_REJECTED,1,NA,NA,-2.9933060846489887,0.002259341182953456,NA,NA,NA,NA,NA,466,131,8.267827624471025
energy_event,33,h6-1.5,v4.1-one-shot-joint-compression,HIGH,ALGORITHM_REJECTED,1,NA,NA,-2.9933061384120414,0.0022592874199007795,NA,NA,NA,NA,NA,467,131,8.268753900249909
energy_event,33,h6-1.5,v4.1-one-shot-joint-compression,HIGH,ALGORITHM_REJECTED,1,NA,NA,-2.9933062269523876,0.0022591988795546136,NA,NA,NA,NA,NA,468,131,8.269622298462227
energy_event,33,h6-1.5,v4.1-one-shot-joint-compression,HIGH,ALGORITHM_REJECTED,1,NA,NA,-2.993306374881158,0.0022590509507840473,NA,NA,NA,NA,NA,469,131,8.270642255922239
energy_event,33,h6-1.5,v4.1-one-shot-joint-compression,HIGH,ALGORITHM_REJECTED,1,NA,NA,-2.9933066187696,0.0022588070623421608,NA,NA,NA,NA,NA,470,131,8.272097145577956
energy_event,33,h6-1.5,v4.1-one-shot-joint-compression,HIGH,ALGORITHM_REJECTED,1,NA,NA,-2.993306996709917,0.0022584291220253405,NA,NA,NA,NA,NA,471,131,8.27372566742135
energy_event,33,h6-1.5,v4.1-one-shot-joint-compression,HIGH,ALGORITHM_REJECTED,1,NA,NA,-2.9933051661126107,0.0022602597193315255,NA,NA,NA,NA,NA,472,131,8.280703119020954
energy_event,33,h6-1.5,v4.1-one-shot-joint-compression,HIGH,ALGORITHM_REJECTED,1,NA,NA,-2.9933071167961507,0.0022583090357914948,NA,NA,NA,NA,NA,473,131,8.275278815972973
energy_event,33,h6-1.5,v4.1-one-shot-joint-compression,HIGH,ALGORITHM_REJECTED,1,NA,NA,-2.993307332511655,0.0022580933202873688,NA,NA,NA,NA,NA,474,131,8.276509197996564
energy_event,33,h6-1.5,v4.1-one-shot-joint-compression,HIGH,ALGORITHM_REJECTED,1,NA,NA,-2.9933077087839144,0.0022577170480277964,NA,NA,NA,NA,NA,475,131,8.279106414349437
energy_event,33,h6-1.5,v4.1-one-shot-joint-compression,HIGH,ALGORITHM_REJECTED,1,NA,NA,-2.993308284801511,0.0022571410304310646,NA,NA,NA,NA,NA,476,131,8.283547185219945
energy_event,33,h6-1.5,v4.1-one-shot-joint-compression,HIGH,ALGORITHM_REJECTED,1,NA,NA,-2.9933085658411724,0.002256859990769744,NA,NA,NA,NA,NA,477,131,8.294205859906455
energy_event,33,h6-1.5,v4.1-one-shot-joint-compression,HIGH,ALGORITHM_REJECTED,1,NA,NA,-2.993308786852047,0.0022566389798952535,NA,NA,NA,NA,NA,478,131,8.295705652201564
energy_event,33,h6-1.5,v4.1-one-shot-joint-compression,HIGH,ALGORITHM_REJECTED,1,NA,NA,-2.9933089312319128,0.002256494600029413,NA,NA,NA,NA,NA,479,131,8.296256161645076
energy_event,33,h6-1.5,v4.1-one-shot-joint-compression,HIGH,ALGORITHM_REJECTED,1,NA,NA,-2.9933090151814445,0.0022564106504976422,NA,NA,NA,NA,NA,480,131,8.296386206235542
energy_event,33,h6-1.5,v4.1-one-shot-joint-compression,HIGH,ALGORITHM_REJECTED,1,NA,NA,-2.993309120957165,0.0022563048747770154,NA,NA,NA,NA,NA,481,131,8.297617900924438
energy_event,33,h6-1.5,v4.1-one-shot-joint-compression,HIGH,ALGORITHM_REJECTED,1,NA,NA,-2.9933092058095125,0.0022562200224296447,NA,NA,NA,NA,NA,482,131,8.300502290852455
energy_event,33,h6-1.5,v4.1-one-shot-joint-compression,HIGH,ALGORITHM_REJECTED,1,NA,NA,-2.993309318184858,0.0022561076470841712,NA,NA,NA,NA,NA,483,131,8.303276406164501
energy_event,33,h6-1.5,v4.1-one-shot-joint-compression,HIGH,ALGORITHM_REJECTED,1,NA,NA,-2.9933094749950753,0.0022559508368669157,NA,NA,NA,NA,NA,484,131,8.306098930601253
energy_event,33,h6-1.5,v4.1-one-shot-joint-compression,HIGH,ALGORITHM_REJECTED,1,NA,NA,-2.9933096463292324,0.0022557795027098315,NA,NA,NA,NA,NA,485,131,8.309834853500657
energy_event,33,h6-1.5,v4.1-one-shot-joint-compression,HIGH,ALGORITHM_REJECTED,1,NA,NA,-2.993309865210139,0.002255560621803099,NA,NA,NA,NA,NA,486,131,8.30989387562296
energy_event,33,h6-1.5,v4.1-one-shot-joint-compression,HIGH,ALGORITHM_REJECTED,1,NA,NA,-2.9933098776685747,0.0022555481633674823,NA,NA,NA,NA,NA,487,131,8.314773485521199
energy_event,33,h6-1.5,v4.1-one-shot-joint-compression,HIGH,ALGORITHM_REJECTED,1,NA,NA,-2.9933099942967654,0.0022554315351768217,NA,NA,NA,NA,NA,488,131,8.311783158783923
energy_event,33,h6-1.5,v4.1-one-shot-joint-compression,HIGH,ALGORITHM_REJECTED,1,NA,NA,-2.9933101936906414,0.002255232141300745,NA,NA,NA,NA,NA,489,131,8.313279623915877
energy_event,33,h6-1.5,v4.1-one-shot-joint-compression,HIGH,ALGORITHM_REJECTED,1,NA,NA,-2.99331048982829,0.0022549360036521193,NA,NA,NA,NA,NA,490,131,8.313411027988023
energy_event,33,h6-1.5,v4.1-one-shot-joint-compression,HIGH,ALGORITHM_REJECTED,1,NA,NA,-2.99331079566049,0.00225463017145211,NA,NA,NA,NA,NA,491,131,8.313660862729751
energy_event,33,h6-1.5,v4.1-one-shot-joint-compression,HIGH,ALGORITHM_REJECTED,1,NA,NA,-2.9933108566058793,0.00225456922606293,NA,NA,NA,NA,NA,492,131,8.312025459704932
energy_event,33,h6-1.5,v4.1-one-shot-joint-compression,HIGH,ALGORITHM_REJECTED,1,NA,NA,-2.993310962096799,0.002254463735143375,NA,NA,NA,NA,NA,493,131,8.312802696702581
energy_event,33,h6-1.5,v4.1-one-shot-joint-compression,HIGH,ALGORITHM_REJECTED,1,NA,NA,-2.993310952232934,0.002254473599008211,NA,NA,NA,NA,NA,494,131,8.31114169145876
energy_event,33,h6-1.5,v4.1-one-shot-joint-compression,HIGH,ALGORITHM_REJECTED,1,NA,NA,-2.9933110434323784,0.00225438239956377,NA,NA,NA,NA,NA,495,131,8.311996247983505
energy_event,33,h6-1.5,v4.1-one-shot-joint-compression,HIGH,ALGORITHM_REJECTED,1,NA,NA,-2.9933111783259685,0.0022542475059736944,NA,NA,NA,NA,NA,496,131,8.31349569192135
energy_event,33,h6-1.5,v4.1-one-shot-joint-compression,HIGH,ALGORITHM_REJECTED,1,NA,NA,-2.9933113641393505,0.00225406169259168,NA,NA,NA,NA,NA,497,131,8.315585881302859
energy_event,33,h6-1.5,v4.1-one-shot-joint-compression,HIGH,ALGORITHM_REJECTED,1,NA,NA,-2.9933115104643444,0.0022539153675977808,NA,NA,NA,NA,NA,498,131,8.320404098426357
energy_event,33,h6-1.5,v4.1-one-shot-joint-compression,HIGH,ALGORITHM_REJECTED,1,NA,NA,-2.993311629348076,0.002253796483866033,NA,NA,NA,NA,NA,499,131,8.32156625094003
energy_event,33,h6-1.5,v4.1-one-shot-joint-compression,HIGH,ALGORITHM_REJECTED,1,NA,NA,-2.993311786399735,0.002253639432207244,NA,NA,NA,NA,NA,500,131,8.32268537531874
energy_event,33,h6-1.5,v4.1-one-shot-joint-compression,HIGH,ALGORITHM_REJECTED,1,NA,NA,-2.9933119806564283,0.0022534451755138463,NA,NA,NA,NA,NA,501,131,8.323843591751924
energy_event,33,h6-1.5,v4.1-one-shot-joint-compression,HIGH,ALGORITHM_REJECTED,1,NA,NA,-2.993311944286712,0.002253481545229974,NA,NA,NA,NA,NA,502,131,8.325216921049913
energy_event,33,h6-1.5,v4.1-one-shot-joint-compression,HIGH,ALGORITHM_REJECTED,1,NA,NA,-2.9933120521332484,0.002253373698693828,NA,NA,NA,NA,NA,503,131,8.32446801425178
energy_event,33,h6-1.5,v4.1-one-shot-joint-compression,HIGH,ALGORITHM_REJECTED,1,NA,NA,-2.993312157216065,0.0022532686158771575,NA,NA,NA,NA,NA,504,131,8.323919561477995
energy_event,33,h6-1.5,v4.1-one-shot-joint-compression,HIGH,ALGORITHM_REJECTED,1,NA,NA,-2.9933122826258374,0.002253143206104813,NA,NA,NA,NA,NA,505,131,8.32454098431958
energy_event,33,h6-1.5,v4.1-one-shot-joint-compression,HIGH,ALGORITHM_REJECTED,1,NA,NA,-2.9933123831072876,0.0022530427246545415,NA,NA,NA,NA,NA,506,131,8.324952398883312
energy_event,33,h6-1.5,v4.1-one-shot-joint-compression,HIGH,ALGORITHM_REJECTED,1,NA,NA,-2.99331246532195,0.002252960509992352,NA,NA,NA,NA,NA,507,131,8.326480212181231
energy_event,33,h6-1.5,v4.1-one-shot-joint-compression,HIGH,ALGORITHM_REJECTED,1,NA,NA,-2.9933125504871754,0.0022528753447668137,NA,NA,NA,NA,NA,508,131,8.327775028493209
energy_event,33,h6-1.5,v4.1-one-shot-joint-compression,HIGH,ALGORITHM_REJECTED,1,NA,NA,-2.9933125035964703,0.0022529222354719103,NA,NA,NA,NA,NA,509,131,8.330393757806146
energy_event,33,h6-1.5,v4.1-one-shot-joint-compression,HIGH,ALGORITHM_REJECTED,1,NA,NA,-2.9933125929038624,0.002252832928079762,NA,NA,NA,NA,NA,510,131,8.328874103861606
energy_event,33,h6-1.5,v4.1-one-shot-joint-compression,HIGH,ALGORITHM_REJECTED,1,NA,NA,-2.9933126558116645,0.0022527700202776835,NA,NA,NA,NA,NA,511,131,8.329503541321507
energy_event,33,h6-1.5,v4.1-one-shot-joint-compression,HIGH,ALGORITHM_REJECTED,1,NA,NA,-2.993312722825282,0.0022527030066603615,NA,NA,NA,NA,NA,512,131,8.331337200749925
energy_event,33,h6-1.5,v4.1-one-shot-joint-compression,HIGH,ALGORITHM_REJECTED,1,NA,NA,-2.993312768911826,0.002252656920116003,NA,NA,NA,NA,NA,513,131,8.331876163951502
energy_event,33,h6-1.5,v4.1-one-shot-joint-compression,HIGH,ALGORITHM_REJECTED,1,NA,NA,-2.9933128047109387,0.0022526211210034397,NA,NA,NA,NA,NA,514,131,8.332682238737425
energy_event,33,h6-1.5,v4.1-one-shot-joint-compression,HIGH,ALGORITHM_REJECTED,1,NA,NA,-2.9933128441268493,0.0022525817050929042,NA,NA,NA,NA,NA,515,131,8.333764625778537
energy_event,33,h6-1.5,v4.1-one-shot-joint-compression,HIGH,ALGORITHM_REJECTED,1,NA,NA,-2.9933128686792596,0.002252557152682577,NA,NA,NA,NA,NA,516,131,8.334867620763745
energy_event,33,h6-1.5,v4.1-one-shot-joint-compression,HIGH,ALGORITHM_REJECTED,1,NA,NA,-2.9933128879492297,0.002252537882712513,NA,NA,NA,NA,NA,517,131,8.334771097179111
energy_event,33,h6-1.5,v4.1-one-shot-joint-compression,HIGH,ALGORITHM_REJECTED,1,NA,NA,-2.993312903664082,0.0022525221678599827,NA,NA,NA,NA,NA,518,131,8.33534479295797
energy_event,33,h6-1.5,v4.1-one-shot-joint-compression,HIGH,ALGORITHM_REJECTED,1,NA,NA,-2.9933129158270537,0.002252510004888464,NA,NA,NA,NA,NA,519,131,8.335115117890183
energy_event,33,h6-1.5,v4.1-one-shot-joint-compression,HIGH,ALGORITHM_REJECTED,1,NA,NA,-2.993312924817949,0.0022525010139933244,NA,NA,NA,NA,NA,520,131,8.335107043520198
energy_event,33,h6-1.5,v4.1-one-shot-joint-compression,HIGH,ALGORITHM_REJECTED,1,NA,NA,-2.993312932247886,0.0022524935840562144,NA,NA,NA,NA,NA,521,131,8.334981001920694
energy_event,33,h6-1.5,v4.1-one-shot-joint-compression,HIGH,ALGORITHM_REJECTED,1,NA,NA,-2.993312939837295,0.002252485994647113,NA,NA,NA,NA,NA,522,131,8.334935304638925
energy_event,33,h6-1.5,v4.1-one-shot-joint-compression,HIGH,ALGORITHM_REJECTED,1,NA,NA,-2.993312945406856,0.0022524804250863006,NA,NA,NA,NA,NA,523,131,8.334834929087652
energy_event,33,h6-1.5,v4.1-one-shot-joint-compression,HIGH,ALGORITHM_REJECTED,1,NA,NA,-2.9933129546606234,0.0022524711713187706,NA,NA,NA,NA,NA,524,131,8.334502714650013
energy_event,33,h6-1.5,v4.1-one-shot-joint-compression,HIGH,ALGORITHM_REJECTED,1,NA,NA,-2.99331296918162,0.0022524566503223653,NA,NA,NA,NA,NA,525,131,8.333841839337545
energy_event,33,h6-1.5,v4.1-one-shot-joint-compression,HIGH,ALGORITHM_REJECTED,1,NA,NA,-2.9933129886349015,0.002252437197040713,NA,NA,NA,NA,NA,526,131,8.332718420341648
energy_event,33,h6-1.5,v4.1-one-shot-joint-compression,HIGH,ALGORITHM_REJECTED,1,NA,NA,-2.993313007285005,0.0022524185469370295,NA,NA,NA,NA,NA,527,131,8.331377195462526
energy_event,33,h6-1.5,v4.1-one-shot-joint-compression,HIGH,ALGORITHM_REJECTED,1,NA,NA,-2.9933130287021346,0.002252397129807626,NA,NA,NA,NA,NA,528,131,8.33039648425107
energy_event,33,h6-1.5,v4.1-one-shot-joint-compression,HIGH,ALGORITHM_REJECTED,1,NA,NA,-2.9933130478579186,0.002252377974023556,NA,NA,NA,NA,NA,529,131,8.329765946064681
energy_event,33,h6-1.5,v4.1-one-shot-joint-compression,HIGH,ALGORITHM_REJECTED,1,NA,NA,-2.9933130601003066,0.002252365731635564,NA,NA,NA,NA,NA,530,131,8.329642818370553
energy_event,33,h6-1.5,v4.1-one-shot-joint-compression,HIGH,ALGORITHM_REJECTED,1,NA,NA,-2.9933130738946785,0.002252351937263697,NA,NA,NA,NA,NA,531,131,8.329827712448184
energy_event,33,h6-1.5,v4.1-one-shot-joint-compression,HIGH,ALGORITHM_REJECTED,1,NA,NA,-2.993313090319485,0.002252335512457293,NA,NA,NA,NA,NA,532,131,8.329800393762694
energy_event,33,h6-1.5,v4.1-one-shot-joint-compression,HIGH,ALGORITHM_REJECTED,1,NA,NA,-2.993313100299582,0.0022523255323601,NA,NA,NA,NA,NA,533,131,8.329601187100536
energy_event,33,h6-1.5,v4.1-one-shot-joint-compression,HIGH,ALGORITHM_REJECTED,1,NA,NA,-2.993313111743413,0.002252314088529328,NA,NA,NA,NA,NA,534,131,8.329114072902646
energy_event,33,h6-1.5,v4.1-one-shot-joint-compression,HIGH,ALGORITHM_REJECTED,1,NA,NA,-2.9933131259006487,0.0022522999312935,NA,NA,NA,NA,NA,535,131,8.328474947781341
energy_event,33,h6-1.5,v4.1-one-shot-joint-compression,HIGH,ALGORITHM_REJECTED,1,NA,NA,-2.9933131412899403,0.002252284542001881,NA,NA,NA,NA,NA,536,131,8.32764155483682
energy_event,33,h6-1.5,v4.1-one-shot-joint-compression,HIGH,ALGORITHM_REJECTED,1,NA,NA,-2.993313152658088,0.0022522731738541246,NA,NA,NA,NA,NA,537,131,8.327280051328705
energy_event,33,h6-1.5,v4.1-one-shot-joint-compression,HIGH,ALGORITHM_REJECTED,1,NA,NA,-2.9933131613433006,0.0022522644886415755,NA,NA,NA,NA,NA,538,131,8.327096290951175
energy_event,33,h6-1.5,v4.1-one-shot-joint-compression,HIGH,ALGORITHM_REJECTED,1,NA,NA,-2.9933131672409323,0.002252258591009859,NA,NA,NA,NA,NA,539,131,8.326880238836159
energy_event,33,h6-1.5,v4.1-one-shot-joint-compression,HIGH,ALGORITHM_REJECTED,1,NA,NA,-2.9933131726338447,0.0022522531980975202,NA,NA,NA,NA,NA,540,131,8.326378206779026
energy_event,33,h6-1.5,v4.1-one-shot-joint-compression,HIGH,ALGORITHM_REJECTED,1,NA,NA,-2.9933131790603236,0.0022522467716186156,NA,NA,NA,NA,NA,541,131,8.325601584651453
energy_event,33,h6-1.5,v4.1-one-shot-joint-compression,HIGH,ALGORITHM_REJECTED,1,NA,NA,-2.9933131858703,0.002252239961642033,NA,NA,NA,NA,NA,542,131,8.324614723625254
energy_event,33,h6-1.5,v4.1-one-shot-joint-compression,HIGH,ALGORITHM_REJECTED,1,NA,NA,-2.9933131950703142,0.002252230761627949,NA,NA,NA,NA,NA,543,131,8.323585518109535
energy_event,33,h6-1.5,v4.1-one-shot-joint-compression,HIGH,ALGORITHM_REJECTED,1,NA,NA,-2.9933132101843913,0.002252215647550848,NA,NA,NA,NA,NA,544,131,8.322733565117199
energy_event,33,h6-1.5,v4.1-one-shot-joint-compression,HIGH,ALGORITHM_REJECTED,1,NA,NA,-2.993313235816437,0.002252190015505029,NA,NA,NA,NA,NA,545,131,8.321764326238396
energy_event,33,h6-1.5,v4.1-one-shot-joint-compression,HIGH,ALGORITHM_REJECTED,1,NA,NA,-2.9933132775667195,0.0022521482652226865,NA,NA,NA,NA,NA,546,131,8.320955154884864
energy_event,33,h6-1.5,v4.1-one-shot-joint-compression,HIGH,ALGORITHM_REJECTED,1,NA,NA,-2.99331333400135,0.0022520918305923843,NA,NA,NA,NA,NA,547,131,8.319749175959014
energy_event,33,h6-1.5,v4.1-one-shot-joint-compression,HIGH,ALGORITHM_REJECTED,1,NA,NA,-2.9933133650824195,0.0022520607495226663,NA,NA,NA,NA,NA,548,131,8.32051174946452
energy_event,33,h6-1.5,v4.1-one-shot-joint-compression,HIGH,ALGORITHM_REJECTED,1,NA,NA,-2.993313391336454,0.0022520344954881644,NA,NA,NA,NA,NA,549,131,8.320101395311278
energy_event,33,h6-1.5,v4.1-one-shot-joint-compression,HIGH,ALGORITHM_REJECTED,1,NA,NA,-2.993313405320452,0.0022520205114902048,NA,NA,NA,NA,NA,550,131,8.320350093140048
energy_event,33,h6-1.5,v4.1-one-shot-joint-compression,HIGH,ALGORITHM_REJECTED,1,NA,NA,-2.993313414198725,0.002252011633216977,NA,NA,NA,NA,NA,551,131,8.32032782304985
energy_event,33,h6-1.5,v4.1-one-shot-joint-compression,HIGH,ALGORITHM_REJECTED,1,NA,NA,-2.993313424547834,0.002252001284108296,NA,NA,NA,NA,NA,552,131,8.31994399444372
energy_event,33,h6-1.5,v4.1-one-shot-joint-compression,HIGH,ALGORITHM_REJECTED,1,NA,NA,-2.993313436592107,0.0022519892398351615,NA,NA,NA,NA,NA,553,131,8.319402072550176
energy_event,33,h6-1.5,v4.1-one-shot-joint-compression,HIGH,ALGORITHM_REJECTED,1,NA,NA,-2.9933134442968217,0.0022519815351205175,NA,NA,NA,NA,NA,554,131,8.318864056948287
energy_event,33,h6-1.5,v4.1-one-shot-joint-compression,HIGH,ALGORITHM_REJECTED,1,NA,NA,-2.993313447495165,0.0022519783367771495,NA,NA,NA,NA,NA,555,131,8.318655808739837
energy_event,33,h6-1.5,v4.1-one-shot-joint-compression,HIGH,ALGORITHM_REJECTED,1,NA,NA,-2.993313448199594,0.00225197763234819,NA,NA,NA,NA,NA,556,131,8.318587545268814
energy_event,33,h6-1.5,v4.1-one-shot-joint-compression,HIGH,ALGORITHM_REJECTED,1,NA,NA,-2.9933134485226787,0.00225197730926352,NA,NA,NA,NA,NA,557,131,8.318569085953555
energy_event,33,h6-1.5,v4.1-one-shot-joint-compression,HIGH,ALGORITHM_REJECTED,1,NA,NA,-2.9933134486572177,0.0022519771747244732,NA,NA,NA,NA,NA,558,131,8.318579185146374
energy_event,33,h6-1.5,v4.1-one-shot-joint-compression,HIGH,ALGORITHM_REJECTED,1,NA,NA,-2.993313448714601,0.002251977117341042,NA,NA,NA,NA,NA,559,131,8.318595107473318
energy_event,33,h6-1.5,v4.1-one-shot-joint-compression,HIGH,ALGORITHM_REJECTED,1,NA,NA,-2.99331344874085,0.002251977091092261,NA,NA,NA,NA,NA,560,131,8.318612354528838
energy_event,33,h6-1.5,v4.1-one-shot-joint-compression,HIGH,ALGORITHM_REJECTED,1,NA,NA,-2.9933134487497197,0.002251977082222467,NA,NA,NA,NA,NA,561,131,8.318613286742213
energy_event,33,h6-1.5,v4.1-one-shot-joint-compression,HIGH,ALGORITHM_REJECTED,1,NA,NA,-2.993313448751754,0.0022519770801880945,NA,NA,NA,NA,NA,562,131,8.3186106430755
energy_event,33,h6-1.5,v4.1-one-shot-joint-compression,HIGH,ALGORITHM_REJECTED,1,NA,NA,-2.9933134487522364,0.0022519770797058136,NA,NA,NA,NA,NA,563,131,8.318606353423638
energy_event,33,h6-1.5,v4.1-one-shot-joint-compression,HIGH,ALGORITHM_REJECTED,1,NA,NA,-2.993313448752408,0.002251977079534395,NA,NA,NA,NA,NA,564,131,8.318604306194471
energy_event,33,h6-1.5,v4.1-one-shot-joint-compression,HIGH,ALGORITHM_REJECTED,1,NA,NA,-2.993313448752519,0.002251977079423373,NA,NA,NA,NA,NA,565,131,8.318603229904271
energy_event,33,h6-1.5,v4.1-one-shot-joint-compression,HIGH,ALGORITHM_REJECTED,1,NA,NA,-2.993313448752593,0.00225197707934921,NA,NA,NA,NA,NA,566,131,8.318603260091402
energy_event,33,h6-1.5,v4.1-one-shot-joint-compression,HIGH,ALGORITHM_REJECTED,1,NA,NA,-2.9933134487526303,0.0022519770793119065,NA,NA,NA,NA,NA,567,131,8.31860400635025
energy_event,33,h6-1.5,v4.1-one-shot-joint-compression,HIGH,ALGORITHM_REJECTED,1,NA,NA,-2.993313448752641,0.0022519770793012484,NA,NA,NA,NA,NA,568,131,8.318604586435544
energy_event,33,h6-1.5,v4.1-one-shot-joint-compression,HIGH,ALGORITHM_REJECTED,1,NA,NA,-2.9933134487526436,0.002251977079298584,NA,NA,NA,NA,NA,569,131,8.318604804003442
energy_event,34,h6-1.5,v5-fixed-source-whitelist-no-replenishment,HIGH,COMPLETED,1,NA,NA,-2.9941735222656445,0.001391903566297703,NA,NA,NA,NA,NA,1,136,7.132120491735543
energy_event,34,h6-1.5,v5-fixed-source-whitelist-no-replenishment,HIGH,COMPLETED,1,NA,NA,-2.9941735228685107,0.0013919029634315017,NA,NA,NA,NA,NA,2,136,7.132025492609671
energy_event,34,h6-1.5,v5-fixed-source-whitelist-no-replenishment,HIGH,COMPLETED,1,NA,NA,-2.994173522921083,0.0013919029108593328,NA,NA,NA,NA,NA,3,136,7.132023715870441
energy_event,34,h6-1.5,v5-fixed-source-whitelist-no-replenishment,HIGH,COMPLETED,1,NA,NA,-2.9941735229267334,0.0013919029052087417,NA,NA,NA,NA,NA,4,136,7.132011679470774
energy_event,34,h6-1.5,v5-fixed-source-whitelist-no-replenishment,HIGH,COMPLETED,1,NA,NA,-2.994173522927377,0.0013919029045652564,NA,NA,NA,NA,NA,5,136,7.132008839013111
energy_event,34,h6-1.5,v5-fixed-source-whitelist-no-replenishment,HIGH,COMPLETED,1,NA,NA,-2.9941735229274715,0.0013919029044706654,NA,NA,NA,NA,NA,6,136,7.132008927279009
energy_event,34,h6-1.5,v5-fixed-source-whitelist-no-replenishment,HIGH,COMPLETED,1,NA,NA,-2.994173522927483,0.0013919029044591191,NA,NA,NA,NA,NA,7,136,7.132009776714039
energy_event,34,h6-1.5,v5-fixed-source-whitelist-no-replenishment,HIGH,COMPLETED,1,NA,NA,-2.994173522927487,0.0013919029044551223,NA,NA,NA,NA,NA,8,136,7.132010038377025
energy_event,34,h6-1.5,v5-fixed-source-whitelist-no-replenishment,HIGH,COMPLETED,2,NA,NA,-2.994173504672094,0.0013919211598483194,NA,NA,NA,NA,NA,9,135,7.132670225569341
energy_event,34,h6-1.5,v5-fixed-source-whitelist-no-replenishment,HIGH,COMPLETED,2,NA,NA,-2.994173506307903,0.0013919195240390536,NA,NA,NA,NA,NA,10,135,7.132827755636632
energy_event,34,h6-1.5,v5-fixed-source-whitelist-no-replenishment,HIGH,COMPLETED,2,NA,NA,-2.9941735064305908,0.0013919194013514158,NA,NA,NA,NA,NA,11,135,7.1329126539935155
energy_event,34,h6-1.5,v5-fixed-source-whitelist-no-replenishment,HIGH,COMPLETED,2,NA,NA,-2.9941735064439228,0.0013919193880194136,NA,NA,NA,NA,NA,12,135,7.132917558071036
energy_event,34,h6-1.5,v5-fixed-source-whitelist-no-replenishment,HIGH,COMPLETED,2,NA,NA,-2.9941735064467787,0.001391919385163476,NA,NA,NA,NA,NA,13,135,7.132916709451019
energy_event,34,h6-1.5,v5-fixed-source-whitelist-no-replenishment,HIGH,COMPLETED,2,NA,NA,-2.99417350644703,0.0013919193849121214,NA,NA,NA,NA,NA,14,135,7.132915472547871
energy_event,34,h6-1.5,v5-fixed-source-whitelist-no-replenishment,HIGH,COMPLETED,2,NA,NA,-2.994173506447084,0.0013919193848583866,NA,NA,NA,NA,NA,15,135,7.132914902975365
energy_event,34,h6-1.5,v5-fixed-source-whitelist-no-replenishment,HIGH,COMPLETED,2,NA,NA,-2.9941735064470896,0.0013919193848526135,NA,NA,NA,NA,NA,16,135,7.132914611243313
energy_event,34,h6-1.5,v5-fixed-source-whitelist-no-replenishment,HIGH,COMPLETED,2,NA,NA,-2.9941735064470953,0.0013919193848468403,NA,NA,NA,NA,NA,17,135,7.13291455013457
energy_event,34,h6-1.5,v5-fixed-source-whitelist-no-replenishment,HIGH,COMPLETED,3,NA,NA,-2.994173475269684,0.0013919505622581596,NA,NA,NA,NA,NA,18,134,7.131962593532459
energy_event,34,h6-1.5,v5-fixed-source-whitelist-no-replenishment,HIGH,COMPLETED,3,NA,NA,-2.9941734776892384,0.001391948142703825,NA,NA,NA,NA,NA,19,134,7.132047493837192
energy_event,34,h6-1.5,v5-fixed-source-whitelist-no-replenishment,HIGH,COMPLETED,3,NA,NA,-2.994173477921449,0.0013919479104931298,NA,NA,NA,NA,NA,20,134,7.131994313447242
energy_event,34,h6-1.5,v5-fixed-source-whitelist-no-replenishment,HIGH,COMPLETED,3,NA,NA,-2.9941734779470743,0.0013919478848678501,NA,NA,NA,NA,NA,21,134,7.131985125672816
energy_event,34,h6-1.5,v5-fixed-source-whitelist-no-replenishment,HIGH,COMPLETED,3,NA,NA,-2.994173477949742,0.0013919478822002063,NA,NA,NA,NA,NA,22,134,7.1319853705762
energy_event,34,h6-1.5,v5-fixed-source-whitelist-no-replenishment,HIGH,COMPLETED,3,NA,NA,-2.99417347795012,0.0013919478818222863,NA,NA,NA,NA,NA,23,134,7.131986063048515
energy_event,34,h6-1.5,v5-fixed-source-whitelist-no-replenishment,HIGH,COMPLETED,3,NA,NA,-2.9941734779501568,0.001391947881785427,NA,NA,NA,NA,NA,24,134,7.131986253003472
energy_event,34,h6-1.5,v5-fixed-source-whitelist-no-replenishment,HIGH,COMPLETED,3,NA,NA,-2.9941734779501648,0.0013919478817774333,NA,NA,NA,NA,NA,25,134,7.131986220211357
energy_event,34,h6-1.5,v5-fixed-source-whitelist-no-replenishment,HIGH,COMPLETED,4,NA,NA,-2.9941734178660813,0.0013920079658609197,NA,NA,NA,NA,NA,26,133,7.132087974013367
energy_event,34,h6-1.5,v5-fixed-source-whitelist-no-replenishment,HIGH,COMPLETED,4,NA,NA,-2.994173420542034,0.001392005289908127,NA,NA,NA,NA,NA,27,133,7.13231838957488
energy_event,34,h6-1.5,v5-fixed-source-whitelist-no-replenishment,HIGH,COMPLETED,4,NA,NA,-2.9941734207710713,0.0013920050608708934,NA,NA,NA,NA,NA,28,133,7.132320236585965
energy_event,34,h6-1.5,v5-fixed-source-whitelist-no-replenishment,HIGH,COMPLETED,4,NA,NA,-2.994173420785905,0.0013920050460369815,NA,NA,NA,NA,NA,29,133,7.132336278040444
energy_event,34,h6-1.5,v5-fixed-source-whitelist-no-replenishment,HIGH,COMPLETED,4,NA,NA,-2.9941734207874036,0.0013920050445386245,NA,NA,NA,NA,NA,30,133,7.132334899915893
energy_event,34,h6-1.5,v5-fixed-source-whitelist-no-replenishment,HIGH,COMPLETED,4,NA,NA,-2.994173420787536,0.001392005044406286,NA,NA,NA,NA,NA,31,133,7.1323337911694695
energy_event,34,h6-1.5,v5-fixed-source-whitelist-no-replenishment,HIGH,COMPLETED,4,NA,NA,-2.9941734207875434,0.0013920050443987364,NA,NA,NA,NA,NA,32,133,7.1323335543348
energy_event,34,h6-1.5,v5-fixed-source-whitelist-no-replenishment,HIGH,COMPLETED,4,NA,NA,-2.99417342078755,0.001392005044392075,NA,NA,NA,NA,NA,33,133,7.132333403501187
energy_event,35,h6-1.5,v5-sequential-with-rebuilding,HIGH,COMPLETED,1,NA,NA,-2.9941735222656445,0.001391903566297703,NA,NA,NA,NA,NA,1,136,7.132120491735543
energy_event,35,h6-1.5,v5-sequential-with-rebuilding,HIGH,COMPLETED,1,NA,NA,-2.9941735228685107,0.0013919029634315017,NA,NA,NA,NA,NA,2,136,7.132025492609671
energy_event,35,h6-1.5,v5-sequential-with-rebuilding,HIGH,COMPLETED,1,NA,NA,-2.994173522921083,0.0013919029108593328,NA,NA,NA,NA,NA,3,136,7.132023715870441
energy_event,35,h6-1.5,v5-sequential-with-rebuilding,HIGH,COMPLETED,1,NA,NA,-2.9941735229267334,0.0013919029052087417,NA,NA,NA,NA,NA,4,136,7.132011679470774
energy_event,35,h6-1.5,v5-sequential-with-rebuilding,HIGH,COMPLETED,1,NA,NA,-2.994173522927377,0.0013919029045652564,NA,NA,NA,NA,NA,5,136,7.132008839013111
energy_event,35,h6-1.5,v5-sequential-with-rebuilding,HIGH,COMPLETED,1,NA,NA,-2.9941735229274715,0.0013919029044706654,NA,NA,NA,NA,NA,6,136,7.132008927279009
energy_event,35,h6-1.5,v5-sequential-with-rebuilding,HIGH,COMPLETED,1,NA,NA,-2.994173522927483,0.0013919029044591191,NA,NA,NA,NA,NA,7,136,7.132009776714039
energy_event,35,h6-1.5,v5-sequential-with-rebuilding,HIGH,COMPLETED,1,NA,NA,-2.994173522927487,0.0013919029044551223,NA,NA,NA,NA,NA,8,136,7.132010038377025
energy_event,35,h6-1.5,v5-sequential-with-rebuilding,HIGH,COMPLETED,2,NA,NA,-2.994173504672094,0.0013919211598483194,NA,NA,NA,NA,NA,9,135,7.132670225569341
energy_event,35,h6-1.5,v5-sequential-with-rebuilding,HIGH,COMPLETED,2,NA,NA,-2.994173506307903,0.0013919195240390536,NA,NA,NA,NA,NA,10,135,7.132827755636632
energy_event,35,h6-1.5,v5-sequential-with-rebuilding,HIGH,COMPLETED,2,NA,NA,-2.9941735064305908,0.0013919194013514158,NA,NA,NA,NA,NA,11,135,7.1329126539935155
energy_event,35,h6-1.5,v5-sequential-with-rebuilding,HIGH,COMPLETED,2,NA,NA,-2.9941735064439228,0.0013919193880194136,NA,NA,NA,NA,NA,12,135,7.132917558071036
energy_event,35,h6-1.5,v5-sequential-with-rebuilding,HIGH,COMPLETED,2,NA,NA,-2.9941735064467787,0.001391919385163476,NA,NA,NA,NA,NA,13,135,7.132916709451019
energy_event,35,h6-1.5,v5-sequential-with-rebuilding,HIGH,COMPLETED,2,NA,NA,-2.99417350644703,0.0013919193849121214,NA,NA,NA,NA,NA,14,135,7.132915472547871
energy_event,35,h6-1.5,v5-sequential-with-rebuilding,HIGH,COMPLETED,2,NA,NA,-2.994173506447084,0.0013919193848583866,NA,NA,NA,NA,NA,15,135,7.132914902975365
energy_event,35,h6-1.5,v5-sequential-with-rebuilding,HIGH,COMPLETED,2,NA,NA,-2.9941735064470896,0.0013919193848526135,NA,NA,NA,NA,NA,16,135,7.132914611243313
energy_event,35,h6-1.5,v5-sequential-with-rebuilding,HIGH,COMPLETED,2,NA,NA,-2.9941735064470953,0.0013919193848468403,NA,NA,NA,NA,NA,17,135,7.13291455013457
energy_event,35,h6-1.5,v5-sequential-with-rebuilding,HIGH,COMPLETED,3,NA,NA,-2.994173475269684,0.0013919505622581596,NA,NA,NA,NA,NA,18,134,7.131962593532459
energy_event,35,h6-1.5,v5-sequential-with-rebuilding,HIGH,COMPLETED,3,NA,NA,-2.9941734776892384,0.001391948142703825,NA,NA,NA,NA,NA,19,134,7.132047493837192
energy_event,35,h6-1.5,v5-sequential-with-rebuilding,HIGH,COMPLETED,3,NA,NA,-2.994173477921449,0.0013919479104931298,NA,NA,NA,NA,NA,20,134,7.131994313447242
energy_event,35,h6-1.5,v5-sequential-with-rebuilding,HIGH,COMPLETED,3,NA,NA,-2.9941734779470743,0.0013919478848678501,NA,NA,NA,NA,NA,21,134,7.131985125672816
energy_event,35,h6-1.5,v5-sequential-with-rebuilding,HIGH,COMPLETED,3,NA,NA,-2.994173477949742,0.0013919478822002063,NA,NA,NA,NA,NA,22,134,7.1319853705762
energy_event,35,h6-1.5,v5-sequential-with-rebuilding,HIGH,COMPLETED,3,NA,NA,-2.99417347795012,0.0013919478818222863,NA,NA,NA,NA,NA,23,134,7.131986063048515
energy_event,35,h6-1.5,v5-sequential-with-rebuilding,HIGH,COMPLETED,3,NA,NA,-2.9941734779501568,0.001391947881785427,NA,NA,NA,NA,NA,24,134,7.131986253003472
energy_event,35,h6-1.5,v5-sequential-with-rebuilding,HIGH,COMPLETED,3,NA,NA,-2.9941734779501648,0.0013919478817774333,NA,NA,NA,NA,NA,25,134,7.131986220211357
energy_event,35,h6-1.5,v5-sequential-with-rebuilding,HIGH,COMPLETED,4,NA,NA,-2.9941734178660813,0.0013920079658609197,NA,NA,NA,NA,NA,26,133,7.132087974013367
energy_event,35,h6-1.5,v5-sequential-with-rebuilding,HIGH,COMPLETED,4,NA,NA,-2.994173420542034,0.001392005289908127,NA,NA,NA,NA,NA,27,133,7.13231838957488
energy_event,35,h6-1.5,v5-sequential-with-rebuilding,HIGH,COMPLETED,4,NA,NA,-2.9941734207710713,0.0013920050608708934,NA,NA,NA,NA,NA,28,133,7.132320236585965
energy_event,35,h6-1.5,v5-sequential-with-rebuilding,HIGH,COMPLETED,4,NA,NA,-2.994173420785905,0.0013920050460369815,NA,NA,NA,NA,NA,29,133,7.132336278040444
energy_event,35,h6-1.5,v5-sequential-with-rebuilding,HIGH,COMPLETED,4,NA,NA,-2.9941734207874036,0.0013920050445386245,NA,NA,NA,NA,NA,30,133,7.132334899915893
energy_event,35,h6-1.5,v5-sequential-with-rebuilding,HIGH,COMPLETED,4,NA,NA,-2.994173420787536,0.001392005044406286,NA,NA,NA,NA,NA,31,133,7.1323337911694695
energy_event,35,h6-1.5,v5-sequential-with-rebuilding,HIGH,COMPLETED,4,NA,NA,-2.9941734207875434,0.0013920050443987364,NA,NA,NA,NA,NA,32,133,7.1323335543348
energy_event,35,h6-1.5,v5-sequential-with-rebuilding,HIGH,COMPLETED,4,NA,NA,-2.99417342078755,0.001392005044392075,NA,NA,NA,NA,NA,33,133,7.132333403501187
energy_event,38,h6-3.0,structural-magnitude-pruning,LOW,COMPLETED,1,NA,NA,-2.7994516573404415,0.0015072423140005675,NA,NA,NA,NA,NA,1,148,11.093319726710385
energy_event,38,h6-3.0,structural-magnitude-pruning,LOW,COMPLETED,1,NA,NA,-2.7994513401768115,0.0015075594776305934,NA,NA,NA,NA,NA,2,148,11.090947112779805
energy_event,38,h6-3.0,structural-magnitude-pruning,LOW,COMPLETED,1,NA,NA,-2.7994516589164373,0.0015072407380047892,NA,NA,NA,NA,NA,3,148,11.09316367925061
energy_event,38,h6-3.0,structural-magnitude-pruning,LOW,COMPLETED,1,NA,NA,-2.799451658920269,0.0015072407341731875,NA,NA,NA,NA,NA,4,148,11.09315161183098
energy_event,38,h6-3.0,structural-magnitude-pruning,LOW,COMPLETED,1,NA,NA,-2.7994516589209657,0.0015072407334764115,NA,NA,NA,NA,NA,5,148,11.0931661939121
energy_event,38,h6-3.0,structural-magnitude-pruning,LOW,COMPLETED,1,NA,NA,-2.799451658921041,0.0015072407334009164,NA,NA,NA,NA,NA,6,148,11.093171162951268
energy_event,38,h6-3.0,structural-magnitude-pruning,LOW,COMPLETED,1,NA,NA,-2.799451658921053,0.001507240733388926,NA,NA,NA,NA,NA,7,148,11.093171248396963
energy_event,44,h6-3.0,structural-magnitude-pruning,MEDIUM,COMPLETED,1,NA,NA,-2.7994516573404415,0.0015072423140005675,NA,NA,NA,NA,NA,1,148,11.093319726710385
energy_event,44,h6-3.0,structural-magnitude-pruning,MEDIUM,COMPLETED,1,NA,NA,-2.7994513401768115,0.0015075594776305934,NA,NA,NA,NA,NA,2,148,11.090947112779805
energy_event,44,h6-3.0,structural-magnitude-pruning,MEDIUM,COMPLETED,1,NA,NA,-2.7994516589164373,0.0015072407380047892,NA,NA,NA,NA,NA,3,148,11.09316367925061
energy_event,44,h6-3.0,structural-magnitude-pruning,MEDIUM,COMPLETED,1,NA,NA,-2.799451658920269,0.0015072407341731875,NA,NA,NA,NA,NA,4,148,11.09315161183098
energy_event,44,h6-3.0,structural-magnitude-pruning,MEDIUM,COMPLETED,1,NA,NA,-2.7994516589209657,0.0015072407334764115,NA,NA,NA,NA,NA,5,148,11.0931661939121
energy_event,44,h6-3.0,structural-magnitude-pruning,MEDIUM,COMPLETED,1,NA,NA,-2.799451658921041,0.0015072407334009164,NA,NA,NA,NA,NA,6,148,11.093171162951268
energy_event,44,h6-3.0,structural-magnitude-pruning,MEDIUM,COMPLETED,1,NA,NA,-2.799451658921053,0.001507240733388926,NA,NA,NA,NA,NA,7,148,11.093171248396963
energy_event,44,h6-3.0,structural-magnitude-pruning,MEDIUM,COMPLETED,2,NA,NA,-2.7994516481710714,0.0015072514833707196,NA,NA,NA,NA,NA,8,147,11.09317117306406
energy_event,44,h6-3.0,structural-magnitude-pruning,MEDIUM,COMPLETED,2,NA,NA,-2.799451621621177,0.0015072780332650026,NA,NA,NA,NA,NA,9,147,11.083853296878166
energy_event,44,h6-3.0,structural-magnitude-pruning,MEDIUM,COMPLETED,2,NA,NA,-2.7994516555611155,0.0015072440933265874,NA,NA,NA,NA,NA,10,147,11.090193119239766
energy_event,44,h6-3.0,structural-magnitude-pruning,MEDIUM,COMPLETED,2,NA,NA,-2.7994516557437454,0.0015072439106966762,NA,NA,NA,NA,NA,11,147,11.08988530066893
energy_event,44,h6-3.0,structural-magnitude-pruning,MEDIUM,COMPLETED,2,NA,NA,-2.7994516557729767,0.0015072438814653921,NA,NA,NA,NA,NA,12,147,11.089977793557335
energy_event,44,h6-3.0,structural-magnitude-pruning,MEDIUM,COMPLETED,2,NA,NA,-2.799451655776655,0.0015072438777870012,NA,NA,NA,NA,NA,13,147,11.090068740010931
energy_event,44,h6-3.0,structural-magnitude-pruning,MEDIUM,COMPLETED,2,NA,NA,-2.7994516557768856,0.001507243877556519,NA,NA,NA,NA,NA,14,147,11.090066080116452
energy_event,44,h6-3.0,structural-magnitude-pruning,MEDIUM,COMPLETED,2,NA,NA,-2.7994516557769242,0.0015072438775178831,NA,NA,NA,NA,NA,15,147,11.090061551783986
energy_event,45,h6-3.0,v4.1-one-shot-joint-compression,MEDIUM,ALGORITHM_REJECTED,1,NA,NA,-2.673400034279773,0.12755886537466932,NA,NA,NA,NA,NA,1,144,11.03182758340028
energy_event,45,h6-3.0,v4.1-one-shot-joint-compression,MEDIUM,ALGORITHM_REJECTED,1,NA,NA,-2.1479204060490504,0.6530384936053917,NA,NA,NA,NA,NA,2,144,12.124778332158927
energy_event,45,h6-3.0,v4.1-one-shot-joint-compression,MEDIUM,ALGORITHM_REJECTED,1,NA,NA,-2.7454826106876067,0.05547628896683543,NA,NA,NA,NA,NA,3,144,10.303186420341351
energy_event,45,h6-3.0,v4.1-one-shot-joint-compression,MEDIUM,ALGORITHM_REJECTED,1,NA,NA,-2.4221748997705337,0.37878399988390843,NA,NA,NA,NA,NA,4,144,13.11291995517726
energy_event,45,h6-3.0,v4.1-one-shot-joint-compression,MEDIUM,ALGORITHM_REJECTED,1,NA,NA,-2.762136116618415,0.038822783036027264,NA,NA,NA,NA,NA,5,144,10.200164072514548
energy_event,45,h6-3.0,v4.1-one-shot-joint-compression,MEDIUM,ALGORITHM_REJECTED,1,NA,NA,-2.7694237144085516,0.031535185245890496,NA,NA,NA,NA,NA,6,144,10.018199621821433
energy_event,45,h6-3.0,v4.1-one-shot-joint-compression,MEDIUM,ALGORITHM_REJECTED,1,NA,NA,-2.7786159473819176,0.022342952272524474,NA,NA,NA,NA,NA,7,144,9.921660608520012
energy_event,45,h6-3.0,v4.1-one-shot-joint-compression,MEDIUM,ALGORITHM_REJECTED,1,NA,NA,-2.7850243334113753,0.015934566243066772,NA,NA,NA,NA,NA,8,144,10.167411233991047
energy_event,45,h6-3.0,v4.1-one-shot-joint-compression,MEDIUM,ALGORITHM_REJECTED,1,NA,NA,-2.7896924770769838,0.011266422577458357,NA,NA,NA,NA,NA,9,144,10.363305433596489
energy_event,45,h6-3.0,v4.1-one-shot-joint-compression,MEDIUM,ALGORITHM_REJECTED,1,NA,NA,-2.78498652169503,0.01597237795941231,NA,NA,NA,NA,NA,10,144,10.287668153396796
energy_event,45,h6-3.0,v4.1-one-shot-joint-compression,MEDIUM,ALGORITHM_REJECTED,1,NA,NA,-2.7906386523535693,0.010320247300872776,NA,NA,NA,NA,NA,11,144,10.309296326530749
energy_event,45,h6-3.0,v4.1-one-shot-joint-compression,MEDIUM,ALGORITHM_REJECTED,1,NA,NA,-2.79213194468905,0.008826954965392098,NA,NA,NA,NA,NA,12,144,10.15940481570239
energy_event,45,h6-3.0,v4.1-one-shot-joint-compression,MEDIUM,ALGORITHM_REJECTED,1,NA,NA,-2.793852099109214,0.007106800545228165,NA,NA,NA,NA,NA,13,144,10.096071337421657
energy_event,45,h6-3.0,v4.1-one-shot-joint-compression,MEDIUM,ALGORITHM_REJECTED,1,NA,NA,-2.79480374373367,0.006155155920771982,NA,NA,NA,NA,NA,14,144,10.078279066193023
energy_event,45,h6-3.0,v4.1-one-shot-joint-compression,MEDIUM,ALGORITHM_REJECTED,1,NA,NA,-2.795906631961315,0.005052267693127277,NA,NA,NA,NA,NA,15,144,9.963150448991211
energy_event,45,h6-3.0,v4.1-one-shot-joint-compression,MEDIUM,ALGORITHM_REJECTED,1,NA,NA,-2.79629690657149,0.0046619930829518985,NA,NA,NA,NA,NA,16,144,10.127358627476585
energy_event,45,h6-3.0,v4.1-one-shot-joint-compression,MEDIUM,ALGORITHM_REJECTED,1,NA,NA,-2.796552689813675,0.004406209840766895,NA,NA,NA,NA,NA,17,144,9.95685098595288
energy_event,45,h6-3.0,v4.1-one-shot-joint-compression,MEDIUM,ALGORITHM_REJECTED,1,NA,NA,-2.7969080506091273,0.0040508490453148305,NA,NA,NA,NA,NA,18,144,10.062106116795052
energy_event,45,h6-3.0,v4.1-one-shot-joint-compression,MEDIUM,ALGORITHM_REJECTED,1,NA,NA,-2.7973045497120794,0.003654349942362689,NA,NA,NA,NA,NA,19,144,10.096543008501841
energy_event,45,h6-3.0,v4.1-one-shot-joint-compression,MEDIUM,ALGORITHM_REJECTED,1,NA,NA,-2.7971857845505834,0.003773115103858693,NA,NA,NA,NA,NA,20,144,9.83404226471004
energy_event,45,h6-3.0,v4.1-one-shot-joint-compression,MEDIUM,ALGORITHM_REJECTED,1,NA,NA,-2.797488191496515,0.0034707081579270493,NA,NA,NA,NA,NA,21,144,9.9753038016511
energy_event,45,h6-3.0,v4.1-one-shot-joint-compression,MEDIUM,ALGORITHM_REJECTED,1,NA,NA,-2.797624919032576,0.0033339806218659618,NA,NA,NA,NA,NA,22,144,10.054391958562894
energy_event,45,h6-3.0,v4.1-one-shot-joint-compression,MEDIUM,ALGORITHM_REJECTED,1,NA,NA,-2.7977655553490255,0.0031933443054166233,NA,NA,NA,NA,NA,23,144,10.042827324049354
energy_event,45,h6-3.0,v4.1-one-shot-joint-compression,MEDIUM,ALGORITHM_REJECTED,1,NA,NA,-2.7978600225720927,0.0030988770823494605,NA,NA,NA,NA,NA,24,144,10.172177838478252
energy_event,45,h6-3.0,v4.1-one-shot-joint-compression,MEDIUM,ALGORITHM_REJECTED,1,NA,NA,-2.797981641868838,0.0029772577856039817,NA,NA,NA,NA,NA,25,144,10.237544146871214
energy_event,45,h6-3.0,v4.1-one-shot-joint-compression,MEDIUM,ALGORITHM_REJECTED,1,NA,NA,-2.7980584822624017,0.0029004173920403886,NA,NA,NA,NA,NA,26,144,10.317650336368795
energy_event,45,h6-3.0,v4.1-one-shot-joint-compression,MEDIUM,ALGORITHM_REJECTED,1,NA,NA,-2.79816070295568,0.0027981966987620233,NA,NA,NA,NA,NA,27,144,10.347556292828193
energy_event,45,h6-3.0,v4.1-one-shot-joint-compression,MEDIUM,ALGORITHM_REJECTED,1,NA,NA,-2.798248862974337,0.0027100366801051656,NA,NA,NA,NA,NA,28,144,10.374151528286616
energy_event,45,h6-3.0,v4.1-one-shot-joint-compression,MEDIUM,ALGORITHM_REJECTED,1,NA,NA,-2.7982970477341667,0.00266185192027546,NA,NA,NA,NA,NA,29,144,10.376344528752123
energy_event,45,h6-3.0,v4.1-one-shot-joint-compression,MEDIUM,ALGORITHM_REJECTED,1,NA,NA,-2.7983701910291754,0.0025887086252667224,NA,NA,NA,NA,NA,30,144,10.370826068151766
energy_event,45,h6-3.0,v4.1-one-shot-joint-compression,MEDIUM,ALGORITHM_REJECTED,1,NA,NA,-2.7984733350422495,0.0024855646121926256,NA,NA,NA,NA,NA,31,144,10.399995879561656
energy_event,45,h6-3.0,v4.1-one-shot-joint-compression,MEDIUM,ALGORITHM_REJECTED,1,NA,NA,-2.7985625979366806,0.0023963017177615065,NA,NA,NA,NA,NA,32,144,10.370982235688187
energy_event,45,h6-3.0,v4.1-one-shot-joint-compression,MEDIUM,ALGORITHM_REJECTED,1,NA,NA,-2.7986504219080346,0.0023084777464075223,NA,NA,NA,NA,NA,33,144,10.369687167754876
energy_event,45,h6-3.0,v4.1-one-shot-joint-compression,MEDIUM,ALGORITHM_REJECTED,1,NA,NA,-2.798679640175815,0.0022792594786271714,NA,NA,NA,NA,NA,34,144,10.313169658394845
energy_event,45,h6-3.0,v4.1-one-shot-joint-compression,MEDIUM,ALGORITHM_REJECTED,1,NA,NA,-2.7987270891882146,0.0022318104662275573,NA,NA,NA,NA,NA,35,144,10.303730825959038
energy_event,45,h6-3.0,v4.1-one-shot-joint-compression,MEDIUM,ALGORITHM_REJECTED,1,NA,NA,-2.7987751365827602,0.002183763071681888,NA,NA,NA,NA,NA,36,144,10.341287336982411
energy_event,45,h6-3.0,v4.1-one-shot-joint-compression,MEDIUM,ALGORITHM_REJECTED,1,NA,NA,-2.798807336591962,0.0021515630624802107,NA,NA,NA,NA,NA,37,144,10.307579648533311
energy_event,45,h6-3.0,v4.1-one-shot-joint-compression,MEDIUM,ALGORITHM_REJECTED,1,NA,NA,-2.798837310962152,0.0021215886922902882,NA,NA,NA,NA,NA,38,144,10.27940060827023
energy_event,45,h6-3.0,v4.1-one-shot-joint-compression,MEDIUM,ALGORITHM_REJECTED,1,NA,NA,-2.7988558241853867,0.0021030754690554154,NA,NA,NA,NA,NA,39,144,10.303670061370296
energy_event,45,h6-3.0,v4.1-one-shot-joint-compression,MEDIUM,ALGORITHM_REJECTED,1,NA,NA,-2.7988829024633852,0.0020759971910568886,NA,NA,NA,NA,NA,40,144,10.29431877433033
energy_event,45,h6-3.0,v4.1-one-shot-joint-compression,MEDIUM,ALGORITHM_REJECTED,1,NA,NA,-2.798914991453799,0.002043908200643152,NA,NA,NA,NA,NA,41,144,10.30398947206271
energy_event,45,h6-3.0,v4.1-one-shot-joint-compression,MEDIUM,ALGORITHM_REJECTED,1,NA,NA,-2.79892920713036,0.0020296925240819164,NA,NA,NA,NA,NA,42,144,10.335766709971761
energy_event,45,h6-3.0,v4.1-one-shot-joint-compression,MEDIUM,ALGORITHM_REJECTED,1,NA,NA,-2.7989457976293446,0.002013102025097524,NA,NA,NA,NA,NA,43,144,10.33346774349114
energy_event,45,h6-3.0,v4.1-one-shot-joint-compression,MEDIUM,ALGORITHM_REJECTED,1,NA,NA,-2.7989599604199475,0.001998939234494568,NA,NA,NA,NA,NA,44,144,10.305890798555254
energy_event,45,h6-3.0,v4.1-one-shot-joint-compression,MEDIUM,ALGORITHM_REJECTED,1,NA,NA,-2.7989698653248984,0.0019890343295436708,NA,NA,NA,NA,NA,45,144,10.32429602469751
energy_event,45,h6-3.0,v4.1-one-shot-joint-compression,MEDIUM,ALGORITHM_REJECTED,1,NA,NA,-2.7989830041758146,0.001975895478627532,NA,NA,NA,NA,NA,46,144,10.331468577328918
energy_event,45,h6-3.0,v4.1-one-shot-joint-compression,MEDIUM,ALGORITHM_REJECTED,1,NA,NA,-2.79899256731401,0.0019663323404319755,NA,NA,NA,NA,NA,47,144,10.335694173129427
energy_event,45,h6-3.0,v4.1-one-shot-joint-compression,MEDIUM,ALGORITHM_REJECTED,1,NA,NA,-2.7990001282554577,0.0019587713989843714,NA,NA,NA,NA,NA,48,144,10.29980251327404
energy_event,45,h6-3.0,v4.1-one-shot-joint-compression,MEDIUM,ALGORITHM_REJECTED,1,NA,NA,-2.7990091054926043,0.0019497941618378256,NA,NA,NA,NA,NA,49,144,10.274519980665909
energy_event,45,h6-3.0,v4.1-one-shot-joint-compression,MEDIUM,ALGORITHM_REJECTED,1,NA,NA,-2.7990207544762766,0.0019381451781654846,NA,NA,NA,NA,NA,50,144,10.238048363362779
energy_event,45,h6-3.0,v4.1-one-shot-joint-compression,MEDIUM,ALGORITHM_REJECTED,1,NA,NA,-2.7990328713044037,0.0019260283500384112,NA,NA,NA,NA,NA,51,144,10.174701758697923
energy_event,45,h6-3.0,v4.1-one-shot-joint-compression,MEDIUM,ALGORITHM_REJECTED,1,NA,NA,-2.7990431364164072,0.0019157632380348844,NA,NA,NA,NA,NA,52,144,10.115602400598842
energy_event,45,h6-3.0,v4.1-one-shot-joint-compression,MEDIUM,ALGORITHM_REJECTED,1,NA,NA,-2.799053440959064,0.0019054586953779484,NA,NA,NA,NA,NA,53,144,10.071109807293833
energy_event,45,h6-3.0,v4.1-one-shot-joint-compression,MEDIUM,ALGORITHM_REJECTED,1,NA,NA,-2.7990641626800046,0.0018947369744375386,NA,NA,NA,NA,NA,54,144,10.05741005289245
energy_event,45,h6-3.0,v4.1-one-shot-joint-compression,MEDIUM,ALGORITHM_REJECTED,1,NA,NA,-2.7990728885486704,0.00188601110577169,NA,NA,NA,NA,NA,55,144,10.053528576051045
energy_event,45,h6-3.0,v4.1-one-shot-joint-compression,MEDIUM,ALGORITHM_REJECTED,1,NA,NA,-2.7990820223439563,0.0018768773104858028,NA,NA,NA,NA,NA,56,144,10.004881825026258
energy_event,45,h6-3.0,v4.1-one-shot-joint-compression,MEDIUM,ALGORITHM_REJECTED,1,NA,NA,-2.799089672503763,0.0018692271506792757,NA,NA,NA,NA,NA,57,144,9.98078316273447
energy_event,45,h6-3.0,v4.1-one-shot-joint-compression,MEDIUM,ALGORITHM_REJECTED,1,NA,NA,-2.799095381989225,0.0018635176652170848,NA,NA,NA,NA,NA,58,144,9.97319168818142
energy_event,45,h6-3.0,v4.1-one-shot-joint-compression,MEDIUM,ALGORITHM_REJECTED,1,NA,NA,-2.799100942429529,0.0018579572249133314,NA,NA,NA,NA,NA,59,144,9.96983365428649
energy_event,45,h6-3.0,v4.1-one-shot-joint-compression,MEDIUM,ALGORITHM_REJECTED,1,NA,NA,-2.799103802943911,0.001855096710531079,NA,NA,NA,NA,NA,60,144,9.95522396026703
energy_event,45,h6-3.0,v4.1-one-shot-joint-compression,MEDIUM,ALGORITHM_REJECTED,1,NA,NA,-2.799107938066657,0.0018509615877850827,NA,NA,NA,NA,NA,61,144,9.956055913417803
energy_event,45,h6-3.0,v4.1-one-shot-joint-compression,MEDIUM,ALGORITHM_REJECTED,1,NA,NA,-2.7991120948253796,0.0018468048290625205,NA,NA,NA,NA,NA,62,144,9.963853490162704
energy_event,45,h6-3.0,v4.1-one-shot-joint-compression,MEDIUM,ALGORITHM_REJECTED,1,NA,NA,-2.7991145478511488,0.0018443518032933426,NA,NA,NA,NA,NA,63,144,9.948758290076237
energy_event,45,h6-3.0,v4.1-one-shot-joint-compression,MEDIUM,ALGORITHM_REJECTED,1,NA,NA,-2.7991162745975275,0.0018426250569145708,NA,NA,NA,NA,NA,64,144,9.96270269065395
energy_event,45,h6-3.0,v4.1-one-shot-joint-compression,MEDIUM,ALGORITHM_REJECTED,1,NA,NA,-2.7991183794574073,0.001840520197034845,NA,NA,NA,NA,NA,65,144,9.961096486423456
energy_event,45,h6-3.0,v4.1-one-shot-joint-compression,MEDIUM,ALGORITHM_REJECTED,1,NA,NA,-2.7991198414744596,0.0018390581799825334,NA,NA,NA,NA,NA,66,144,9.957942250425855
energy_event,45,h6-3.0,v4.1-one-shot-joint-compression,MEDIUM,ALGORITHM_REJECTED,1,NA,NA,-2.7991211660225184,0.0018377336319237436,NA,NA,NA,NA,NA,67,144,9.970419187091847
energy_event,45,h6-3.0,v4.1-one-shot-joint-compression,MEDIUM,ALGORITHM_REJECTED,1,NA,NA,-2.7991227911422807,0.0018361085121614273,NA,NA,NA,NA,NA,68,144,9.986726979191745
energy_event,45,h6-3.0,v4.1-one-shot-joint-compression,MEDIUM,ALGORITHM_REJECTED,1,NA,NA,-2.7991243042601566,0.001834595394285543,NA,NA,NA,NA,NA,69,144,9.995704826232235
energy_event,45,h6-3.0,v4.1-one-shot-joint-compression,MEDIUM,ALGORITHM_REJECTED,1,NA,NA,-2.7991254186995445,0.0018334809548976594,NA,NA,NA,NA,NA,70,144,10.014294309250975
energy_event,45,h6-3.0,v4.1-one-shot-joint-compression,MEDIUM,ALGORITHM_REJECTED,1,NA,NA,-2.799126382608922,0.0018325170455200102,NA,NA,NA,NA,NA,71,144,10.012440053856142
energy_event,45,h6-3.0,v4.1-one-shot-joint-compression,MEDIUM,ALGORITHM_REJECTED,1,NA,NA,-2.799127160770077,0.0018317388843649418,NA,NA,NA,NA,NA,72,144,10.012587262286559
energy_event,45,h6-3.0,v4.1-one-shot-joint-compression,MEDIUM,ALGORITHM_REJECTED,1,NA,NA,-2.79912782613897,0.0018310735154720703,NA,NA,NA,NA,NA,73,144,10.009275228778856
energy_event,45,h6-3.0,v4.1-one-shot-joint-compression,MEDIUM,ALGORITHM_REJECTED,1,NA,NA,-2.7991284276875015,0.0018304719669406389,NA,NA,NA,NA,NA,74,144,10.00991720248494
energy_event,45,h6-3.0,v4.1-one-shot-joint-compression,MEDIUM,ALGORITHM_REJECTED,1,NA,NA,-2.7991291155040328,0.0018297841504093526,NA,NA,NA,NA,NA,75,144,10.009527569973804
energy_event,45,h6-3.0,v4.1-one-shot-joint-compression,MEDIUM,ALGORITHM_REJECTED,1,NA,NA,-2.7991298510716947,0.0018290485827474612,NA,NA,NA,NA,NA,76,144,10.01055400408471
energy_event,45,h6-3.0,v4.1-one-shot-joint-compression,MEDIUM,ALGORITHM_REJECTED,1,NA,NA,-2.7991305575632475,0.0018283420911946457,NA,NA,NA,NA,NA,77,144,10.006962204239588
energy_event,45,h6-3.0,v4.1-one-shot-joint-compression,MEDIUM,ALGORITHM_REJECTED,1,NA,NA,-2.799131150651663,0.0018277490027789334,NA,NA,NA,NA,NA,78,144,10.006186386600918
energy_event,45,h6-3.0,v4.1-one-shot-joint-compression,MEDIUM,ALGORITHM_REJECTED,1,NA,NA,-2.799131755270411,0.0018271443840309765,NA,NA,NA,NA,NA,79,144,10.007550297633902
energy_event,45,h6-3.0,v4.1-one-shot-joint-compression,MEDIUM,ALGORITHM_REJECTED,1,NA,NA,-2.7991324277662692,0.0018264718881728648,NA,NA,NA,NA,NA,80,144,10.005833293787777
energy_event,45,h6-3.0,v4.1-one-shot-joint-compression,MEDIUM,ALGORITHM_REJECTED,1,NA,NA,-2.799133338847417,0.0018255608070250062,NA,NA,NA,NA,NA,81,144,10.00548990645411
energy_event,45,h6-3.0,v4.1-one-shot-joint-compression,MEDIUM,ALGORITHM_REJECTED,1,NA,NA,-2.799134122057351,0.0018247775970912095,NA,NA,NA,NA,NA,82,144,9.999981181688957
energy_event,45,h6-3.0,v4.1-one-shot-joint-compression,MEDIUM,ALGORITHM_REJECTED,1,NA,NA,-2.799135013126495,0.0018238865279469607,NA,NA,NA,NA,NA,83,144,9.99606968605156
energy_event,45,h6-3.0,v4.1-one-shot-joint-compression,MEDIUM,ALGORITHM_REJECTED,1,NA,NA,-2.799136079007574,0.0018228206468680064,NA,NA,NA,NA,NA,84,144,9.985532609908471
energy_event,45,h6-3.0,v4.1-one-shot-joint-compression,MEDIUM,ALGORITHM_REJECTED,1,NA,NA,-2.799137106117854,0.0018217935365880678,NA,NA,NA,NA,NA,85,144,9.978749973069165
energy_event,45,h6-3.0,v4.1-one-shot-joint-compression,MEDIUM,ALGORITHM_REJECTED,1,NA,NA,-2.7991382691836355,0.0018206304708066057,NA,NA,NA,NA,NA,86,144,9.974997305327559
energy_event,45,h6-3.0,v4.1-one-shot-joint-compression,MEDIUM,ALGORITHM_REJECTED,1,NA,NA,-2.7991394597783787,0.0018194398760633668,NA,NA,NA,NA,NA,87,144,9.968585589815369
energy_event,45,h6-3.0,v4.1-one-shot-joint-compression,MEDIUM,ALGORITHM_REJECTED,1,NA,NA,-2.799140554792883,0.0018183448615589626,NA,NA,NA,NA,NA,88,144,9.965339636775449
energy_event,45,h6-3.0,v4.1-one-shot-joint-compression,MEDIUM,ALGORITHM_REJECTED,1,NA,NA,-2.7991417004422736,0.0018171992121684966,NA,NA,NA,NA,NA,89,144,9.959265547774825
energy_event,45,h6-3.0,v4.1-one-shot-joint-compression,MEDIUM,ALGORITHM_REJECTED,1,NA,NA,-2.7991426605321577,0.0018162391222844576,NA,NA,NA,NA,NA,90,144,9.952413448768786
energy_event,45,h6-3.0,v4.1-one-shot-joint-compression,MEDIUM,ALGORITHM_REJECTED,1,NA,NA,-2.7991436087371167,0.0018152909173254628,NA,NA,NA,NA,NA,91,144,9.93671843081801
energy_event,45,h6-3.0,v4.1-one-shot-joint-compression,MEDIUM,ALGORITHM_REJECTED,1,NA,NA,-2.799144884561124,0.0018140150933181332,NA,NA,NA,NA,NA,92,144,9.932232882096486
energy_event,45,h6-3.0,v4.1-one-shot-joint-compression,MEDIUM,ALGORITHM_REJECTED,1,NA,NA,-2.799146685415974,0.0018122142384680018,NA,NA,NA,NA,NA,93,144,9.916985317633237
energy_event,45,h6-3.0,v4.1-one-shot-joint-compression,MEDIUM,ALGORITHM_REJECTED,1,NA,NA,-2.7991485961298457,0.001810303524596435,NA,NA,NA,NA,NA,94,144,9.895814690579195
energy_event,45,h6-3.0,v4.1-one-shot-joint-compression,MEDIUM,ALGORITHM_REJECTED,1,NA,NA,-2.799149801100892,0.001809098553549937,NA,NA,NA,NA,NA,95,144,9.887450063034231
energy_event,45,h6-3.0,v4.1-one-shot-joint-compression,MEDIUM,ALGORITHM_REJECTED,1,NA,NA,-2.7991511433165894,0.001807756337852684,NA,NA,NA,NA,NA,96,144,9.874886900071607
energy_event,45,h6-3.0,v4.1-one-shot-joint-compression,MEDIUM,ALGORITHM_REJECTED,1,NA,NA,-2.799152567226039,0.0018063324284032234,NA,NA,NA,NA,NA,97,144,9.877472252915425
energy_event,45,h6-3.0,v4.1-one-shot-joint-compression,MEDIUM,ALGORITHM_REJECTED,1,NA,NA,-2.7991540818529557,0.0018048178014864469,NA,NA,NA,NA,NA,98,144,9.869395253322121
energy_event,45,h6-3.0,v4.1-one-shot-joint-compression,MEDIUM,ALGORITHM_REJECTED,1,NA,NA,-2.79915590834815,0.0018029913062922454,NA,NA,NA,NA,NA,99,144,9.857166933730802
energy_event,45,h6-3.0,v4.1-one-shot-joint-compression,MEDIUM,ALGORITHM_REJECTED,1,NA,NA,-2.799157786405423,0.001801113249018993,NA,NA,NA,NA,NA,100,144,9.856374537555736
energy_event,45,h6-3.0,v4.1-one-shot-joint-compression,MEDIUM,ALGORITHM_REJECTED,1,NA,NA,-2.7991587842220076,0.0018001154324345237,NA,NA,NA,NA,NA,101,144,9.846700142035195
energy_event,45,h6-3.0,v4.1-one-shot-joint-compression,MEDIUM,ALGORITHM_REJECTED,1,NA,NA,-2.799160433513013,0.0017984661414289782,NA,NA,NA,NA,NA,102,144,9.852574306800646
energy_event,45,h6-3.0,v4.1-one-shot-joint-compression,MEDIUM,ALGORITHM_REJECTED,1,NA,NA,-2.799162947449918,0.0017959522045241094,NA,NA,NA,NA,NA,103,144,9.86469111955596
energy_event,45,h6-3.0,v4.1-one-shot-joint-compression,MEDIUM,ALGORITHM_REJECTED,1,NA,NA,-2.79916558247742,0.0017933171770221357,NA,NA,NA,NA,NA,104,144,9.878751819509658
energy_event,45,h6-3.0,v4.1-one-shot-joint-compression,MEDIUM,ALGORITHM_REJECTED,1,NA,NA,-2.799167203898261,0.0017916957561809888,NA,NA,NA,NA,NA,105,144,9.88966931853364
energy_event,45,h6-3.0,v4.1-one-shot-joint-compression,MEDIUM,ALGORITHM_REJECTED,1,NA,NA,-2.799168853286274,0.0017900463681681522,NA,NA,NA,NA,NA,106,144,9.899515574656307
energy_event,45,h6-3.0,v4.1-one-shot-joint-compression,MEDIUM,ALGORITHM_REJECTED,1,NA,NA,-2.7991702931931437,0.0017886064612984143,NA,NA,NA,NA,NA,107,144,9.904076245020223
energy_event,45,h6-3.0,v4.1-one-shot-joint-compression,MEDIUM,ALGORITHM_REJECTED,1,NA,NA,-2.799171924332905,0.0017869753215369322,NA,NA,NA,NA,NA,108,144,9.913422082607145
energy_event,45,h6-3.0,v4.1-one-shot-joint-compression,MEDIUM,ALGORITHM_REJECTED,1,NA,NA,-2.7991732604581445,0.0017856391962975948,NA,NA,NA,NA,NA,109,144,9.922041028138874
energy_event,45,h6-3.0,v4.1-one-shot-joint-compression,MEDIUM,ALGORITHM_REJECTED,1,NA,NA,-2.799174461596101,0.0017844380583409425,NA,NA,NA,NA,NA,110,144,9.930212759383338
energy_event,45,h6-3.0,v4.1-one-shot-joint-compression,MEDIUM,ALGORITHM_REJECTED,1,NA,NA,-2.7991758187055362,0.0017830809489058908,NA,NA,NA,NA,NA,111,144,9.939854762166151
energy_event,45,h6-3.0,v4.1-one-shot-joint-compression,MEDIUM,ALGORITHM_REJECTED,1,NA,NA,-2.7991766537550684,0.0017822458993737023,NA,NA,NA,NA,NA,112,144,9.939757261183505
energy_event,45,h6-3.0,v4.1-one-shot-joint-compression,MEDIUM,ALGORITHM_REJECTED,1,NA,NA,-2.799177729024436,0.001781170630005935,NA,NA,NA,NA,NA,113,144,9.937661770383844
energy_event,45,h6-3.0,v4.1-one-shot-joint-compression,MEDIUM,ALGORITHM_REJECTED,1,NA,NA,-2.7991785522972097,0.0017803473572324258,NA,NA,NA,NA,NA,114,144,9.931198598669946
energy_event,45,h6-3.0,v4.1-one-shot-joint-compression,MEDIUM,ALGORITHM_REJECTED,1,NA,NA,-2.79917944183397,0.0017794578204721745,NA,NA,NA,NA,NA,115,144,9.926049099784308
energy_event,45,h6-3.0,v4.1-one-shot-joint-compression,MEDIUM,ALGORITHM_REJECTED,1,NA,NA,-2.7991805687916913,0.0017783308627508099,NA,NA,NA,NA,NA,116,144,9.91893980448141
energy_event,45,h6-3.0,v4.1-one-shot-joint-compression,MEDIUM,ALGORITHM_REJECTED,1,NA,NA,-2.7991819328855665,0.0017769667688756208,NA,NA,NA,NA,NA,117,144,9.90851443400883
energy_event,45,h6-3.0,v4.1-one-shot-joint-compression,MEDIUM,ALGORITHM_REJECTED,1,NA,NA,-2.7991832760842557,0.0017756235701864576,NA,NA,NA,NA,NA,118,144,9.901567957014421
energy_event,45,h6-3.0,v4.1-one-shot-joint-compression,MEDIUM,ALGORITHM_REJECTED,1,NA,NA,-2.7991848062972005,0.0017740933572416573,NA,NA,NA,NA,NA,119,144,9.894070333133536
energy_event,45,h6-3.0,v4.1-one-shot-joint-compression,MEDIUM,ALGORITHM_REJECTED,1,NA,NA,-2.7991862973768056,0.0017726022776365369,NA,NA,NA,NA,NA,120,144,9.88595684573819
energy_event,45,h6-3.0,v4.1-one-shot-joint-compression,MEDIUM,ALGORITHM_REJECTED,1,NA,NA,-2.7991880168920527,0.0017708827623894585,NA,NA,NA,NA,NA,121,144,9.885436174733906
energy_event,45,h6-3.0,v4.1-one-shot-joint-compression,MEDIUM,ALGORITHM_REJECTED,1,NA,NA,-2.7991891910107256,0.0017697086437165055,NA,NA,NA,NA,NA,122,144,9.874429266871774
energy_event,45,h6-3.0,v4.1-one-shot-joint-compression,MEDIUM,ALGORITHM_REJECTED,1,NA,NA,-2.7991906492901113,0.0017682503643308145,NA,NA,NA,NA,NA,123,144,9.87666760483879
energy_event,45,h6-3.0,v4.1-one-shot-joint-compression,MEDIUM,ALGORITHM_REJECTED,1,NA,NA,-2.7991923872100513,0.0017665124443908553,NA,NA,NA,NA,NA,124,144,9.873072820695807
energy_event,45,h6-3.0,v4.1-one-shot-joint-compression,MEDIUM,ALGORITHM_REJECTED,1,NA,NA,-2.7991941852355504,0.0017647144188916997,NA,NA,NA,NA,NA,125,144,9.863312891094566
energy_event,45,h6-3.0,v4.1-one-shot-joint-compression,MEDIUM,ALGORITHM_REJECTED,1,NA,NA,-2.7991961662866998,0.001762733367742353,NA,NA,NA,NA,NA,126,144,9.856916620589036
energy_event,45,h6-3.0,v4.1-one-shot-joint-compression,MEDIUM,ALGORITHM_REJECTED,1,NA,NA,-2.7991978979817556,0.0017610016726865574,NA,NA,NA,NA,NA,127,144,9.840223994732481
energy_event,45,h6-3.0,v4.1-one-shot-joint-compression,MEDIUM,ALGORITHM_REJECTED,1,NA,NA,-2.79919985749021,0.0017590421642319498,NA,NA,NA,NA,NA,128,144,9.833947875932294
energy_event,45,h6-3.0,v4.1-one-shot-joint-compression,MEDIUM,ALGORITHM_REJECTED,1,NA,NA,-2.799202376185028,0.0017565234694139065,NA,NA,NA,NA,NA,129,144,9.82756594009438
energy_event,45,h6-3.0,v4.1-one-shot-joint-compression,MEDIUM,ALGORITHM_REJECTED,1,NA,NA,-2.7992050494368863,0.001753850217555808,NA,NA,NA,NA,NA,130,144,9.826864131313414
energy_event,45,h6-3.0,v4.1-one-shot-joint-compression,MEDIUM,ALGORITHM_REJECTED,1,NA,NA,-2.7992074814775902,0.001751418176851871,NA,NA,NA,NA,NA,131,144,9.808007151509335
energy_event,45,h6-3.0,v4.1-one-shot-joint-compression,MEDIUM,ALGORITHM_REJECTED,1,NA,NA,-2.7992099161382953,0.0017489835161468292,NA,NA,NA,NA,NA,132,144,9.79162197609521
energy_event,45,h6-3.0,v4.1-one-shot-joint-compression,MEDIUM,ALGORITHM_REJECTED,1,NA,NA,-2.799210973647843,0.0017479260065988989,NA,NA,NA,NA,NA,133,144,9.771929734682665
energy_event,45,h6-3.0,v4.1-one-shot-joint-compression,MEDIUM,ALGORITHM_REJECTED,1,NA,NA,-2.7992123962178743,0.0017465034365677923,NA,NA,NA,NA,NA,134,144,9.770799918050542
energy_event,45,h6-3.0,v4.1-one-shot-joint-compression,MEDIUM,ALGORITHM_REJECTED,1,NA,NA,-2.7992136957767175,0.0017452038777245882,NA,NA,NA,NA,NA,135,144,9.770246436601962
energy_event,45,h6-3.0,v4.1-one-shot-joint-compression,MEDIUM,ALGORITHM_REJECTED,1,NA,NA,-2.799214662271222,0.0017442373832201596,NA,NA,NA,NA,NA,136,144,9.7635515539292
energy_event,45,h6-3.0,v4.1-one-shot-joint-compression,MEDIUM,ALGORITHM_REJECTED,1,NA,NA,-2.7992156519563447,0.0017432476980974165,NA,NA,NA,NA,NA,137,144,9.760754551987128
energy_event,45,h6-3.0,v4.1-one-shot-joint-compression,MEDIUM,ALGORITHM_REJECTED,1,NA,NA,-2.799216512349887,0.0017423873045552263,NA,NA,NA,NA,NA,138,144,9.752277178800835
energy_event,45,h6-3.0,v4.1-one-shot-joint-compression,MEDIUM,ALGORITHM_REJECTED,1,NA,NA,-2.799217090755603,0.0017418088988390146,NA,NA,NA,NA,NA,139,144,9.758459785517893
energy_event,45,h6-3.0,v4.1-one-shot-joint-compression,MEDIUM,ALGORITHM_REJECTED,1,NA,NA,-2.799217688095129,0.0017412115593131716,NA,NA,NA,NA,NA,140,144,9.75931253782179
energy_event,45,h6-3.0,v4.1-one-shot-joint-compression,MEDIUM,ALGORITHM_REJECTED,1,NA,NA,-2.7992182030420056,0.0017406966124364764,NA,NA,NA,NA,NA,141,144,9.759637624705073
energy_event,45,h6-3.0,v4.1-one-shot-joint-compression,MEDIUM,ALGORITHM_REJECTED,1,NA,NA,-2.7992187938486843,0.0017401058057577856,NA,NA,NA,NA,NA,142,144,9.76268259732086
energy_event,45,h6-3.0,v4.1-one-shot-joint-compression,MEDIUM,ALGORITHM_REJECTED,1,NA,NA,-2.79921928133271,0.0017396183217321948,NA,NA,NA,NA,NA,143,144,9.75844280383696
energy_event,45,h6-3.0,v4.1-one-shot-joint-compression,MEDIUM,ALGORITHM_REJECTED,1,NA,NA,-2.7992195835325386,0.001739316121903478,NA,NA,NA,NA,NA,144,144,9.764389804041604
energy_event,45,h6-3.0,v4.1-one-shot-joint-compression,MEDIUM,ALGORITHM_REJECTED,1,NA,NA,-2.799219866965224,0.0017390326892181562,NA,NA,NA,NA,NA,145,144,9.760538366787756
energy_event,45,h6-3.0,v4.1-one-shot-joint-compression,MEDIUM,ALGORITHM_REJECTED,1,NA,NA,-2.7992200959310107,0.0017388037234313813,NA,NA,NA,NA,NA,146,144,9.757762439610257
energy_event,45,h6-3.0,v4.1-one-shot-joint-compression,MEDIUM,ALGORITHM_REJECTED,1,NA,NA,-2.7992202928125662,0.0017386068418758782,NA,NA,NA,NA,NA,147,144,9.758152334922771
energy_event,45,h6-3.0,v4.1-one-shot-joint-compression,MEDIUM,ALGORITHM_REJECTED,1,NA,NA,-2.799220548760822,0.0017383508936199554,NA,NA,NA,NA,NA,148,144,9.761034387865966
energy_event,45,h6-3.0,v4.1-one-shot-joint-compression,MEDIUM,ALGORITHM_REJECTED,1,NA,NA,-2.7992207897428707,0.0017381099115714171,NA,NA,NA,NA,NA,149,144,9.763051726625138
energy_event,45,h6-3.0,v4.1-one-shot-joint-compression,MEDIUM,ALGORITHM_REJECTED,1,NA,NA,-2.799221034613635,0.001737865040807307,NA,NA,NA,NA,NA,150,144,9.76315398320475
energy_event,45,h6-3.0,v4.1-one-shot-joint-compression,MEDIUM,ALGORITHM_REJECTED,1,NA,NA,-2.7992212306945095,0.001737668959932659,NA,NA,NA,NA,NA,151,144,9.76082953022805
energy_event,45,h6-3.0,v4.1-one-shot-joint-compression,MEDIUM,ALGORITHM_REJECTED,1,NA,NA,-2.799221418769937,0.0017374808845049827,NA,NA,NA,NA,NA,152,144,9.756245433392614
energy_event,45,h6-3.0,v4.1-one-shot-joint-compression,MEDIUM,ALGORITHM_REJECTED,1,NA,NA,-2.7992215731151715,0.0017373265392706116,NA,NA,NA,NA,NA,153,144,9.753458593895436
energy_event,45,h6-3.0,v4.1-one-shot-joint-compression,MEDIUM,ALGORITHM_REJECTED,1,NA,NA,-2.799221679633716,0.0017372200207259603,NA,NA,NA,NA,NA,154,144,9.749971054450155
energy_event,45,h6-3.0,v4.1-one-shot-joint-compression,MEDIUM,ALGORITHM_REJECTED,1,NA,NA,-2.7992217739351233,0.0017371257193188328,NA,NA,NA,NA,NA,155,144,9.75082471577559
energy_event,45,h6-3.0,v4.1-one-shot-joint-compression,MEDIUM,ALGORITHM_REJECTED,1,NA,NA,-2.799221850903069,0.0017370487513730382,NA,NA,NA,NA,NA,156,144,9.751460632566062
energy_event,45,h6-3.0,v4.1-one-shot-joint-compression,MEDIUM,ALGORITHM_REJECTED,1,NA,NA,-2.7992219132592235,0.001736986395218576,NA,NA,NA,NA,NA,157,144,9.752524081816299
energy_event,45,h6-3.0,v4.1-one-shot-joint-compression,MEDIUM,ALGORITHM_REJECTED,1,NA,NA,-2.799221969659246,0.0017369299951961459,NA,NA,NA,NA,NA,158,144,9.753819270347032
energy_event,45,h6-3.0,v4.1-one-shot-joint-compression,MEDIUM,ALGORITHM_REJECTED,1,NA,NA,-2.7992220205872087,0.00173687906723341,NA,NA,NA,NA,NA,159,144,9.754077560556249
energy_event,45,h6-3.0,v4.1-one-shot-joint-compression,MEDIUM,ALGORITHM_REJECTED,1,NA,NA,-2.7992220621361423,0.001736837518299783,NA,NA,NA,NA,NA,160,144,9.756143690684294
energy_event,45,h6-3.0,v4.1-one-shot-joint-compression,MEDIUM,ALGORITHM_REJECTED,1,NA,NA,-2.7992220961971874,0.0017368034572546875,NA,NA,NA,NA,NA,161,144,9.757522389109388
energy_event,45,h6-3.0,v4.1-one-shot-joint-compression,MEDIUM,ALGORITHM_REJECTED,1,NA,NA,-2.7992221311168555,0.0017367685375866415,NA,NA,NA,NA,NA,162,144,9.75977330356705
energy_event,45,h6-3.0,v4.1-one-shot-joint-compression,MEDIUM,ALGORITHM_REJECTED,1,NA,NA,-2.7992221718543244,0.0017367278001176878,NA,NA,NA,NA,NA,163,144,9.763017723841255
energy_event,45,h6-3.0,v4.1-one-shot-joint-compression,MEDIUM,ALGORITHM_REJECTED,1,NA,NA,-2.799222213292713,0.0017366863617289674,NA,NA,NA,NA,NA,164,144,9.766935408753321
energy_event,45,h6-3.0,v4.1-one-shot-joint-compression,MEDIUM,ALGORITHM_REJECTED,1,NA,NA,-2.799222245434192,0.0017366542202501556,NA,NA,NA,NA,NA,165,144,9.770060788673147
energy_event,45,h6-3.0,v4.1-one-shot-joint-compression,MEDIUM,ALGORITHM_REJECTED,1,NA,NA,-2.799222268848817,0.00173663080562525,NA,NA,NA,NA,NA,166,144,9.772388118891016
energy_event,45,h6-3.0,v4.1-one-shot-joint-compression,MEDIUM,ALGORITHM_REJECTED,1,NA,NA,-2.79922229111757,0.0017366085368721862,NA,NA,NA,NA,NA,167,144,9.774462311559839
energy_event,45,h6-3.0,v4.1-one-shot-joint-compression,MEDIUM,ALGORITHM_REJECTED,1,NA,NA,-2.799222314849975,0.001736584804467256,NA,NA,NA,NA,NA,168,144,9.776497505606477
energy_event,45,h6-3.0,v4.1-one-shot-joint-compression,MEDIUM,ALGORITHM_REJECTED,1,NA,NA,-2.799222335658284,0.0017365639961579582,NA,NA,NA,NA,NA,169,144,9.778515945646557
energy_event,45,h6-3.0,v4.1-one-shot-joint-compression,MEDIUM,ALGORITHM_REJECTED,1,NA,NA,-2.799222351634006,0.0017365480204363237,NA,NA,NA,NA,NA,170,144,9.7799824838283
energy_event,45,h6-3.0,v4.1-one-shot-joint-compression,MEDIUM,ALGORITHM_REJECTED,1,NA,NA,-2.7992223641082674,0.0017365355461747,NA,NA,NA,NA,NA,171,144,9.780622969472864
energy_event,45,h6-3.0,v4.1-one-shot-joint-compression,MEDIUM,ALGORITHM_REJECTED,1,NA,NA,-2.7992223768218434,0.0017365228325987303,NA,NA,NA,NA,NA,172,144,9.781195716268437
energy_event,45,h6-3.0,v4.1-one-shot-joint-compression,MEDIUM,ALGORITHM_REJECTED,1,NA,NA,-2.799222389120214,0.001736510534227964,NA,NA,NA,NA,NA,173,144,9.781246117162873
energy_event,45,h6-3.0,v4.1-one-shot-joint-compression,MEDIUM,ALGORITHM_REJECTED,1,NA,NA,-2.7992223987396625,0.001736500914779615,NA,NA,NA,NA,NA,174,144,9.781376133458188
energy_event,45,h6-3.0,v4.1-one-shot-joint-compression,MEDIUM,ALGORITHM_REJECTED,1,NA,NA,-2.799222406263162,0.001736493391280014,NA,NA,NA,NA,NA,175,144,9.781370019981873
energy_event,45,h6-3.0,v4.1-one-shot-joint-compression,MEDIUM,ALGORITHM_REJECTED,1,NA,NA,-2.799222413896661,0.001736485757781292,NA,NA,NA,NA,NA,176,144,9.781632506726321
energy_event,45,h6-3.0,v4.1-one-shot-joint-compression,MEDIUM,ALGORITHM_REJECTED,1,NA,NA,-2.7992224210834813,0.00173647857096082,NA,NA,NA,NA,NA,177,144,9.781817964455021
energy_event,45,h6-3.0,v4.1-one-shot-joint-compression,MEDIUM,ALGORITHM_REJECTED,1,NA,NA,-2.7992224262523884,0.0017364734020537398,NA,NA,NA,NA,NA,178,144,9.782115505048036
energy_event,45,h6-3.0,v4.1-one-shot-joint-compression,MEDIUM,ALGORITHM_REJECTED,1,NA,NA,-2.7992224296909414,0.001736469963500742,NA,NA,NA,NA,NA,179,144,9.782366934332254
energy_event,45,h6-3.0,v4.1-one-shot-joint-compression,MEDIUM,ALGORITHM_REJECTED,1,NA,NA,-2.799222432229237,0.0017364674252049461,NA,NA,NA,NA,NA,180,144,9.782685509491706
energy_event,45,h6-3.0,v4.1-one-shot-joint-compression,MEDIUM,ALGORITHM_REJECTED,1,NA,NA,-2.799222434221739,0.001736465432703227,NA,NA,NA,NA,NA,181,144,9.783006129837078
energy_event,45,h6-3.0,v4.1-one-shot-joint-compression,MEDIUM,ALGORITHM_REJECTED,1,NA,NA,-2.799222435949782,0.001736463704660185,NA,NA,NA,NA,NA,182,144,9.783331414602204
energy_event,45,h6-3.0,v4.1-one-shot-joint-compression,MEDIUM,ALGORITHM_REJECTED,1,NA,NA,-2.799222437634775,0.001736462019667151,NA,NA,NA,NA,NA,183,144,9.783541416694266
energy_event,45,h6-3.0,v4.1-one-shot-joint-compression,MEDIUM,ALGORITHM_REJECTED,1,NA,NA,-2.799222439299959,0.0017364603544831603,NA,NA,NA,NA,NA,184,144,9.7836356904615
energy_event,45,h6-3.0,v4.1-one-shot-joint-compression,MEDIUM,ALGORITHM_REJECTED,1,NA,NA,-2.799222440768372,0.0017364588860702135,NA,NA,NA,NA,NA,185,144,9.783495013823435
energy_event,45,h6-3.0,v4.1-one-shot-joint-compression,MEDIUM,ALGORITHM_REJECTED,1,NA,NA,-2.7992224418274483,0.0017364578269938313,NA,NA,NA,NA,NA,186,144,9.783257412665751
energy_event,45,h6-3.0,v4.1-one-shot-joint-compression,MEDIUM,ALGORITHM_REJECTED,1,NA,NA,-2.7992224424945102,0.0017364571599318701,NA,NA,NA,NA,NA,187,144,9.78298290153394
energy_event,45,h6-3.0,v4.1-one-shot-joint-compression,MEDIUM,ALGORITHM_REJECTED,1,NA,NA,-2.79922244295558,0.0017364566988620211,NA,NA,NA,NA,NA,188,144,9.782816596565155
energy_event,45,h6-3.0,v4.1-one-shot-joint-compression,MEDIUM,ALGORITHM_REJECTED,1,NA,NA,-2.7992224433548523,0.0017364562995898503,NA,NA,NA,NA,NA,189,144,9.782704066454615
energy_event,45,h6-3.0,v4.1-one-shot-joint-compression,MEDIUM,ALGORITHM_REJECTED,1,NA,NA,-2.799222443749513,0.0017364559049291017,NA,NA,NA,NA,NA,190,144,9.782661851940533
energy_event,45,h6-3.0,v4.1-one-shot-joint-compression,MEDIUM,ALGORITHM_REJECTED,1,NA,NA,-2.7992224441469307,0.0017364555075114474,NA,NA,NA,NA,NA,191,144,9.782643711549776
energy_event,45,h6-3.0,v4.1-one-shot-joint-compression,MEDIUM,ALGORITHM_REJECTED,1,NA,NA,-2.799222444564715,0.0017364550897269737,NA,NA,NA,NA,NA,192,144,9.782656309576513
energy_event,45,h6-3.0,v4.1-one-shot-joint-compression,MEDIUM,ALGORITHM_REJECTED,1,NA,NA,-2.7992224449875773,0.001736454666864784,NA,NA,NA,NA,NA,193,144,9.782659045760436
energy_event,45,h6-3.0,v4.1-one-shot-joint-compression,MEDIUM,ALGORITHM_REJECTED,1,NA,NA,-2.7992224453783474,0.001736454276094701,NA,NA,NA,NA,NA,194,144,9.782680168630543
energy_event,45,h6-3.0,v4.1-one-shot-joint-compression,MEDIUM,ALGORITHM_REJECTED,1,NA,NA,-2.799222445741598,0.0017364539128439382,NA,NA,NA,NA,NA,195,144,9.782697661179483
energy_event,45,h6-3.0,v4.1-one-shot-joint-compression,MEDIUM,ALGORITHM_REJECTED,1,NA,NA,-2.799222446140231,0.0017364535142112558,NA,NA,NA,NA,NA,196,144,9.782749366507531
energy_event,45,h6-3.0,v4.1-one-shot-joint-compression,MEDIUM,ALGORITHM_REJECTED,1,NA,NA,-2.799222446639808,0.0017364530146339874,NA,NA,NA,NA,NA,197,144,9.782830248577673
energy_event,45,h6-3.0,v4.1-one-shot-joint-compression,MEDIUM,ALGORITHM_REJECTED,1,NA,NA,-2.799222447263432,0.0017364523910101681,NA,NA,NA,NA,NA,198,144,9.782970162190814
energy_event,45,h6-3.0,v4.1-one-shot-joint-compression,MEDIUM,ALGORITHM_REJECTED,1,NA,NA,-2.7992224480015397,0.001736451652902371,NA,NA,NA,NA,NA,199,144,9.78315060205183
energy_event,45,h6-3.0,v4.1-one-shot-joint-compression,MEDIUM,ALGORITHM_REJECTED,1,NA,NA,-2.7992224488793678,0.0017364507750743385,NA,NA,NA,NA,NA,200,144,9.78338602973687
energy_event,45,h6-3.0,v4.1-one-shot-joint-compression,MEDIUM,ALGORITHM_REJECTED,1,NA,NA,-2.7992224500040868,0.001736449650355354,NA,NA,NA,NA,NA,201,144,9.783686126757969
energy_event,45,h6-3.0,v4.1-one-shot-joint-compression,MEDIUM,ALGORITHM_REJECTED,1,NA,NA,-2.7992224515061004,0.0017364481483417293,NA,NA,NA,NA,NA,202,144,9.784102099733147
energy_event,45,h6-3.0,v4.1-one-shot-joint-compression,MEDIUM,ALGORITHM_REJECTED,1,NA,NA,-2.7992224533625287,0.001736446291913385,NA,NA,NA,NA,NA,203,144,9.784626243342256
energy_event,45,h6-3.0,v4.1-one-shot-joint-compression,MEDIUM,ALGORITHM_REJECTED,1,NA,NA,-2.7992224552906864,0.0017364443637557514,NA,NA,NA,NA,NA,204,144,9.785178406896932
energy_event,45,h6-3.0,v4.1-one-shot-joint-compression,MEDIUM,ALGORITHM_REJECTED,1,NA,NA,-2.7992224569657993,0.0017364426886428141,NA,NA,NA,NA,NA,205,144,9.785625980344996
energy_event,45,h6-3.0,v4.1-one-shot-joint-compression,MEDIUM,ALGORITHM_REJECTED,1,NA,NA,-2.7992224583538907,0.0017364413005513946,NA,NA,NA,NA,NA,206,144,9.785942384456838
energy_event,45,h6-3.0,v4.1-one-shot-joint-compression,MEDIUM,ALGORITHM_REJECTED,1,NA,NA,-2.799222459654409,0.001736440000033035,NA,NA,NA,NA,NA,207,144,9.786186809974744
energy_event,45,h6-3.0,v4.1-one-shot-joint-compression,MEDIUM,ALGORITHM_REJECTED,1,NA,NA,-2.7992224610025525,0.0017364386518896602,NA,NA,NA,NA,NA,208,144,9.786398738124046
energy_event,45,h6-3.0,v4.1-one-shot-joint-compression,MEDIUM,ALGORITHM_REJECTED,1,NA,NA,-2.7992224623466395,0.0017364373078025963,NA,NA,NA,NA,NA,209,144,9.786591678916599
energy_event,45,h6-3.0,v4.1-one-shot-joint-compression,MEDIUM,ALGORITHM_REJECTED,1,NA,NA,-2.7992224635821663,0.0017364360722758043,NA,NA,NA,NA,NA,210,144,9.786746621516661
energy_event,45,h6-3.0,v4.1-one-shot-joint-compression,MEDIUM,ALGORITHM_REJECTED,1,NA,NA,-2.799222464649234,0.0017364350052080368,NA,NA,NA,NA,NA,211,144,9.786901606007579
energy_event,45,h6-3.0,v4.1-one-shot-joint-compression,MEDIUM,ALGORITHM_REJECTED,1,NA,NA,-2.7992224655490614,0.001736434105380713,NA,NA,NA,NA,NA,212,144,9.78705530228865
energy_event,45,h6-3.0,v4.1-one-shot-joint-compression,MEDIUM,ALGORITHM_REJECTED,1,NA,NA,-2.799222466315538,0.0017364333389040532,NA,NA,NA,NA,NA,213,144,9.78726747848019
energy_event,45,h6-3.0,v4.1-one-shot-joint-compression,MEDIUM,ALGORITHM_REJECTED,1,NA,NA,-2.79922246702397,0.0017364326304720734,NA,NA,NA,NA,NA,214,144,9.78749973665976
energy_event,45,h6-3.0,v4.1-one-shot-joint-compression,MEDIUM,ALGORITHM_REJECTED,1,NA,NA,-2.7992224677696123,0.0017364318848298588,NA,NA,NA,NA,NA,215,144,9.78780797685203
energy_event,45,h6-3.0,v4.1-one-shot-joint-compression,MEDIUM,ALGORITHM_REJECTED,1,NA,NA,-2.799222468647942,0.0017364310065000055,NA,NA,NA,NA,NA,216,144,9.78814030211768
energy_event,45,h6-3.0,v4.1-one-shot-joint-compression,MEDIUM,ALGORITHM_REJECTED,1,NA,NA,-2.799222469680819,0.0017364299736231104,NA,NA,NA,NA,NA,217,144,9.788537263783178
energy_event,45,h6-3.0,v4.1-one-shot-joint-compression,MEDIUM,ALGORITHM_REJECTED,1,NA,NA,-2.79922247074078,0.0017364289136621025,NA,NA,NA,NA,NA,218,144,9.78884901237502
energy_event,45,h6-3.0,v4.1-one-shot-joint-compression,MEDIUM,ALGORITHM_REJECTED,1,NA,NA,-2.799222471617832,0.0017364280366098939,NA,NA,NA,NA,NA,219,144,9.789077038504978
energy_event,45,h6-3.0,v4.1-one-shot-joint-compression,MEDIUM,ALGORITHM_REJECTED,1,NA,NA,-2.799222472256383,0.001736427398058904,NA,NA,NA,NA,NA,220,144,9.78911449542016
energy_event,45,h6-3.0,v4.1-one-shot-joint-compression,MEDIUM,ALGORITHM_REJECTED,1,NA,NA,-2.799222472731892,0.0017364269225499385,NA,NA,NA,NA,NA,221,144,9.78916869389596
energy_event,45,h6-3.0,v4.1-one-shot-joint-compression,MEDIUM,ALGORITHM_REJECTED,1,NA,NA,-2.7992224731042072,0.0017364265502348708,NA,NA,NA,NA,NA,222,144,9.78911584380557
energy_event,45,h6-3.0,v4.1-one-shot-joint-compression,MEDIUM,ALGORITHM_REJECTED,1,NA,NA,-2.7992224733626094,0.0017364262918326823,NA,NA,NA,NA,NA,223,144,9.7892040484253
energy_event,45,h6-3.0,v4.1-one-shot-joint-compression,MEDIUM,ALGORITHM_REJECTED,1,NA,NA,-2.7992224735225615,0.0017364261318806307,NA,NA,NA,NA,NA,224,144,9.78920415011245
energy_event,45,h6-3.0,v4.1-one-shot-joint-compression,MEDIUM,ALGORITHM_REJECTED,1,NA,NA,-2.799222473626867,0.0017364260275751775,NA,NA,NA,NA,NA,225,144,9.789279935229372
energy_event,45,h6-3.0,v4.1-one-shot-joint-compression,MEDIUM,ALGORITHM_REJECTED,1,NA,NA,-2.7992224737120646,0.0017364259423775508,NA,NA,NA,NA,NA,226,144,9.78933198540408
energy_event,45,h6-3.0,v4.1-one-shot-joint-compression,MEDIUM,ALGORITHM_REJECTED,1,NA,NA,-2.7992224737793285,0.0017364258751135786,NA,NA,NA,NA,NA,227,144,9.789389034307845
energy_event,45,h6-3.0,v4.1-one-shot-joint-compression,MEDIUM,ALGORITHM_REJECTED,1,NA,NA,-2.7992224738240226,0.0017364258304195523,NA,NA,NA,NA,NA,228,144,9.789432234815395
energy_event,45,h6-3.0,v4.1-one-shot-joint-compression,MEDIUM,ALGORITHM_REJECTED,1,NA,NA,-2.7992224738530096,0.0017364258014325173,NA,NA,NA,NA,NA,229,144,9.789466078351845
energy_event,45,h6-3.0,v4.1-one-shot-joint-compression,MEDIUM,ALGORITHM_REJECTED,1,NA,NA,-2.7992224738749694,0.00173642577947275,NA,NA,NA,NA,NA,230,144,9.789495618967258
energy_event,45,h6-3.0,v4.1-one-shot-joint-compression,MEDIUM,ALGORITHM_REJECTED,1,NA,NA,-2.7992224738921005,0.0017364257623415646,NA,NA,NA,NA,NA,231,144,9.789521582263625
energy_event,45,h6-3.0,v4.1-one-shot-joint-compression,MEDIUM,ALGORITHM_REJECTED,1,NA,NA,-2.79922247390412,0.0017364257503222902,NA,NA,NA,NA,NA,232,144,9.789535267945904
energy_event,45,h6-3.0,v4.1-one-shot-joint-compression,MEDIUM,ALGORITHM_REJECTED,1,NA,NA,-2.7992224739128466,0.0017364257415954931,NA,NA,NA,NA,NA,233,144,9.789539798503744
energy_event,45,h6-3.0,v4.1-one-shot-joint-compression,MEDIUM,ALGORITHM_REJECTED,1,NA,NA,-2.799222473920371,0.0017364257340712896,NA,NA,NA,NA,NA,234,144,9.789531947165978
energy_event,45,h6-3.0,v4.1-one-shot-joint-compression,MEDIUM,ALGORITHM_REJECTED,1,NA,NA,-2.7992224739267453,0.0017364257276968331,NA,NA,NA,NA,NA,235,144,9.789520769400209
energy_event,45,h6-3.0,v4.1-one-shot-joint-compression,MEDIUM,ALGORITHM_REJECTED,1,NA,NA,-2.7992224739309854,0.0017364257234566693,NA,NA,NA,NA,NA,236,144,9.7895035223274
energy_event,45,h6-3.0,v4.1-one-shot-joint-compression,MEDIUM,ALGORITHM_REJECTED,1,NA,NA,-2.7992224739334564,0.001736425720985757,NA,NA,NA,NA,NA,237,144,9.7894937140185
energy_event,45,h6-3.0,v4.1-one-shot-joint-compression,MEDIUM,ALGORITHM_REJECTED,1,NA,NA,-2.7992224739352025,0.0017364257192395982,NA,NA,NA,NA,NA,238,144,9.789480171892968
energy_event,45,h6-3.0,v4.1-one-shot-joint-compression,MEDIUM,ALGORITHM_REJECTED,1,NA,NA,-2.7992224739367138,0.0017364257177283626,NA,NA,NA,NA,NA,239,144,9.789469030122463
energy_event,45,h6-3.0,v4.1-one-shot-joint-compression,MEDIUM,ALGORITHM_REJECTED,1,NA,NA,-2.7992224739378133,0.0017364257166287977,NA,NA,NA,NA,NA,240,144,9.789453960145378
energy_event,45,h6-3.0,v4.1-one-shot-joint-compression,MEDIUM,ALGORITHM_REJECTED,1,NA,NA,-2.799222473938435,0.0017364257160070729,NA,NA,NA,NA,NA,241,144,9.789445638170038
energy_event,45,h6-3.0,v4.1-one-shot-joint-compression,MEDIUM,ALGORITHM_REJECTED,1,NA,NA,-2.799222473938792,0.0017364257156500251,NA,NA,NA,NA,NA,242,144,9.789438421626203
energy_event,45,h6-3.0,v4.1-one-shot-joint-compression,MEDIUM,ALGORITHM_REJECTED,1,NA,NA,-2.799222473939045,0.0017364257153968943,NA,NA,NA,NA,NA,243,144,9.789434875378252
energy_event,45,h6-3.0,v4.1-one-shot-joint-compression,MEDIUM,ALGORITHM_REJECTED,1,NA,NA,-2.7992224739392078,0.0017364257152343576,NA,NA,NA,NA,NA,244,144,9.78943197752035
energy_event,45,h6-3.0,v4.1-one-shot-joint-compression,MEDIUM,ALGORITHM_REJECTED,1,NA,NA,-2.7992224739392952,0.001736425715146872,NA,NA,NA,NA,NA,245,144,9.789431298251976
energy_event,45,h6-3.0,v4.1-one-shot-joint-compression,MEDIUM,ALGORITHM_REJECTED,1,NA,NA,-2.799222473939342,0.0017364257151002427,NA,NA,NA,NA,NA,246,144,9.789430564943853
energy_event,45,h6-3.0,v4.1-one-shot-joint-compression,MEDIUM,ALGORITHM_REJECTED,1,NA,NA,-2.799222473939381,0.0017364257150611628,NA,NA,NA,NA,NA,247,144,9.789429801007039
energy_event,45,h6-3.0,v4.1-one-shot-joint-compression,MEDIUM,ALGORITHM_REJECTED,1,NA,NA,-2.7992224739394125,0.0017364257150296325,NA,NA,NA,NA,NA,248,144,9.789428361484378
energy_event,45,h6-3.0,v4.1-one-shot-joint-compression,MEDIUM,ALGORITHM_REJECTED,1,NA,NA,-2.7992224739394285,0.0017364257150136453,NA,NA,NA,NA,NA,249,144,9.789426978034768
energy_event,45,h6-3.0,v4.1-one-shot-joint-compression,MEDIUM,ALGORITHM_REJECTED,1,NA,NA,-2.7992224739394347,0.001736425715007428,NA,NA,NA,NA,NA,250,144,9.7894260734637
energy_event,45,h6-3.0,v4.1-one-shot-joint-compression,MEDIUM,ALGORITHM_REJECTED,1,NA,NA,-2.799222473939437,0.0017364257150052076,NA,NA,NA,NA,NA,251,144,9.789425760598364
energy_event,45,h6-3.0,v4.1-one-shot-joint-compression,MEDIUM,ALGORITHM_REJECTED,1,NA,NA,-2.7992224739394356,0.0017364257150065399,NA,NA,NA,NA,NA,252,144,9.789425689620344
energy_event,45,h6-3.0,v4.1-one-shot-joint-compression,MEDIUM,ALGORITHM_REJECTED,1,NA,NA,-2.799222473939441,0.0017364257150012108,NA,NA,NA,NA,NA,253,144,9.789425751341955
energy_event,45,h6-3.0,v4.1-one-shot-joint-compression,MEDIUM,ALGORITHM_REJECTED,1,NA,NA,-2.7992224739394396,0.001736425715002543,NA,NA,NA,NA,NA,254,144,9.789425751238305
energy_event,45,h6-3.0,v4.1-one-shot-joint-compression,MEDIUM,ALGORITHM_REJECTED,1,NA,NA,-2.7992224739394387,0.0017364257150034312,NA,NA,NA,NA,NA,255,144,9.789425751341918
energy_event,45,h6-3.0,v4.1-one-shot-joint-compression,MEDIUM,ALGORITHM_REJECTED,1,NA,NA,-2.799222473939441,0.0017364257150012108,NA,NA,NA,NA,NA,256,144,9.789425751341955
energy_event,45,h6-3.0,v4.1-one-shot-joint-compression,MEDIUM,ALGORITHM_REJECTED,1,NA,NA,-2.7992224739394427,0.0017364257149994344,NA,NA,NA,NA,NA,257,144,9.789425751341934
energy_event,45,h6-3.0,v4.1-one-shot-joint-compression,MEDIUM,ALGORITHM_REJECTED,1,NA,NA,-2.7992224739394387,0.0017364257150034312,NA,NA,NA,NA,NA,258,144,9.789425751341929
energy_event,45,h6-3.0,v4.1-one-shot-joint-compression,MEDIUM,ALGORITHM_REJECTED,1,NA,NA,-2.7992224739394427,0.0017364257149994344,NA,NA,NA,NA,NA,259,144,9.789425751341934
energy_event,45,h6-3.0,v4.1-one-shot-joint-compression,MEDIUM,ALGORITHM_REJECTED,1,NA,NA,-2.7992224739394405,0.0017364257150016549,NA,NA,NA,NA,NA,260,144,9.78942575134193
energy_event,45,h6-3.0,v4.1-one-shot-joint-compression,MEDIUM,ALGORITHM_REJECTED,1,NA,NA,-2.7992224739394427,0.0017364257149994344,NA,NA,NA,NA,NA,261,144,9.789425751341934
energy_event,45,h6-3.0,v4.1-one-shot-joint-compression,MEDIUM,ALGORITHM_REJECTED,1,NA,NA,-2.7992224739394413,0.0017364257150007667,NA,NA,NA,NA,NA,262,144,9.789425751341934
energy_event,45,h6-3.0,v4.1-one-shot-joint-compression,MEDIUM,ALGORITHM_REJECTED,1,NA,NA,-2.7992224739394427,0.0017364257149994344,NA,NA,NA,NA,NA,263,144,9.789425751341934
energy_event,45,h6-3.0,v4.1-one-shot-joint-compression,MEDIUM,ALGORITHM_REJECTED,1,NA,NA,-2.7992224739394405,0.0017364257150016549,NA,NA,NA,NA,NA,264,144,9.789425751341932
energy_event,45,h6-3.0,v4.1-one-shot-joint-compression,MEDIUM,ALGORITHM_REJECTED,1,NA,NA,-2.7992224739394427,0.0017364257149994344,NA,NA,NA,NA,NA,265,144,9.789425751341934
energy_event,45,h6-3.0,v4.1-one-shot-joint-compression,MEDIUM,ALGORITHM_REJECTED,1,NA,NA,-2.799222473939441,0.0017364257150012108,NA,NA,NA,NA,NA,266,144,9.789425751341934
energy_event,45,h6-3.0,v4.1-one-shot-joint-compression,MEDIUM,ALGORITHM_REJECTED,1,NA,NA,-2.7992224739394427,0.0017364257149994344,NA,NA,NA,NA,NA,267,144,9.789425751341934
energy_event,45,h6-3.0,v4.1-one-shot-joint-compression,MEDIUM,ALGORITHM_REJECTED,1,NA,NA,-2.7992224739394356,0.0017364257150065399,NA,NA,NA,NA,NA,268,144,9.789425689620344
energy_event,45,h6-3.0,v4.1-one-shot-joint-compression,MEDIUM,ALGORITHM_REJECTED,1,NA,NA,-2.799222473939439,0.0017364257150029871,NA,NA,NA,NA,NA,269,144,9.78942573890863
energy_event,45,h6-3.0,v4.1-one-shot-joint-compression,MEDIUM,ALGORITHM_REJECTED,1,NA,NA,-2.79922247393944,0.001736425715002099,NA,NA,NA,NA,NA,270,144,9.789425745074498
energy_event,45,h6-3.0,v4.1-one-shot-joint-compression,MEDIUM,ALGORITHM_REJECTED,1,NA,NA,-2.7992224739394462,0.0017364257149958817,NA,NA,NA,NA,NA,271,144,9.789425836995298
energy_event,45,h6-3.0,v4.1-one-shot-joint-compression,MEDIUM,ALGORITHM_REJECTED,1,NA,NA,-2.7992224739394467,0.0017364257149954376,NA,NA,NA,NA,NA,272,144,9.789426139151445
energy_event,46,h6-3.0,v5-fixed-source-whitelist-no-replenishment,MEDIUM,COMPLETED,1,NA,NA,-2.7994516589161544,0.001507240738287674,NA,NA,NA,NA,NA,1,148,11.093166045524583
energy_event,46,h6-3.0,v5-fixed-source-whitelist-no-replenishment,MEDIUM,COMPLETED,1,NA,NA,-2.799451658920294,0.0015072407341483185,NA,NA,NA,NA,NA,2,148,11.09315166834175
energy_event,46,h6-3.0,v5-fixed-source-whitelist-no-replenishment,MEDIUM,COMPLETED,1,NA,NA,-2.799451658920966,0.0015072407334759674,NA,NA,NA,NA,NA,3,148,11.093166275137213
energy_event,46,h6-3.0,v5-fixed-source-whitelist-no-replenishment,MEDIUM,COMPLETED,1,NA,NA,-2.7994516589210465,0.0015072407333955873,NA,NA,NA,NA,NA,4,148,11.093171271677308
energy_event,46,h6-3.0,v5-fixed-source-whitelist-no-replenishment,MEDIUM,COMPLETED,1,NA,NA,-2.7994516589210527,0.00150724073338937,NA,NA,NA,NA,NA,5,148,11.093171280693156
energy_event,47,h6-3.0,v5-sequential-with-rebuilding,MEDIUM,COMPLETED,1,NA,NA,-2.7994516589161544,0.001507240738287674,NA,NA,NA,NA,NA,1,148,11.093166045524583
energy_event,47,h6-3.0,v5-sequential-with-rebuilding,MEDIUM,COMPLETED,1,NA,NA,-2.799451658920294,0.0015072407341483185,NA,NA,NA,NA,NA,2,148,11.09315166834175
energy_event,47,h6-3.0,v5-sequential-with-rebuilding,MEDIUM,COMPLETED,1,NA,NA,-2.799451658920966,0.0015072407334759674,NA,NA,NA,NA,NA,3,148,11.093166275137213
energy_event,47,h6-3.0,v5-sequential-with-rebuilding,MEDIUM,COMPLETED,1,NA,NA,-2.7994516589210465,0.0015072407333955873,NA,NA,NA,NA,NA,4,148,11.093171271677308
energy_event,47,h6-3.0,v5-sequential-with-rebuilding,MEDIUM,COMPLETED,1,NA,NA,-2.7994516589210527,0.00150724073338937,NA,NA,NA,NA,NA,5,148,11.093171280693156
energy_event,50,h6-3.0,structural-magnitude-pruning,HIGH,COMPLETED,1,NA,NA,-2.7994516573404415,0.0015072423140005675,NA,NA,NA,NA,NA,1,148,11.093319726710385
energy_event,50,h6-3.0,structural-magnitude-pruning,HIGH,COMPLETED,1,NA,NA,-2.7994513401768115,0.0015075594776305934,NA,NA,NA,NA,NA,2,148,11.090947112779805
energy_event,50,h6-3.0,structural-magnitude-pruning,HIGH,COMPLETED,1,NA,NA,-2.7994516589164373,0.0015072407380047892,NA,NA,NA,NA,NA,3,148,11.09316367925061
energy_event,50,h6-3.0,structural-magnitude-pruning,HIGH,COMPLETED,1,NA,NA,-2.799451658920269,0.0015072407341731875,NA,NA,NA,NA,NA,4,148,11.09315161183098
energy_event,50,h6-3.0,structural-magnitude-pruning,HIGH,COMPLETED,1,NA,NA,-2.7994516589209657,0.0015072407334764115,NA,NA,NA,NA,NA,5,148,11.0931661939121
energy_event,50,h6-3.0,structural-magnitude-pruning,HIGH,COMPLETED,1,NA,NA,-2.799451658921041,0.0015072407334009164,NA,NA,NA,NA,NA,6,148,11.093171162951268
energy_event,50,h6-3.0,structural-magnitude-pruning,HIGH,COMPLETED,1,NA,NA,-2.799451658921053,0.001507240733388926,NA,NA,NA,NA,NA,7,148,11.093171248396963
energy_event,50,h6-3.0,structural-magnitude-pruning,HIGH,COMPLETED,2,NA,NA,-2.7994516481710714,0.0015072514833707196,NA,NA,NA,NA,NA,8,147,11.09317117306406
energy_event,50,h6-3.0,structural-magnitude-pruning,HIGH,COMPLETED,2,NA,NA,-2.799451621621177,0.0015072780332650026,NA,NA,NA,NA,NA,9,147,11.083853296878166
energy_event,50,h6-3.0,structural-magnitude-pruning,HIGH,COMPLETED,2,NA,NA,-2.7994516555611155,0.0015072440933265874,NA,NA,NA,NA,NA,10,147,11.090193119239766
energy_event,50,h6-3.0,structural-magnitude-pruning,HIGH,COMPLETED,2,NA,NA,-2.7994516557437454,0.0015072439106966762,NA,NA,NA,NA,NA,11,147,11.08988530066893
energy_event,50,h6-3.0,structural-magnitude-pruning,HIGH,COMPLETED,2,NA,NA,-2.7994516557729767,0.0015072438814653921,NA,NA,NA,NA,NA,12,147,11.089977793557335
energy_event,50,h6-3.0,structural-magnitude-pruning,HIGH,COMPLETED,2,NA,NA,-2.799451655776655,0.0015072438777870012,NA,NA,NA,NA,NA,13,147,11.090068740010931
energy_event,50,h6-3.0,structural-magnitude-pruning,HIGH,COMPLETED,2,NA,NA,-2.7994516557768856,0.001507243877556519,NA,NA,NA,NA,NA,14,147,11.090066080116452
energy_event,50,h6-3.0,structural-magnitude-pruning,HIGH,COMPLETED,2,NA,NA,-2.7994516557769242,0.0015072438775178831,NA,NA,NA,NA,NA,15,147,11.090061551783986
energy_event,50,h6-3.0,structural-magnitude-pruning,HIGH,COMPLETED,3,NA,NA,-2.79945048657271,0.0015084130817322183,NA,NA,NA,NA,NA,16,146,11.090061473885978
energy_event,50,h6-3.0,structural-magnitude-pruning,HIGH,COMPLETED,3,NA,NA,-2.7931699805439285,0.0077889191105136035,NA,NA,NA,NA,NA,17,146,10.870912634054982
energy_event,50,h6-3.0,structural-magnitude-pruning,HIGH,COMPLETED,3,NA,NA,-2.7994516399531313,0.0015072597013108258,NA,NA,NA,NA,NA,18,146,11.08574290202473
energy_event,50,h6-3.0,structural-magnitude-pruning,HIGH,COMPLETED,3,NA,NA,-2.799451641549777,0.0015072581046648992,NA,NA,NA,NA,NA,19,146,11.085984166311402
energy_event,50,h6-3.0,structural-magnitude-pruning,HIGH,COMPLETED,3,NA,NA,-2.7994516416643944,0.0015072579900476946,NA,NA,NA,NA,NA,20,146,11.086156913112113
energy_event,50,h6-3.0,structural-magnitude-pruning,HIGH,COMPLETED,3,NA,NA,-2.7994516416808395,0.001507257973602627,NA,NA,NA,NA,NA,21,146,11.08621049831156
energy_event,50,h6-3.0,structural-magnitude-pruning,HIGH,COMPLETED,3,NA,NA,-2.799451641681761,0.001507257972681142,NA,NA,NA,NA,NA,22,146,11.086199207797783
energy_event,50,h6-3.0,structural-magnitude-pruning,HIGH,COMPLETED,3,NA,NA,-2.799451641681849,0.0015072579725932123,NA,NA,NA,NA,NA,23,146,11.086197267243076
energy_event,50,h6-3.0,structural-magnitude-pruning,HIGH,COMPLETED,3,NA,NA,-2.7994516416818587,0.0015072579725834423,NA,NA,NA,NA,NA,24,146,11.08619590556895
energy_event,50,h6-3.0,structural-magnitude-pruning,HIGH,COMPLETED,3,NA,NA,-2.7994516416818604,0.001507257972581666,NA,NA,NA,NA,NA,25,146,11.086195977475503
energy_event,50,h6-3.0,structural-magnitude-pruning,HIGH,COMPLETED,4,NA,NA,-2.799451290282892,0.0015076093715502559,NA,NA,NA,NA,NA,26,145,11.086195904780565
energy_event,50,h6-3.0,structural-magnitude-pruning,HIGH,COMPLETED,4,NA,NA,-2.7993980430992464,0.0015608565551956666,NA,NA,NA,NA,NA,27,145,10.99893480106563
energy_event,50,h6-3.0,structural-magnitude-pruning,HIGH,COMPLETED,4,NA,NA,-2.7994516181760805,0.001507281478361655,NA,NA,NA,NA,NA,28,145,11.079724396624854
energy_event,50,h6-3.0,structural-magnitude-pruning,HIGH,COMPLETED,4,NA,NA,-2.7994516191493832,0.0015072805050588833,NA,NA,NA,NA,NA,29,145,11.07937143963532
energy_event,50,h6-3.0,structural-magnitude-pruning,HIGH,COMPLETED,4,NA,NA,-2.7994516193159926,0.0015072803384494904,NA,NA,NA,NA,NA,30,145,11.079589968722704
energy_event,50,h6-3.0,structural-magnitude-pruning,HIGH,COMPLETED,4,NA,NA,-2.7994516193346404,0.0015072803198017404,NA,NA,NA,NA,NA,31,145,11.079696204308869
energy_event,50,h6-3.0,structural-magnitude-pruning,HIGH,COMPLETED,4,NA,NA,-2.799451619335527,0.0015072803189148942,NA,NA,NA,NA,NA,32,145,11.079707384778612
energy_event,50,h6-3.0,structural-magnitude-pruning,HIGH,COMPLETED,4,NA,NA,-2.7994516193356382,0.001507280318803872,NA,NA,NA,NA,NA,33,145,11.079705622445378
energy_event,50,h6-3.0,structural-magnitude-pruning,HIGH,COMPLETED,4,NA,NA,-2.799451619335648,0.001507280318794102,NA,NA,NA,NA,NA,34,145,11.079704523098481
energy_event,51,h6-3.0,v4.1-one-shot-joint-compression,HIGH,ALGORITHM_REJECTED,1,NA,NA,-2.673400034279773,0.12755886537466932,NA,NA,NA,NA,NA,1,144,11.03182758340028
energy_event,51,h6-3.0,v4.1-one-shot-joint-compression,HIGH,ALGORITHM_REJECTED,1,NA,NA,-2.1479204060490504,0.6530384936053917,NA,NA,NA,NA,NA,2,144,12.124778332158927
energy_event,51,h6-3.0,v4.1-one-shot-joint-compression,HIGH,ALGORITHM_REJECTED,1,NA,NA,-2.7454826106876067,0.05547628896683543,NA,NA,NA,NA,NA,3,144,10.303186420341351
energy_event,51,h6-3.0,v4.1-one-shot-joint-compression,HIGH,ALGORITHM_REJECTED,1,NA,NA,-2.4221748997705337,0.37878399988390843,NA,NA,NA,NA,NA,4,144,13.11291995517726
energy_event,51,h6-3.0,v4.1-one-shot-joint-compression,HIGH,ALGORITHM_REJECTED,1,NA,NA,-2.762136116618415,0.038822783036027264,NA,NA,NA,NA,NA,5,144,10.200164072514548
energy_event,51,h6-3.0,v4.1-one-shot-joint-compression,HIGH,ALGORITHM_REJECTED,1,NA,NA,-2.7694237144085516,0.031535185245890496,NA,NA,NA,NA,NA,6,144,10.018199621821433
energy_event,51,h6-3.0,v4.1-one-shot-joint-compression,HIGH,ALGORITHM_REJECTED,1,NA,NA,-2.7786159473819176,0.022342952272524474,NA,NA,NA,NA,NA,7,144,9.921660608520012
energy_event,51,h6-3.0,v4.1-one-shot-joint-compression,HIGH,ALGORITHM_REJECTED,1,NA,NA,-2.7850243334113753,0.015934566243066772,NA,NA,NA,NA,NA,8,144,10.167411233991047
energy_event,51,h6-3.0,v4.1-one-shot-joint-compression,HIGH,ALGORITHM_REJECTED,1,NA,NA,-2.7896924770769838,0.011266422577458357,NA,NA,NA,NA,NA,9,144,10.363305433596489
energy_event,51,h6-3.0,v4.1-one-shot-joint-compression,HIGH,ALGORITHM_REJECTED,1,NA,NA,-2.78498652169503,0.01597237795941231,NA,NA,NA,NA,NA,10,144,10.287668153396796
energy_event,51,h6-3.0,v4.1-one-shot-joint-compression,HIGH,ALGORITHM_REJECTED,1,NA,NA,-2.7906386523535693,0.010320247300872776,NA,NA,NA,NA,NA,11,144,10.309296326530749
energy_event,51,h6-3.0,v4.1-one-shot-joint-compression,HIGH,ALGORITHM_REJECTED,1,NA,NA,-2.79213194468905,0.008826954965392098,NA,NA,NA,NA,NA,12,144,10.15940481570239
energy_event,51,h6-3.0,v4.1-one-shot-joint-compression,HIGH,ALGORITHM_REJECTED,1,NA,NA,-2.793852099109214,0.007106800545228165,NA,NA,NA,NA,NA,13,144,10.096071337421657
energy_event,51,h6-3.0,v4.1-one-shot-joint-compression,HIGH,ALGORITHM_REJECTED,1,NA,NA,-2.79480374373367,0.006155155920771982,NA,NA,NA,NA,NA,14,144,10.078279066193023
energy_event,51,h6-3.0,v4.1-one-shot-joint-compression,HIGH,ALGORITHM_REJECTED,1,NA,NA,-2.795906631961315,0.005052267693127277,NA,NA,NA,NA,NA,15,144,9.963150448991211
energy_event,51,h6-3.0,v4.1-one-shot-joint-compression,HIGH,ALGORITHM_REJECTED,1,NA,NA,-2.79629690657149,0.0046619930829518985,NA,NA,NA,NA,NA,16,144,10.127358627476585
energy_event,51,h6-3.0,v4.1-one-shot-joint-compression,HIGH,ALGORITHM_REJECTED,1,NA,NA,-2.796552689813675,0.004406209840766895,NA,NA,NA,NA,NA,17,144,9.95685098595288
energy_event,51,h6-3.0,v4.1-one-shot-joint-compression,HIGH,ALGORITHM_REJECTED,1,NA,NA,-2.7969080506091273,0.0040508490453148305,NA,NA,NA,NA,NA,18,144,10.062106116795052
energy_event,51,h6-3.0,v4.1-one-shot-joint-compression,HIGH,ALGORITHM_REJECTED,1,NA,NA,-2.7973045497120794,0.003654349942362689,NA,NA,NA,NA,NA,19,144,10.096543008501841
energy_event,51,h6-3.0,v4.1-one-shot-joint-compression,HIGH,ALGORITHM_REJECTED,1,NA,NA,-2.7971857845505834,0.003773115103858693,NA,NA,NA,NA,NA,20,144,9.83404226471004
energy_event,51,h6-3.0,v4.1-one-shot-joint-compression,HIGH,ALGORITHM_REJECTED,1,NA,NA,-2.797488191496515,0.0034707081579270493,NA,NA,NA,NA,NA,21,144,9.9753038016511
energy_event,51,h6-3.0,v4.1-one-shot-joint-compression,HIGH,ALGORITHM_REJECTED,1,NA,NA,-2.797624919032576,0.0033339806218659618,NA,NA,NA,NA,NA,22,144,10.054391958562894
energy_event,51,h6-3.0,v4.1-one-shot-joint-compression,HIGH,ALGORITHM_REJECTED,1,NA,NA,-2.7977655553490255,0.0031933443054166233,NA,NA,NA,NA,NA,23,144,10.042827324049354
energy_event,51,h6-3.0,v4.1-one-shot-joint-compression,HIGH,ALGORITHM_REJECTED,1,NA,NA,-2.7978600225720927,0.0030988770823494605,NA,NA,NA,NA,NA,24,144,10.172177838478252
energy_event,51,h6-3.0,v4.1-one-shot-joint-compression,HIGH,ALGORITHM_REJECTED,1,NA,NA,-2.797981641868838,0.0029772577856039817,NA,NA,NA,NA,NA,25,144,10.237544146871214
energy_event,51,h6-3.0,v4.1-one-shot-joint-compression,HIGH,ALGORITHM_REJECTED,1,NA,NA,-2.7980584822624017,0.0029004173920403886,NA,NA,NA,NA,NA,26,144,10.317650336368795
energy_event,51,h6-3.0,v4.1-one-shot-joint-compression,HIGH,ALGORITHM_REJECTED,1,NA,NA,-2.79816070295568,0.0027981966987620233,NA,NA,NA,NA,NA,27,144,10.347556292828193
energy_event,51,h6-3.0,v4.1-one-shot-joint-compression,HIGH,ALGORITHM_REJECTED,1,NA,NA,-2.798248862974337,0.0027100366801051656,NA,NA,NA,NA,NA,28,144,10.374151528286616
energy_event,51,h6-3.0,v4.1-one-shot-joint-compression,HIGH,ALGORITHM_REJECTED,1,NA,NA,-2.7982970477341667,0.00266185192027546,NA,NA,NA,NA,NA,29,144,10.376344528752123
energy_event,51,h6-3.0,v4.1-one-shot-joint-compression,HIGH,ALGORITHM_REJECTED,1,NA,NA,-2.7983701910291754,0.0025887086252667224,NA,NA,NA,NA,NA,30,144,10.370826068151766
energy_event,51,h6-3.0,v4.1-one-shot-joint-compression,HIGH,ALGORITHM_REJECTED,1,NA,NA,-2.7984733350422495,0.0024855646121926256,NA,NA,NA,NA,NA,31,144,10.399995879561656
energy_event,51,h6-3.0,v4.1-one-shot-joint-compression,HIGH,ALGORITHM_REJECTED,1,NA,NA,-2.7985625979366806,0.0023963017177615065,NA,NA,NA,NA,NA,32,144,10.370982235688187
energy_event,51,h6-3.0,v4.1-one-shot-joint-compression,HIGH,ALGORITHM_REJECTED,1,NA,NA,-2.7986504219080346,0.0023084777464075223,NA,NA,NA,NA,NA,33,144,10.369687167754876
energy_event,51,h6-3.0,v4.1-one-shot-joint-compression,HIGH,ALGORITHM_REJECTED,1,NA,NA,-2.798679640175815,0.0022792594786271714,NA,NA,NA,NA,NA,34,144,10.313169658394845
energy_event,51,h6-3.0,v4.1-one-shot-joint-compression,HIGH,ALGORITHM_REJECTED,1,NA,NA,-2.7987270891882146,0.0022318104662275573,NA,NA,NA,NA,NA,35,144,10.303730825959038
energy_event,51,h6-3.0,v4.1-one-shot-joint-compression,HIGH,ALGORITHM_REJECTED,1,NA,NA,-2.7987751365827602,0.002183763071681888,NA,NA,NA,NA,NA,36,144,10.341287336982411
energy_event,51,h6-3.0,v4.1-one-shot-joint-compression,HIGH,ALGORITHM_REJECTED,1,NA,NA,-2.798807336591962,0.0021515630624802107,NA,NA,NA,NA,NA,37,144,10.307579648533311
energy_event,51,h6-3.0,v4.1-one-shot-joint-compression,HIGH,ALGORITHM_REJECTED,1,NA,NA,-2.798837310962152,0.0021215886922902882,NA,NA,NA,NA,NA,38,144,10.27940060827023
energy_event,51,h6-3.0,v4.1-one-shot-joint-compression,HIGH,ALGORITHM_REJECTED,1,NA,NA,-2.7988558241853867,0.0021030754690554154,NA,NA,NA,NA,NA,39,144,10.303670061370296
energy_event,51,h6-3.0,v4.1-one-shot-joint-compression,HIGH,ALGORITHM_REJECTED,1,NA,NA,-2.7988829024633852,0.0020759971910568886,NA,NA,NA,NA,NA,40,144,10.29431877433033
energy_event,51,h6-3.0,v4.1-one-shot-joint-compression,HIGH,ALGORITHM_REJECTED,1,NA,NA,-2.798914991453799,0.002043908200643152,NA,NA,NA,NA,NA,41,144,10.30398947206271
energy_event,51,h6-3.0,v4.1-one-shot-joint-compression,HIGH,ALGORITHM_REJECTED,1,NA,NA,-2.79892920713036,0.0020296925240819164,NA,NA,NA,NA,NA,42,144,10.335766709971761
energy_event,51,h6-3.0,v4.1-one-shot-joint-compression,HIGH,ALGORITHM_REJECTED,1,NA,NA,-2.7989457976293446,0.002013102025097524,NA,NA,NA,NA,NA,43,144,10.33346774349114
energy_event,51,h6-3.0,v4.1-one-shot-joint-compression,HIGH,ALGORITHM_REJECTED,1,NA,NA,-2.7989599604199475,0.001998939234494568,NA,NA,NA,NA,NA,44,144,10.305890798555254
energy_event,51,h6-3.0,v4.1-one-shot-joint-compression,HIGH,ALGORITHM_REJECTED,1,NA,NA,-2.7989698653248984,0.0019890343295436708,NA,NA,NA,NA,NA,45,144,10.32429602469751
energy_event,51,h6-3.0,v4.1-one-shot-joint-compression,HIGH,ALGORITHM_REJECTED,1,NA,NA,-2.7989830041758146,0.001975895478627532,NA,NA,NA,NA,NA,46,144,10.331468577328918
energy_event,51,h6-3.0,v4.1-one-shot-joint-compression,HIGH,ALGORITHM_REJECTED,1,NA,NA,-2.79899256731401,0.0019663323404319755,NA,NA,NA,NA,NA,47,144,10.335694173129427
energy_event,51,h6-3.0,v4.1-one-shot-joint-compression,HIGH,ALGORITHM_REJECTED,1,NA,NA,-2.7990001282554577,0.0019587713989843714,NA,NA,NA,NA,NA,48,144,10.29980251327404
energy_event,51,h6-3.0,v4.1-one-shot-joint-compression,HIGH,ALGORITHM_REJECTED,1,NA,NA,-2.7990091054926043,0.0019497941618378256,NA,NA,NA,NA,NA,49,144,10.274519980665909
energy_event,51,h6-3.0,v4.1-one-shot-joint-compression,HIGH,ALGORITHM_REJECTED,1,NA,NA,-2.7990207544762766,0.0019381451781654846,NA,NA,NA,NA,NA,50,144,10.238048363362779
energy_event,51,h6-3.0,v4.1-one-shot-joint-compression,HIGH,ALGORITHM_REJECTED,1,NA,NA,-2.7990328713044037,0.0019260283500384112,NA,NA,NA,NA,NA,51,144,10.174701758697923
energy_event,51,h6-3.0,v4.1-one-shot-joint-compression,HIGH,ALGORITHM_REJECTED,1,NA,NA,-2.7990431364164072,0.0019157632380348844,NA,NA,NA,NA,NA,52,144,10.115602400598842
energy_event,51,h6-3.0,v4.1-one-shot-joint-compression,HIGH,ALGORITHM_REJECTED,1,NA,NA,-2.799053440959064,0.0019054586953779484,NA,NA,NA,NA,NA,53,144,10.071109807293833
energy_event,51,h6-3.0,v4.1-one-shot-joint-compression,HIGH,ALGORITHM_REJECTED,1,NA,NA,-2.7990641626800046,0.0018947369744375386,NA,NA,NA,NA,NA,54,144,10.05741005289245
energy_event,51,h6-3.0,v4.1-one-shot-joint-compression,HIGH,ALGORITHM_REJECTED,1,NA,NA,-2.7990728885486704,0.00188601110577169,NA,NA,NA,NA,NA,55,144,10.053528576051045
energy_event,51,h6-3.0,v4.1-one-shot-joint-compression,HIGH,ALGORITHM_REJECTED,1,NA,NA,-2.7990820223439563,0.0018768773104858028,NA,NA,NA,NA,NA,56,144,10.004881825026258
energy_event,51,h6-3.0,v4.1-one-shot-joint-compression,HIGH,ALGORITHM_REJECTED,1,NA,NA,-2.799089672503763,0.0018692271506792757,NA,NA,NA,NA,NA,57,144,9.98078316273447
energy_event,51,h6-3.0,v4.1-one-shot-joint-compression,HIGH,ALGORITHM_REJECTED,1,NA,NA,-2.799095381989225,0.0018635176652170848,NA,NA,NA,NA,NA,58,144,9.97319168818142
energy_event,51,h6-3.0,v4.1-one-shot-joint-compression,HIGH,ALGORITHM_REJECTED,1,NA,NA,-2.799100942429529,0.0018579572249133314,NA,NA,NA,NA,NA,59,144,9.96983365428649
energy_event,51,h6-3.0,v4.1-one-shot-joint-compression,HIGH,ALGORITHM_REJECTED,1,NA,NA,-2.799103802943911,0.001855096710531079,NA,NA,NA,NA,NA,60,144,9.95522396026703
energy_event,51,h6-3.0,v4.1-one-shot-joint-compression,HIGH,ALGORITHM_REJECTED,1,NA,NA,-2.799107938066657,0.0018509615877850827,NA,NA,NA,NA,NA,61,144,9.956055913417803
energy_event,51,h6-3.0,v4.1-one-shot-joint-compression,HIGH,ALGORITHM_REJECTED,1,NA,NA,-2.7991120948253796,0.0018468048290625205,NA,NA,NA,NA,NA,62,144,9.963853490162704
energy_event,51,h6-3.0,v4.1-one-shot-joint-compression,HIGH,ALGORITHM_REJECTED,1,NA,NA,-2.7991145478511488,0.0018443518032933426,NA,NA,NA,NA,NA,63,144,9.948758290076237
energy_event,51,h6-3.0,v4.1-one-shot-joint-compression,HIGH,ALGORITHM_REJECTED,1,NA,NA,-2.7991162745975275,0.0018426250569145708,NA,NA,NA,NA,NA,64,144,9.96270269065395
energy_event,51,h6-3.0,v4.1-one-shot-joint-compression,HIGH,ALGORITHM_REJECTED,1,NA,NA,-2.7991183794574073,0.001840520197034845,NA,NA,NA,NA,NA,65,144,9.961096486423456
energy_event,51,h6-3.0,v4.1-one-shot-joint-compression,HIGH,ALGORITHM_REJECTED,1,NA,NA,-2.7991198414744596,0.0018390581799825334,NA,NA,NA,NA,NA,66,144,9.957942250425855
energy_event,51,h6-3.0,v4.1-one-shot-joint-compression,HIGH,ALGORITHM_REJECTED,1,NA,NA,-2.7991211660225184,0.0018377336319237436,NA,NA,NA,NA,NA,67,144,9.970419187091847
energy_event,51,h6-3.0,v4.1-one-shot-joint-compression,HIGH,ALGORITHM_REJECTED,1,NA,NA,-2.7991227911422807,0.0018361085121614273,NA,NA,NA,NA,NA,68,144,9.986726979191745
energy_event,51,h6-3.0,v4.1-one-shot-joint-compression,HIGH,ALGORITHM_REJECTED,1,NA,NA,-2.7991243042601566,0.001834595394285543,NA,NA,NA,NA,NA,69,144,9.995704826232235
energy_event,51,h6-3.0,v4.1-one-shot-joint-compression,HIGH,ALGORITHM_REJECTED,1,NA,NA,-2.7991254186995445,0.0018334809548976594,NA,NA,NA,NA,NA,70,144,10.014294309250975
energy_event,51,h6-3.0,v4.1-one-shot-joint-compression,HIGH,ALGORITHM_REJECTED,1,NA,NA,-2.799126382608922,0.0018325170455200102,NA,NA,NA,NA,NA,71,144,10.012440053856142
energy_event,51,h6-3.0,v4.1-one-shot-joint-compression,HIGH,ALGORITHM_REJECTED,1,NA,NA,-2.799127160770077,0.0018317388843649418,NA,NA,NA,NA,NA,72,144,10.012587262286559
energy_event,51,h6-3.0,v4.1-one-shot-joint-compression,HIGH,ALGORITHM_REJECTED,1,NA,NA,-2.79912782613897,0.0018310735154720703,NA,NA,NA,NA,NA,73,144,10.009275228778856
energy_event,51,h6-3.0,v4.1-one-shot-joint-compression,HIGH,ALGORITHM_REJECTED,1,NA,NA,-2.7991284276875015,0.0018304719669406389,NA,NA,NA,NA,NA,74,144,10.00991720248494
energy_event,51,h6-3.0,v4.1-one-shot-joint-compression,HIGH,ALGORITHM_REJECTED,1,NA,NA,-2.7991291155040328,0.0018297841504093526,NA,NA,NA,NA,NA,75,144,10.009527569973804
energy_event,51,h6-3.0,v4.1-one-shot-joint-compression,HIGH,ALGORITHM_REJECTED,1,NA,NA,-2.7991298510716947,0.0018290485827474612,NA,NA,NA,NA,NA,76,144,10.01055400408471
energy_event,51,h6-3.0,v4.1-one-shot-joint-compression,HIGH,ALGORITHM_REJECTED,1,NA,NA,-2.7991305575632475,0.0018283420911946457,NA,NA,NA,NA,NA,77,144,10.006962204239588
energy_event,51,h6-3.0,v4.1-one-shot-joint-compression,HIGH,ALGORITHM_REJECTED,1,NA,NA,-2.799131150651663,0.0018277490027789334,NA,NA,NA,NA,NA,78,144,10.006186386600918
energy_event,51,h6-3.0,v4.1-one-shot-joint-compression,HIGH,ALGORITHM_REJECTED,1,NA,NA,-2.799131755270411,0.0018271443840309765,NA,NA,NA,NA,NA,79,144,10.007550297633902
energy_event,51,h6-3.0,v4.1-one-shot-joint-compression,HIGH,ALGORITHM_REJECTED,1,NA,NA,-2.7991324277662692,0.0018264718881728648,NA,NA,NA,NA,NA,80,144,10.005833293787777
energy_event,51,h6-3.0,v4.1-one-shot-joint-compression,HIGH,ALGORITHM_REJECTED,1,NA,NA,-2.799133338847417,0.0018255608070250062,NA,NA,NA,NA,NA,81,144,10.00548990645411
energy_event,51,h6-3.0,v4.1-one-shot-joint-compression,HIGH,ALGORITHM_REJECTED,1,NA,NA,-2.799134122057351,0.0018247775970912095,NA,NA,NA,NA,NA,82,144,9.999981181688957
energy_event,51,h6-3.0,v4.1-one-shot-joint-compression,HIGH,ALGORITHM_REJECTED,1,NA,NA,-2.799135013126495,0.0018238865279469607,NA,NA,NA,NA,NA,83,144,9.99606968605156
energy_event,51,h6-3.0,v4.1-one-shot-joint-compression,HIGH,ALGORITHM_REJECTED,1,NA,NA,-2.799136079007574,0.0018228206468680064,NA,NA,NA,NA,NA,84,144,9.985532609908471
energy_event,51,h6-3.0,v4.1-one-shot-joint-compression,HIGH,ALGORITHM_REJECTED,1,NA,NA,-2.799137106117854,0.0018217935365880678,NA,NA,NA,NA,NA,85,144,9.978749973069165
energy_event,51,h6-3.0,v4.1-one-shot-joint-compression,HIGH,ALGORITHM_REJECTED,1,NA,NA,-2.7991382691836355,0.0018206304708066057,NA,NA,NA,NA,NA,86,144,9.974997305327559
energy_event,51,h6-3.0,v4.1-one-shot-joint-compression,HIGH,ALGORITHM_REJECTED,1,NA,NA,-2.7991394597783787,0.0018194398760633668,NA,NA,NA,NA,NA,87,144,9.968585589815369
energy_event,51,h6-3.0,v4.1-one-shot-joint-compression,HIGH,ALGORITHM_REJECTED,1,NA,NA,-2.799140554792883,0.0018183448615589626,NA,NA,NA,NA,NA,88,144,9.965339636775449
energy_event,51,h6-3.0,v4.1-one-shot-joint-compression,HIGH,ALGORITHM_REJECTED,1,NA,NA,-2.7991417004422736,0.0018171992121684966,NA,NA,NA,NA,NA,89,144,9.959265547774825
energy_event,51,h6-3.0,v4.1-one-shot-joint-compression,HIGH,ALGORITHM_REJECTED,1,NA,NA,-2.7991426605321577,0.0018162391222844576,NA,NA,NA,NA,NA,90,144,9.952413448768786
energy_event,51,h6-3.0,v4.1-one-shot-joint-compression,HIGH,ALGORITHM_REJECTED,1,NA,NA,-2.7991436087371167,0.0018152909173254628,NA,NA,NA,NA,NA,91,144,9.93671843081801
energy_event,51,h6-3.0,v4.1-one-shot-joint-compression,HIGH,ALGORITHM_REJECTED,1,NA,NA,-2.799144884561124,0.0018140150933181332,NA,NA,NA,NA,NA,92,144,9.932232882096486
energy_event,51,h6-3.0,v4.1-one-shot-joint-compression,HIGH,ALGORITHM_REJECTED,1,NA,NA,-2.799146685415974,0.0018122142384680018,NA,NA,NA,NA,NA,93,144,9.916985317633237
energy_event,51,h6-3.0,v4.1-one-shot-joint-compression,HIGH,ALGORITHM_REJECTED,1,NA,NA,-2.7991485961298457,0.001810303524596435,NA,NA,NA,NA,NA,94,144,9.895814690579195
energy_event,51,h6-3.0,v4.1-one-shot-joint-compression,HIGH,ALGORITHM_REJECTED,1,NA,NA,-2.799149801100892,0.001809098553549937,NA,NA,NA,NA,NA,95,144,9.887450063034231
energy_event,51,h6-3.0,v4.1-one-shot-joint-compression,HIGH,ALGORITHM_REJECTED,1,NA,NA,-2.7991511433165894,0.001807756337852684,NA,NA,NA,NA,NA,96,144,9.874886900071607
energy_event,51,h6-3.0,v4.1-one-shot-joint-compression,HIGH,ALGORITHM_REJECTED,1,NA,NA,-2.799152567226039,0.0018063324284032234,NA,NA,NA,NA,NA,97,144,9.877472252915425
energy_event,51,h6-3.0,v4.1-one-shot-joint-compression,HIGH,ALGORITHM_REJECTED,1,NA,NA,-2.7991540818529557,0.0018048178014864469,NA,NA,NA,NA,NA,98,144,9.869395253322121
energy_event,51,h6-3.0,v4.1-one-shot-joint-compression,HIGH,ALGORITHM_REJECTED,1,NA,NA,-2.79915590834815,0.0018029913062922454,NA,NA,NA,NA,NA,99,144,9.857166933730802
energy_event,51,h6-3.0,v4.1-one-shot-joint-compression,HIGH,ALGORITHM_REJECTED,1,NA,NA,-2.799157786405423,0.001801113249018993,NA,NA,NA,NA,NA,100,144,9.856374537555736
energy_event,51,h6-3.0,v4.1-one-shot-joint-compression,HIGH,ALGORITHM_REJECTED,1,NA,NA,-2.7991587842220076,0.0018001154324345237,NA,NA,NA,NA,NA,101,144,9.846700142035195
energy_event,51,h6-3.0,v4.1-one-shot-joint-compression,HIGH,ALGORITHM_REJECTED,1,NA,NA,-2.799160433513013,0.0017984661414289782,NA,NA,NA,NA,NA,102,144,9.852574306800646
energy_event,51,h6-3.0,v4.1-one-shot-joint-compression,HIGH,ALGORITHM_REJECTED,1,NA,NA,-2.799162947449918,0.0017959522045241094,NA,NA,NA,NA,NA,103,144,9.86469111955596
energy_event,51,h6-3.0,v4.1-one-shot-joint-compression,HIGH,ALGORITHM_REJECTED,1,NA,NA,-2.79916558247742,0.0017933171770221357,NA,NA,NA,NA,NA,104,144,9.878751819509658
energy_event,51,h6-3.0,v4.1-one-shot-joint-compression,HIGH,ALGORITHM_REJECTED,1,NA,NA,-2.799167203898261,0.0017916957561809888,NA,NA,NA,NA,NA,105,144,9.88966931853364
energy_event,51,h6-3.0,v4.1-one-shot-joint-compression,HIGH,ALGORITHM_REJECTED,1,NA,NA,-2.799168853286274,0.0017900463681681522,NA,NA,NA,NA,NA,106,144,9.899515574656307
energy_event,51,h6-3.0,v4.1-one-shot-joint-compression,HIGH,ALGORITHM_REJECTED,1,NA,NA,-2.7991702931931437,0.0017886064612984143,NA,NA,NA,NA,NA,107,144,9.904076245020223
energy_event,51,h6-3.0,v4.1-one-shot-joint-compression,HIGH,ALGORITHM_REJECTED,1,NA,NA,-2.799171924332905,0.0017869753215369322,NA,NA,NA,NA,NA,108,144,9.913422082607145
energy_event,51,h6-3.0,v4.1-one-shot-joint-compression,HIGH,ALGORITHM_REJECTED,1,NA,NA,-2.7991732604581445,0.0017856391962975948,NA,NA,NA,NA,NA,109,144,9.922041028138874
energy_event,51,h6-3.0,v4.1-one-shot-joint-compression,HIGH,ALGORITHM_REJECTED,1,NA,NA,-2.799174461596101,0.0017844380583409425,NA,NA,NA,NA,NA,110,144,9.930212759383338
energy_event,51,h6-3.0,v4.1-one-shot-joint-compression,HIGH,ALGORITHM_REJECTED,1,NA,NA,-2.7991758187055362,0.0017830809489058908,NA,NA,NA,NA,NA,111,144,9.939854762166151
energy_event,51,h6-3.0,v4.1-one-shot-joint-compression,HIGH,ALGORITHM_REJECTED,1,NA,NA,-2.7991766537550684,0.0017822458993737023,NA,NA,NA,NA,NA,112,144,9.939757261183505
energy_event,51,h6-3.0,v4.1-one-shot-joint-compression,HIGH,ALGORITHM_REJECTED,1,NA,NA,-2.799177729024436,0.001781170630005935,NA,NA,NA,NA,NA,113,144,9.937661770383844
energy_event,51,h6-3.0,v4.1-one-shot-joint-compression,HIGH,ALGORITHM_REJECTED,1,NA,NA,-2.7991785522972097,0.0017803473572324258,NA,NA,NA,NA,NA,114,144,9.931198598669946
energy_event,51,h6-3.0,v4.1-one-shot-joint-compression,HIGH,ALGORITHM_REJECTED,1,NA,NA,-2.79917944183397,0.0017794578204721745,NA,NA,NA,NA,NA,115,144,9.926049099784308
energy_event,51,h6-3.0,v4.1-one-shot-joint-compression,HIGH,ALGORITHM_REJECTED,1,NA,NA,-2.7991805687916913,0.0017783308627508099,NA,NA,NA,NA,NA,116,144,9.91893980448141
energy_event,51,h6-3.0,v4.1-one-shot-joint-compression,HIGH,ALGORITHM_REJECTED,1,NA,NA,-2.7991819328855665,0.0017769667688756208,NA,NA,NA,NA,NA,117,144,9.90851443400883
energy_event,51,h6-3.0,v4.1-one-shot-joint-compression,HIGH,ALGORITHM_REJECTED,1,NA,NA,-2.7991832760842557,0.0017756235701864576,NA,NA,NA,NA,NA,118,144,9.901567957014421
energy_event,51,h6-3.0,v4.1-one-shot-joint-compression,HIGH,ALGORITHM_REJECTED,1,NA,NA,-2.7991848062972005,0.0017740933572416573,NA,NA,NA,NA,NA,119,144,9.894070333133536
energy_event,51,h6-3.0,v4.1-one-shot-joint-compression,HIGH,ALGORITHM_REJECTED,1,NA,NA,-2.7991862973768056,0.0017726022776365369,NA,NA,NA,NA,NA,120,144,9.88595684573819
energy_event,51,h6-3.0,v4.1-one-shot-joint-compression,HIGH,ALGORITHM_REJECTED,1,NA,NA,-2.7991880168920527,0.0017708827623894585,NA,NA,NA,NA,NA,121,144,9.885436174733906
energy_event,51,h6-3.0,v4.1-one-shot-joint-compression,HIGH,ALGORITHM_REJECTED,1,NA,NA,-2.7991891910107256,0.0017697086437165055,NA,NA,NA,NA,NA,122,144,9.874429266871774
energy_event,51,h6-3.0,v4.1-one-shot-joint-compression,HIGH,ALGORITHM_REJECTED,1,NA,NA,-2.7991906492901113,0.0017682503643308145,NA,NA,NA,NA,NA,123,144,9.87666760483879
energy_event,51,h6-3.0,v4.1-one-shot-joint-compression,HIGH,ALGORITHM_REJECTED,1,NA,NA,-2.7991923872100513,0.0017665124443908553,NA,NA,NA,NA,NA,124,144,9.873072820695807
energy_event,51,h6-3.0,v4.1-one-shot-joint-compression,HIGH,ALGORITHM_REJECTED,1,NA,NA,-2.7991941852355504,0.0017647144188916997,NA,NA,NA,NA,NA,125,144,9.863312891094566
energy_event,51,h6-3.0,v4.1-one-shot-joint-compression,HIGH,ALGORITHM_REJECTED,1,NA,NA,-2.7991961662866998,0.001762733367742353,NA,NA,NA,NA,NA,126,144,9.856916620589036
energy_event,51,h6-3.0,v4.1-one-shot-joint-compression,HIGH,ALGORITHM_REJECTED,1,NA,NA,-2.7991978979817556,0.0017610016726865574,NA,NA,NA,NA,NA,127,144,9.840223994732481
energy_event,51,h6-3.0,v4.1-one-shot-joint-compression,HIGH,ALGORITHM_REJECTED,1,NA,NA,-2.79919985749021,0.0017590421642319498,NA,NA,NA,NA,NA,128,144,9.833947875932294
energy_event,51,h6-3.0,v4.1-one-shot-joint-compression,HIGH,ALGORITHM_REJECTED,1,NA,NA,-2.799202376185028,0.0017565234694139065,NA,NA,NA,NA,NA,129,144,9.82756594009438
energy_event,51,h6-3.0,v4.1-one-shot-joint-compression,HIGH,ALGORITHM_REJECTED,1,NA,NA,-2.7992050494368863,0.001753850217555808,NA,NA,NA,NA,NA,130,144,9.826864131313414
energy_event,51,h6-3.0,v4.1-one-shot-joint-compression,HIGH,ALGORITHM_REJECTED,1,NA,NA,-2.7992074814775902,0.001751418176851871,NA,NA,NA,NA,NA,131,144,9.808007151509335
energy_event,51,h6-3.0,v4.1-one-shot-joint-compression,HIGH,ALGORITHM_REJECTED,1,NA,NA,-2.7992099161382953,0.0017489835161468292,NA,NA,NA,NA,NA,132,144,9.79162197609521
energy_event,51,h6-3.0,v4.1-one-shot-joint-compression,HIGH,ALGORITHM_REJECTED,1,NA,NA,-2.799210973647843,0.0017479260065988989,NA,NA,NA,NA,NA,133,144,9.771929734682665
energy_event,51,h6-3.0,v4.1-one-shot-joint-compression,HIGH,ALGORITHM_REJECTED,1,NA,NA,-2.7992123962178743,0.0017465034365677923,NA,NA,NA,NA,NA,134,144,9.770799918050542
energy_event,51,h6-3.0,v4.1-one-shot-joint-compression,HIGH,ALGORITHM_REJECTED,1,NA,NA,-2.7992136957767175,0.0017452038777245882,NA,NA,NA,NA,NA,135,144,9.770246436601962
energy_event,51,h6-3.0,v4.1-one-shot-joint-compression,HIGH,ALGORITHM_REJECTED,1,NA,NA,-2.799214662271222,0.0017442373832201596,NA,NA,NA,NA,NA,136,144,9.7635515539292
energy_event,51,h6-3.0,v4.1-one-shot-joint-compression,HIGH,ALGORITHM_REJECTED,1,NA,NA,-2.7992156519563447,0.0017432476980974165,NA,NA,NA,NA,NA,137,144,9.760754551987128
energy_event,51,h6-3.0,v4.1-one-shot-joint-compression,HIGH,ALGORITHM_REJECTED,1,NA,NA,-2.799216512349887,0.0017423873045552263,NA,NA,NA,NA,NA,138,144,9.752277178800835
energy_event,51,h6-3.0,v4.1-one-shot-joint-compression,HIGH,ALGORITHM_REJECTED,1,NA,NA,-2.799217090755603,0.0017418088988390146,NA,NA,NA,NA,NA,139,144,9.758459785517893
energy_event,51,h6-3.0,v4.1-one-shot-joint-compression,HIGH,ALGORITHM_REJECTED,1,NA,NA,-2.799217688095129,0.0017412115593131716,NA,NA,NA,NA,NA,140,144,9.75931253782179
energy_event,51,h6-3.0,v4.1-one-shot-joint-compression,HIGH,ALGORITHM_REJECTED,1,NA,NA,-2.7992182030420056,0.0017406966124364764,NA,NA,NA,NA,NA,141,144,9.759637624705073
energy_event,51,h6-3.0,v4.1-one-shot-joint-compression,HIGH,ALGORITHM_REJECTED,1,NA,NA,-2.7992187938486843,0.0017401058057577856,NA,NA,NA,NA,NA,142,144,9.76268259732086
energy_event,51,h6-3.0,v4.1-one-shot-joint-compression,HIGH,ALGORITHM_REJECTED,1,NA,NA,-2.79921928133271,0.0017396183217321948,NA,NA,NA,NA,NA,143,144,9.75844280383696
energy_event,51,h6-3.0,v4.1-one-shot-joint-compression,HIGH,ALGORITHM_REJECTED,1,NA,NA,-2.7992195835325386,0.001739316121903478,NA,NA,NA,NA,NA,144,144,9.764389804041604
energy_event,51,h6-3.0,v4.1-one-shot-joint-compression,HIGH,ALGORITHM_REJECTED,1,NA,NA,-2.799219866965224,0.0017390326892181562,NA,NA,NA,NA,NA,145,144,9.760538366787756
energy_event,51,h6-3.0,v4.1-one-shot-joint-compression,HIGH,ALGORITHM_REJECTED,1,NA,NA,-2.7992200959310107,0.0017388037234313813,NA,NA,NA,NA,NA,146,144,9.757762439610257
energy_event,51,h6-3.0,v4.1-one-shot-joint-compression,HIGH,ALGORITHM_REJECTED,1,NA,NA,-2.7992202928125662,0.0017386068418758782,NA,NA,NA,NA,NA,147,144,9.758152334922771
energy_event,51,h6-3.0,v4.1-one-shot-joint-compression,HIGH,ALGORITHM_REJECTED,1,NA,NA,-2.799220548760822,0.0017383508936199554,NA,NA,NA,NA,NA,148,144,9.761034387865966
energy_event,51,h6-3.0,v4.1-one-shot-joint-compression,HIGH,ALGORITHM_REJECTED,1,NA,NA,-2.7992207897428707,0.0017381099115714171,NA,NA,NA,NA,NA,149,144,9.763051726625138
energy_event,51,h6-3.0,v4.1-one-shot-joint-compression,HIGH,ALGORITHM_REJECTED,1,NA,NA,-2.799221034613635,0.001737865040807307,NA,NA,NA,NA,NA,150,144,9.76315398320475
energy_event,51,h6-3.0,v4.1-one-shot-joint-compression,HIGH,ALGORITHM_REJECTED,1,NA,NA,-2.7992212306945095,0.001737668959932659,NA,NA,NA,NA,NA,151,144,9.76082953022805
energy_event,51,h6-3.0,v4.1-one-shot-joint-compression,HIGH,ALGORITHM_REJECTED,1,NA,NA,-2.799221418769937,0.0017374808845049827,NA,NA,NA,NA,NA,152,144,9.756245433392614
energy_event,51,h6-3.0,v4.1-one-shot-joint-compression,HIGH,ALGORITHM_REJECTED,1,NA,NA,-2.7992215731151715,0.0017373265392706116,NA,NA,NA,NA,NA,153,144,9.753458593895436
energy_event,51,h6-3.0,v4.1-one-shot-joint-compression,HIGH,ALGORITHM_REJECTED,1,NA,NA,-2.799221679633716,0.0017372200207259603,NA,NA,NA,NA,NA,154,144,9.749971054450155
energy_event,51,h6-3.0,v4.1-one-shot-joint-compression,HIGH,ALGORITHM_REJECTED,1,NA,NA,-2.7992217739351233,0.0017371257193188328,NA,NA,NA,NA,NA,155,144,9.75082471577559
energy_event,51,h6-3.0,v4.1-one-shot-joint-compression,HIGH,ALGORITHM_REJECTED,1,NA,NA,-2.799221850903069,0.0017370487513730382,NA,NA,NA,NA,NA,156,144,9.751460632566062
energy_event,51,h6-3.0,v4.1-one-shot-joint-compression,HIGH,ALGORITHM_REJECTED,1,NA,NA,-2.7992219132592235,0.001736986395218576,NA,NA,NA,NA,NA,157,144,9.752524081816299
energy_event,51,h6-3.0,v4.1-one-shot-joint-compression,HIGH,ALGORITHM_REJECTED,1,NA,NA,-2.799221969659246,0.0017369299951961459,NA,NA,NA,NA,NA,158,144,9.753819270347032
energy_event,51,h6-3.0,v4.1-one-shot-joint-compression,HIGH,ALGORITHM_REJECTED,1,NA,NA,-2.7992220205872087,0.00173687906723341,NA,NA,NA,NA,NA,159,144,9.754077560556249
energy_event,51,h6-3.0,v4.1-one-shot-joint-compression,HIGH,ALGORITHM_REJECTED,1,NA,NA,-2.7992220621361423,0.001736837518299783,NA,NA,NA,NA,NA,160,144,9.756143690684294
energy_event,51,h6-3.0,v4.1-one-shot-joint-compression,HIGH,ALGORITHM_REJECTED,1,NA,NA,-2.7992220961971874,0.0017368034572546875,NA,NA,NA,NA,NA,161,144,9.757522389109388
energy_event,51,h6-3.0,v4.1-one-shot-joint-compression,HIGH,ALGORITHM_REJECTED,1,NA,NA,-2.7992221311168555,0.0017367685375866415,NA,NA,NA,NA,NA,162,144,9.75977330356705
energy_event,51,h6-3.0,v4.1-one-shot-joint-compression,HIGH,ALGORITHM_REJECTED,1,NA,NA,-2.7992221718543244,0.0017367278001176878,NA,NA,NA,NA,NA,163,144,9.763017723841255
energy_event,51,h6-3.0,v4.1-one-shot-joint-compression,HIGH,ALGORITHM_REJECTED,1,NA,NA,-2.799222213292713,0.0017366863617289674,NA,NA,NA,NA,NA,164,144,9.766935408753321
energy_event,51,h6-3.0,v4.1-one-shot-joint-compression,HIGH,ALGORITHM_REJECTED,1,NA,NA,-2.799222245434192,0.0017366542202501556,NA,NA,NA,NA,NA,165,144,9.770060788673147
energy_event,51,h6-3.0,v4.1-one-shot-joint-compression,HIGH,ALGORITHM_REJECTED,1,NA,NA,-2.799222268848817,0.00173663080562525,NA,NA,NA,NA,NA,166,144,9.772388118891016
energy_event,51,h6-3.0,v4.1-one-shot-joint-compression,HIGH,ALGORITHM_REJECTED,1,NA,NA,-2.79922229111757,0.0017366085368721862,NA,NA,NA,NA,NA,167,144,9.774462311559839
energy_event,51,h6-3.0,v4.1-one-shot-joint-compression,HIGH,ALGORITHM_REJECTED,1,NA,NA,-2.799222314849975,0.001736584804467256,NA,NA,NA,NA,NA,168,144,9.776497505606477
energy_event,51,h6-3.0,v4.1-one-shot-joint-compression,HIGH,ALGORITHM_REJECTED,1,NA,NA,-2.799222335658284,0.0017365639961579582,NA,NA,NA,NA,NA,169,144,9.778515945646557
energy_event,51,h6-3.0,v4.1-one-shot-joint-compression,HIGH,ALGORITHM_REJECTED,1,NA,NA,-2.799222351634006,0.0017365480204363237,NA,NA,NA,NA,NA,170,144,9.7799824838283
energy_event,51,h6-3.0,v4.1-one-shot-joint-compression,HIGH,ALGORITHM_REJECTED,1,NA,NA,-2.7992223641082674,0.0017365355461747,NA,NA,NA,NA,NA,171,144,9.780622969472864
energy_event,51,h6-3.0,v4.1-one-shot-joint-compression,HIGH,ALGORITHM_REJECTED,1,NA,NA,-2.7992223768218434,0.0017365228325987303,NA,NA,NA,NA,NA,172,144,9.781195716268437
energy_event,51,h6-3.0,v4.1-one-shot-joint-compression,HIGH,ALGORITHM_REJECTED,1,NA,NA,-2.799222389120214,0.001736510534227964,NA,NA,NA,NA,NA,173,144,9.781246117162873
energy_event,51,h6-3.0,v4.1-one-shot-joint-compression,HIGH,ALGORITHM_REJECTED,1,NA,NA,-2.7992223987396625,0.001736500914779615,NA,NA,NA,NA,NA,174,144,9.781376133458188
energy_event,51,h6-3.0,v4.1-one-shot-joint-compression,HIGH,ALGORITHM_REJECTED,1,NA,NA,-2.799222406263162,0.001736493391280014,NA,NA,NA,NA,NA,175,144,9.781370019981873
energy_event,51,h6-3.0,v4.1-one-shot-joint-compression,HIGH,ALGORITHM_REJECTED,1,NA,NA,-2.799222413896661,0.001736485757781292,NA,NA,NA,NA,NA,176,144,9.781632506726321
energy_event,51,h6-3.0,v4.1-one-shot-joint-compression,HIGH,ALGORITHM_REJECTED,1,NA,NA,-2.7992224210834813,0.00173647857096082,NA,NA,NA,NA,NA,177,144,9.781817964455021
energy_event,51,h6-3.0,v4.1-one-shot-joint-compression,HIGH,ALGORITHM_REJECTED,1,NA,NA,-2.7992224262523884,0.0017364734020537398,NA,NA,NA,NA,NA,178,144,9.782115505048036
energy_event,51,h6-3.0,v4.1-one-shot-joint-compression,HIGH,ALGORITHM_REJECTED,1,NA,NA,-2.7992224296909414,0.001736469963500742,NA,NA,NA,NA,NA,179,144,9.782366934332254
energy_event,51,h6-3.0,v4.1-one-shot-joint-compression,HIGH,ALGORITHM_REJECTED,1,NA,NA,-2.799222432229237,0.0017364674252049461,NA,NA,NA,NA,NA,180,144,9.782685509491706
energy_event,51,h6-3.0,v4.1-one-shot-joint-compression,HIGH,ALGORITHM_REJECTED,1,NA,NA,-2.799222434221739,0.001736465432703227,NA,NA,NA,NA,NA,181,144,9.783006129837078
energy_event,51,h6-3.0,v4.1-one-shot-joint-compression,HIGH,ALGORITHM_REJECTED,1,NA,NA,-2.799222435949782,0.001736463704660185,NA,NA,NA,NA,NA,182,144,9.783331414602204
energy_event,51,h6-3.0,v4.1-one-shot-joint-compression,HIGH,ALGORITHM_REJECTED,1,NA,NA,-2.799222437634775,0.001736462019667151,NA,NA,NA,NA,NA,183,144,9.783541416694266
energy_event,51,h6-3.0,v4.1-one-shot-joint-compression,HIGH,ALGORITHM_REJECTED,1,NA,NA,-2.799222439299959,0.0017364603544831603,NA,NA,NA,NA,NA,184,144,9.7836356904615
energy_event,51,h6-3.0,v4.1-one-shot-joint-compression,HIGH,ALGORITHM_REJECTED,1,NA,NA,-2.799222440768372,0.0017364588860702135,NA,NA,NA,NA,NA,185,144,9.783495013823435
energy_event,51,h6-3.0,v4.1-one-shot-joint-compression,HIGH,ALGORITHM_REJECTED,1,NA,NA,-2.7992224418274483,0.0017364578269938313,NA,NA,NA,NA,NA,186,144,9.783257412665751
energy_event,51,h6-3.0,v4.1-one-shot-joint-compression,HIGH,ALGORITHM_REJECTED,1,NA,NA,-2.7992224424945102,0.0017364571599318701,NA,NA,NA,NA,NA,187,144,9.78298290153394
energy_event,51,h6-3.0,v4.1-one-shot-joint-compression,HIGH,ALGORITHM_REJECTED,1,NA,NA,-2.79922244295558,0.0017364566988620211,NA,NA,NA,NA,NA,188,144,9.782816596565155
energy_event,51,h6-3.0,v4.1-one-shot-joint-compression,HIGH,ALGORITHM_REJECTED,1,NA,NA,-2.7992224433548523,0.0017364562995898503,NA,NA,NA,NA,NA,189,144,9.782704066454615
energy_event,51,h6-3.0,v4.1-one-shot-joint-compression,HIGH,ALGORITHM_REJECTED,1,NA,NA,-2.799222443749513,0.0017364559049291017,NA,NA,NA,NA,NA,190,144,9.782661851940533
energy_event,51,h6-3.0,v4.1-one-shot-joint-compression,HIGH,ALGORITHM_REJECTED,1,NA,NA,-2.7992224441469307,0.0017364555075114474,NA,NA,NA,NA,NA,191,144,9.782643711549776
energy_event,51,h6-3.0,v4.1-one-shot-joint-compression,HIGH,ALGORITHM_REJECTED,1,NA,NA,-2.799222444564715,0.0017364550897269737,NA,NA,NA,NA,NA,192,144,9.782656309576513
energy_event,51,h6-3.0,v4.1-one-shot-joint-compression,HIGH,ALGORITHM_REJECTED,1,NA,NA,-2.7992224449875773,0.001736454666864784,NA,NA,NA,NA,NA,193,144,9.782659045760436
energy_event,51,h6-3.0,v4.1-one-shot-joint-compression,HIGH,ALGORITHM_REJECTED,1,NA,NA,-2.7992224453783474,0.001736454276094701,NA,NA,NA,NA,NA,194,144,9.782680168630543
energy_event,51,h6-3.0,v4.1-one-shot-joint-compression,HIGH,ALGORITHM_REJECTED,1,NA,NA,-2.799222445741598,0.0017364539128439382,NA,NA,NA,NA,NA,195,144,9.782697661179483
energy_event,51,h6-3.0,v4.1-one-shot-joint-compression,HIGH,ALGORITHM_REJECTED,1,NA,NA,-2.799222446140231,0.0017364535142112558,NA,NA,NA,NA,NA,196,144,9.782749366507531
energy_event,51,h6-3.0,v4.1-one-shot-joint-compression,HIGH,ALGORITHM_REJECTED,1,NA,NA,-2.799222446639808,0.0017364530146339874,NA,NA,NA,NA,NA,197,144,9.782830248577673
energy_event,51,h6-3.0,v4.1-one-shot-joint-compression,HIGH,ALGORITHM_REJECTED,1,NA,NA,-2.799222447263432,0.0017364523910101681,NA,NA,NA,NA,NA,198,144,9.782970162190814
energy_event,51,h6-3.0,v4.1-one-shot-joint-compression,HIGH,ALGORITHM_REJECTED,1,NA,NA,-2.7992224480015397,0.001736451652902371,NA,NA,NA,NA,NA,199,144,9.78315060205183
energy_event,51,h6-3.0,v4.1-one-shot-joint-compression,HIGH,ALGORITHM_REJECTED,1,NA,NA,-2.7992224488793678,0.0017364507750743385,NA,NA,NA,NA,NA,200,144,9.78338602973687
energy_event,51,h6-3.0,v4.1-one-shot-joint-compression,HIGH,ALGORITHM_REJECTED,1,NA,NA,-2.7992224500040868,0.001736449650355354,NA,NA,NA,NA,NA,201,144,9.783686126757969
energy_event,51,h6-3.0,v4.1-one-shot-joint-compression,HIGH,ALGORITHM_REJECTED,1,NA,NA,-2.7992224515061004,0.0017364481483417293,NA,NA,NA,NA,NA,202,144,9.784102099733147
energy_event,51,h6-3.0,v4.1-one-shot-joint-compression,HIGH,ALGORITHM_REJECTED,1,NA,NA,-2.7992224533625287,0.001736446291913385,NA,NA,NA,NA,NA,203,144,9.784626243342256
energy_event,51,h6-3.0,v4.1-one-shot-joint-compression,HIGH,ALGORITHM_REJECTED,1,NA,NA,-2.7992224552906864,0.0017364443637557514,NA,NA,NA,NA,NA,204,144,9.785178406896932
energy_event,51,h6-3.0,v4.1-one-shot-joint-compression,HIGH,ALGORITHM_REJECTED,1,NA,NA,-2.7992224569657993,0.0017364426886428141,NA,NA,NA,NA,NA,205,144,9.785625980344996
energy_event,51,h6-3.0,v4.1-one-shot-joint-compression,HIGH,ALGORITHM_REJECTED,1,NA,NA,-2.7992224583538907,0.0017364413005513946,NA,NA,NA,NA,NA,206,144,9.785942384456838
energy_event,51,h6-3.0,v4.1-one-shot-joint-compression,HIGH,ALGORITHM_REJECTED,1,NA,NA,-2.799222459654409,0.001736440000033035,NA,NA,NA,NA,NA,207,144,9.786186809974744
energy_event,51,h6-3.0,v4.1-one-shot-joint-compression,HIGH,ALGORITHM_REJECTED,1,NA,NA,-2.7992224610025525,0.0017364386518896602,NA,NA,NA,NA,NA,208,144,9.786398738124046
energy_event,51,h6-3.0,v4.1-one-shot-joint-compression,HIGH,ALGORITHM_REJECTED,1,NA,NA,-2.7992224623466395,0.0017364373078025963,NA,NA,NA,NA,NA,209,144,9.786591678916599
energy_event,51,h6-3.0,v4.1-one-shot-joint-compression,HIGH,ALGORITHM_REJECTED,1,NA,NA,-2.7992224635821663,0.0017364360722758043,NA,NA,NA,NA,NA,210,144,9.786746621516661
energy_event,51,h6-3.0,v4.1-one-shot-joint-compression,HIGH,ALGORITHM_REJECTED,1,NA,NA,-2.799222464649234,0.0017364350052080368,NA,NA,NA,NA,NA,211,144,9.786901606007579
energy_event,51,h6-3.0,v4.1-one-shot-joint-compression,HIGH,ALGORITHM_REJECTED,1,NA,NA,-2.7992224655490614,0.001736434105380713,NA,NA,NA,NA,NA,212,144,9.78705530228865
energy_event,51,h6-3.0,v4.1-one-shot-joint-compression,HIGH,ALGORITHM_REJECTED,1,NA,NA,-2.799222466315538,0.0017364333389040532,NA,NA,NA,NA,NA,213,144,9.78726747848019
energy_event,51,h6-3.0,v4.1-one-shot-joint-compression,HIGH,ALGORITHM_REJECTED,1,NA,NA,-2.79922246702397,0.0017364326304720734,NA,NA,NA,NA,NA,214,144,9.78749973665976
energy_event,51,h6-3.0,v4.1-one-shot-joint-compression,HIGH,ALGORITHM_REJECTED,1,NA,NA,-2.7992224677696123,0.0017364318848298588,NA,NA,NA,NA,NA,215,144,9.78780797685203
energy_event,51,h6-3.0,v4.1-one-shot-joint-compression,HIGH,ALGORITHM_REJECTED,1,NA,NA,-2.799222468647942,0.0017364310065000055,NA,NA,NA,NA,NA,216,144,9.78814030211768
energy_event,51,h6-3.0,v4.1-one-shot-joint-compression,HIGH,ALGORITHM_REJECTED,1,NA,NA,-2.799222469680819,0.0017364299736231104,NA,NA,NA,NA,NA,217,144,9.788537263783178
energy_event,51,h6-3.0,v4.1-one-shot-joint-compression,HIGH,ALGORITHM_REJECTED,1,NA,NA,-2.79922247074078,0.0017364289136621025,NA,NA,NA,NA,NA,218,144,9.78884901237502
energy_event,51,h6-3.0,v4.1-one-shot-joint-compression,HIGH,ALGORITHM_REJECTED,1,NA,NA,-2.799222471617832,0.0017364280366098939,NA,NA,NA,NA,NA,219,144,9.789077038504978
energy_event,51,h6-3.0,v4.1-one-shot-joint-compression,HIGH,ALGORITHM_REJECTED,1,NA,NA,-2.799222472256383,0.001736427398058904,NA,NA,NA,NA,NA,220,144,9.78911449542016
energy_event,51,h6-3.0,v4.1-one-shot-joint-compression,HIGH,ALGORITHM_REJECTED,1,NA,NA,-2.799222472731892,0.0017364269225499385,NA,NA,NA,NA,NA,221,144,9.78916869389596
energy_event,51,h6-3.0,v4.1-one-shot-joint-compression,HIGH,ALGORITHM_REJECTED,1,NA,NA,-2.7992224731042072,0.0017364265502348708,NA,NA,NA,NA,NA,222,144,9.78911584380557
energy_event,51,h6-3.0,v4.1-one-shot-joint-compression,HIGH,ALGORITHM_REJECTED,1,NA,NA,-2.7992224733626094,0.0017364262918326823,NA,NA,NA,NA,NA,223,144,9.7892040484253
energy_event,51,h6-3.0,v4.1-one-shot-joint-compression,HIGH,ALGORITHM_REJECTED,1,NA,NA,-2.7992224735225615,0.0017364261318806307,NA,NA,NA,NA,NA,224,144,9.78920415011245
energy_event,51,h6-3.0,v4.1-one-shot-joint-compression,HIGH,ALGORITHM_REJECTED,1,NA,NA,-2.799222473626867,0.0017364260275751775,NA,NA,NA,NA,NA,225,144,9.789279935229372
energy_event,51,h6-3.0,v4.1-one-shot-joint-compression,HIGH,ALGORITHM_REJECTED,1,NA,NA,-2.7992224737120646,0.0017364259423775508,NA,NA,NA,NA,NA,226,144,9.78933198540408
energy_event,51,h6-3.0,v4.1-one-shot-joint-compression,HIGH,ALGORITHM_REJECTED,1,NA,NA,-2.7992224737793285,0.0017364258751135786,NA,NA,NA,NA,NA,227,144,9.789389034307845
energy_event,51,h6-3.0,v4.1-one-shot-joint-compression,HIGH,ALGORITHM_REJECTED,1,NA,NA,-2.7992224738240226,0.0017364258304195523,NA,NA,NA,NA,NA,228,144,9.789432234815395
energy_event,51,h6-3.0,v4.1-one-shot-joint-compression,HIGH,ALGORITHM_REJECTED,1,NA,NA,-2.7992224738530096,0.0017364258014325173,NA,NA,NA,NA,NA,229,144,9.789466078351845
energy_event,51,h6-3.0,v4.1-one-shot-joint-compression,HIGH,ALGORITHM_REJECTED,1,NA,NA,-2.7992224738749694,0.00173642577947275,NA,NA,NA,NA,NA,230,144,9.789495618967258
energy_event,51,h6-3.0,v4.1-one-shot-joint-compression,HIGH,ALGORITHM_REJECTED,1,NA,NA,-2.7992224738921005,0.0017364257623415646,NA,NA,NA,NA,NA,231,144,9.789521582263625
energy_event,51,h6-3.0,v4.1-one-shot-joint-compression,HIGH,ALGORITHM_REJECTED,1,NA,NA,-2.79922247390412,0.0017364257503222902,NA,NA,NA,NA,NA,232,144,9.789535267945904
energy_event,51,h6-3.0,v4.1-one-shot-joint-compression,HIGH,ALGORITHM_REJECTED,1,NA,NA,-2.7992224739128466,0.0017364257415954931,NA,NA,NA,NA,NA,233,144,9.789539798503744
energy_event,51,h6-3.0,v4.1-one-shot-joint-compression,HIGH,ALGORITHM_REJECTED,1,NA,NA,-2.799222473920371,0.0017364257340712896,NA,NA,NA,NA,NA,234,144,9.789531947165978
energy_event,51,h6-3.0,v4.1-one-shot-joint-compression,HIGH,ALGORITHM_REJECTED,1,NA,NA,-2.7992224739267453,0.0017364257276968331,NA,NA,NA,NA,NA,235,144,9.789520769400209
energy_event,51,h6-3.0,v4.1-one-shot-joint-compression,HIGH,ALGORITHM_REJECTED,1,NA,NA,-2.7992224739309854,0.0017364257234566693,NA,NA,NA,NA,NA,236,144,9.7895035223274
energy_event,51,h6-3.0,v4.1-one-shot-joint-compression,HIGH,ALGORITHM_REJECTED,1,NA,NA,-2.7992224739334564,0.001736425720985757,NA,NA,NA,NA,NA,237,144,9.7894937140185
energy_event,51,h6-3.0,v4.1-one-shot-joint-compression,HIGH,ALGORITHM_REJECTED,1,NA,NA,-2.7992224739352025,0.0017364257192395982,NA,NA,NA,NA,NA,238,144,9.789480171892968
energy_event,51,h6-3.0,v4.1-one-shot-joint-compression,HIGH,ALGORITHM_REJECTED,1,NA,NA,-2.7992224739367138,0.0017364257177283626,NA,NA,NA,NA,NA,239,144,9.789469030122463
energy_event,51,h6-3.0,v4.1-one-shot-joint-compression,HIGH,ALGORITHM_REJECTED,1,NA,NA,-2.7992224739378133,0.0017364257166287977,NA,NA,NA,NA,NA,240,144,9.789453960145378
energy_event,51,h6-3.0,v4.1-one-shot-joint-compression,HIGH,ALGORITHM_REJECTED,1,NA,NA,-2.799222473938435,0.0017364257160070729,NA,NA,NA,NA,NA,241,144,9.789445638170038
energy_event,51,h6-3.0,v4.1-one-shot-joint-compression,HIGH,ALGORITHM_REJECTED,1,NA,NA,-2.799222473938792,0.0017364257156500251,NA,NA,NA,NA,NA,242,144,9.789438421626203
energy_event,51,h6-3.0,v4.1-one-shot-joint-compression,HIGH,ALGORITHM_REJECTED,1,NA,NA,-2.799222473939045,0.0017364257153968943,NA,NA,NA,NA,NA,243,144,9.789434875378252
energy_event,51,h6-3.0,v4.1-one-shot-joint-compression,HIGH,ALGORITHM_REJECTED,1,NA,NA,-2.7992224739392078,0.0017364257152343576,NA,NA,NA,NA,NA,244,144,9.78943197752035
energy_event,51,h6-3.0,v4.1-one-shot-joint-compression,HIGH,ALGORITHM_REJECTED,1,NA,NA,-2.7992224739392952,0.001736425715146872,NA,NA,NA,NA,NA,245,144,9.789431298251976
energy_event,51,h6-3.0,v4.1-one-shot-joint-compression,HIGH,ALGORITHM_REJECTED,1,NA,NA,-2.799222473939342,0.0017364257151002427,NA,NA,NA,NA,NA,246,144,9.789430564943853
energy_event,51,h6-3.0,v4.1-one-shot-joint-compression,HIGH,ALGORITHM_REJECTED,1,NA,NA,-2.799222473939381,0.0017364257150611628,NA,NA,NA,NA,NA,247,144,9.789429801007039
energy_event,51,h6-3.0,v4.1-one-shot-joint-compression,HIGH,ALGORITHM_REJECTED,1,NA,NA,-2.7992224739394125,0.0017364257150296325,NA,NA,NA,NA,NA,248,144,9.789428361484378
energy_event,51,h6-3.0,v4.1-one-shot-joint-compression,HIGH,ALGORITHM_REJECTED,1,NA,NA,-2.7992224739394285,0.0017364257150136453,NA,NA,NA,NA,NA,249,144,9.789426978034768
energy_event,51,h6-3.0,v4.1-one-shot-joint-compression,HIGH,ALGORITHM_REJECTED,1,NA,NA,-2.7992224739394347,0.001736425715007428,NA,NA,NA,NA,NA,250,144,9.7894260734637
energy_event,51,h6-3.0,v4.1-one-shot-joint-compression,HIGH,ALGORITHM_REJECTED,1,NA,NA,-2.799222473939437,0.0017364257150052076,NA,NA,NA,NA,NA,251,144,9.789425760598364
energy_event,51,h6-3.0,v4.1-one-shot-joint-compression,HIGH,ALGORITHM_REJECTED,1,NA,NA,-2.7992224739394356,0.0017364257150065399,NA,NA,NA,NA,NA,252,144,9.789425689620344
energy_event,51,h6-3.0,v4.1-one-shot-joint-compression,HIGH,ALGORITHM_REJECTED,1,NA,NA,-2.799222473939441,0.0017364257150012108,NA,NA,NA,NA,NA,253,144,9.789425751341955
energy_event,51,h6-3.0,v4.1-one-shot-joint-compression,HIGH,ALGORITHM_REJECTED,1,NA,NA,-2.7992224739394396,0.001736425715002543,NA,NA,NA,NA,NA,254,144,9.789425751238305
energy_event,51,h6-3.0,v4.1-one-shot-joint-compression,HIGH,ALGORITHM_REJECTED,1,NA,NA,-2.7992224739394387,0.0017364257150034312,NA,NA,NA,NA,NA,255,144,9.789425751341918
energy_event,51,h6-3.0,v4.1-one-shot-joint-compression,HIGH,ALGORITHM_REJECTED,1,NA,NA,-2.799222473939441,0.0017364257150012108,NA,NA,NA,NA,NA,256,144,9.789425751341955
energy_event,51,h6-3.0,v4.1-one-shot-joint-compression,HIGH,ALGORITHM_REJECTED,1,NA,NA,-2.7992224739394427,0.0017364257149994344,NA,NA,NA,NA,NA,257,144,9.789425751341934
energy_event,51,h6-3.0,v4.1-one-shot-joint-compression,HIGH,ALGORITHM_REJECTED,1,NA,NA,-2.7992224739394387,0.0017364257150034312,NA,NA,NA,NA,NA,258,144,9.789425751341929
energy_event,51,h6-3.0,v4.1-one-shot-joint-compression,HIGH,ALGORITHM_REJECTED,1,NA,NA,-2.7992224739394427,0.0017364257149994344,NA,NA,NA,NA,NA,259,144,9.789425751341934
energy_event,51,h6-3.0,v4.1-one-shot-joint-compression,HIGH,ALGORITHM_REJECTED,1,NA,NA,-2.7992224739394405,0.0017364257150016549,NA,NA,NA,NA,NA,260,144,9.78942575134193
energy_event,51,h6-3.0,v4.1-one-shot-joint-compression,HIGH,ALGORITHM_REJECTED,1,NA,NA,-2.7992224739394427,0.0017364257149994344,NA,NA,NA,NA,NA,261,144,9.789425751341934
energy_event,51,h6-3.0,v4.1-one-shot-joint-compression,HIGH,ALGORITHM_REJECTED,1,NA,NA,-2.7992224739394413,0.0017364257150007667,NA,NA,NA,NA,NA,262,144,9.789425751341934
energy_event,51,h6-3.0,v4.1-one-shot-joint-compression,HIGH,ALGORITHM_REJECTED,1,NA,NA,-2.7992224739394427,0.0017364257149994344,NA,NA,NA,NA,NA,263,144,9.789425751341934
energy_event,51,h6-3.0,v4.1-one-shot-joint-compression,HIGH,ALGORITHM_REJECTED,1,NA,NA,-2.7992224739394405,0.0017364257150016549,NA,NA,NA,NA,NA,264,144,9.789425751341932
energy_event,51,h6-3.0,v4.1-one-shot-joint-compression,HIGH,ALGORITHM_REJECTED,1,NA,NA,-2.7992224739394427,0.0017364257149994344,NA,NA,NA,NA,NA,265,144,9.789425751341934
energy_event,51,h6-3.0,v4.1-one-shot-joint-compression,HIGH,ALGORITHM_REJECTED,1,NA,NA,-2.799222473939441,0.0017364257150012108,NA,NA,NA,NA,NA,266,144,9.789425751341934
energy_event,51,h6-3.0,v4.1-one-shot-joint-compression,HIGH,ALGORITHM_REJECTED,1,NA,NA,-2.7992224739394427,0.0017364257149994344,NA,NA,NA,NA,NA,267,144,9.789425751341934
energy_event,51,h6-3.0,v4.1-one-shot-joint-compression,HIGH,ALGORITHM_REJECTED,1,NA,NA,-2.7992224739394356,0.0017364257150065399,NA,NA,NA,NA,NA,268,144,9.789425689620344
energy_event,51,h6-3.0,v4.1-one-shot-joint-compression,HIGH,ALGORITHM_REJECTED,1,NA,NA,-2.799222473939439,0.0017364257150029871,NA,NA,NA,NA,NA,269,144,9.78942573890863
energy_event,51,h6-3.0,v4.1-one-shot-joint-compression,HIGH,ALGORITHM_REJECTED,1,NA,NA,-2.79922247393944,0.001736425715002099,NA,NA,NA,NA,NA,270,144,9.789425745074498
energy_event,51,h6-3.0,v4.1-one-shot-joint-compression,HIGH,ALGORITHM_REJECTED,1,NA,NA,-2.7992224739394462,0.0017364257149958817,NA,NA,NA,NA,NA,271,144,9.789425836995298
energy_event,51,h6-3.0,v4.1-one-shot-joint-compression,HIGH,ALGORITHM_REJECTED,1,NA,NA,-2.7992224739394467,0.0017364257149954376,NA,NA,NA,NA,NA,272,144,9.789426139151445
energy_event,52,h6-3.0,v5-fixed-source-whitelist-no-replenishment,HIGH,COMPLETED,1,NA,NA,-2.7994516589161544,0.001507240738287674,NA,NA,NA,NA,NA,1,148,11.093166045524583
energy_event,52,h6-3.0,v5-fixed-source-whitelist-no-replenishment,HIGH,COMPLETED,1,NA,NA,-2.799451658920294,0.0015072407341483185,NA,NA,NA,NA,NA,2,148,11.09315166834175
energy_event,52,h6-3.0,v5-fixed-source-whitelist-no-replenishment,HIGH,COMPLETED,1,NA,NA,-2.799451658920966,0.0015072407334759674,NA,NA,NA,NA,NA,3,148,11.093166275137213
energy_event,52,h6-3.0,v5-fixed-source-whitelist-no-replenishment,HIGH,COMPLETED,1,NA,NA,-2.7994516589210465,0.0015072407333955873,NA,NA,NA,NA,NA,4,148,11.093171271677308
energy_event,52,h6-3.0,v5-fixed-source-whitelist-no-replenishment,HIGH,COMPLETED,1,NA,NA,-2.7994516589210527,0.00150724073338937,NA,NA,NA,NA,NA,5,148,11.093171280693156
energy_event,52,h6-3.0,v5-fixed-source-whitelist-no-replenishment,HIGH,COMPLETED,2,NA,NA,-2.7994516554625783,0.0015072441918637658,NA,NA,NA,NA,NA,6,147,11.090051136941472
energy_event,52,h6-3.0,v5-fixed-source-whitelist-no-replenishment,HIGH,COMPLETED,2,NA,NA,-2.799451655728485,0.0015072439259569137,NA,NA,NA,NA,NA,7,147,11.089853096762692
energy_event,52,h6-3.0,v5-fixed-source-whitelist-no-replenishment,HIGH,COMPLETED,2,NA,NA,-2.79945165577104,0.0015072438834020652,NA,NA,NA,NA,NA,8,147,11.089972450420097
energy_event,52,h6-3.0,v5-fixed-source-whitelist-no-replenishment,HIGH,COMPLETED,2,NA,NA,-2.7994516557765015,0.001507243877940656,NA,NA,NA,NA,NA,9,147,11.090070443638005
energy_event,52,h6-3.0,v5-fixed-source-whitelist-no-replenishment,HIGH,COMPLETED,2,NA,NA,-2.79945165577687,0.001507243877572062,NA,NA,NA,NA,NA,10,147,11.090065920397066
energy_event,52,h6-3.0,v5-fixed-source-whitelist-no-replenishment,HIGH,COMPLETED,2,NA,NA,-2.7994516557769202,0.00150724387752188,NA,NA,NA,NA,NA,11,147,11.090061429809689
energy_event,52,h6-3.0,v5-fixed-source-whitelist-no-replenishment,HIGH,COMPLETED,2,NA,NA,-2.799451655776926,0.0015072438775161068,NA,NA,NA,NA,NA,12,147,11.090059904417783
energy_event,52,h6-3.0,v5-fixed-source-whitelist-no-replenishment,HIGH,COMPLETED,3,NA,NA,-2.7994516500200533,0.001507249634388863,NA,NA,NA,NA,NA,13,146,11.084585935678241
energy_event,52,h6-3.0,v5-fixed-source-whitelist-no-replenishment,HIGH,COMPLETED,3,NA,NA,-2.79945165037866,0.0015072492757819411,NA,NA,NA,NA,NA,14,146,11.084991671280664
energy_event,52,h6-3.0,v5-fixed-source-whitelist-no-replenishment,HIGH,COMPLETED,3,NA,NA,-2.7994516504339013,0.0015072492205407961,NA,NA,NA,NA,NA,15,146,11.085219430508973
energy_event,52,h6-3.0,v5-fixed-source-whitelist-no-replenishment,HIGH,COMPLETED,3,NA,NA,-2.7994516504395466,0.001507249214895534,NA,NA,NA,NA,NA,16,146,11.085244886292497
energy_event,52,h6-3.0,v5-fixed-source-whitelist-no-replenishment,HIGH,COMPLETED,3,NA,NA,-2.7994516504403366,0.0015072492141054994,NA,NA,NA,NA,NA,17,146,11.085229441496027
energy_event,52,h6-3.0,v5-fixed-source-whitelist-no-replenishment,HIGH,COMPLETED,3,NA,NA,-2.799451650440416,0.0015072492140260074,NA,NA,NA,NA,NA,18,146,11.085224009865483
energy_event,52,h6-3.0,v5-fixed-source-whitelist-no-replenishment,HIGH,COMPLETED,3,NA,NA,-2.799451650440422,0.0015072492140202343,NA,NA,NA,NA,NA,19,146,11.085222563135101
energy_event,53,h6-3.0,v5-sequential-with-rebuilding,HIGH,COMPLETED,1,NA,NA,-2.7994516589161544,0.001507240738287674,NA,NA,NA,NA,NA,1,148,11.093166045524583
energy_event,53,h6-3.0,v5-sequential-with-rebuilding,HIGH,COMPLETED,1,NA,NA,-2.799451658920294,0.0015072407341483185,NA,NA,NA,NA,NA,2,148,11.09315166834175
energy_event,53,h6-3.0,v5-sequential-with-rebuilding,HIGH,COMPLETED,1,NA,NA,-2.799451658920966,0.0015072407334759674,NA,NA,NA,NA,NA,3,148,11.093166275137213
energy_event,53,h6-3.0,v5-sequential-with-rebuilding,HIGH,COMPLETED,1,NA,NA,-2.7994516589210465,0.0015072407333955873,NA,NA,NA,NA,NA,4,148,11.093171271677308
energy_event,53,h6-3.0,v5-sequential-with-rebuilding,HIGH,COMPLETED,1,NA,NA,-2.7994516589210527,0.00150724073338937,NA,NA,NA,NA,NA,5,148,11.093171280693156
energy_event,53,h6-3.0,v5-sequential-with-rebuilding,HIGH,COMPLETED,2,NA,NA,-2.7994516554625783,0.0015072441918637658,NA,NA,NA,NA,NA,6,147,11.090051136941472
energy_event,53,h6-3.0,v5-sequential-with-rebuilding,HIGH,COMPLETED,2,NA,NA,-2.799451655728485,0.0015072439259569137,NA,NA,NA,NA,NA,7,147,11.089853096762692
energy_event,53,h6-3.0,v5-sequential-with-rebuilding,HIGH,COMPLETED,2,NA,NA,-2.79945165577104,0.0015072438834020652,NA,NA,NA,NA,NA,8,147,11.089972450420097
energy_event,53,h6-3.0,v5-sequential-with-rebuilding,HIGH,COMPLETED,2,NA,NA,-2.7994516557765015,0.001507243877940656,NA,NA,NA,NA,NA,9,147,11.090070443638005
energy_event,53,h6-3.0,v5-sequential-with-rebuilding,HIGH,COMPLETED,2,NA,NA,-2.79945165577687,0.001507243877572062,NA,NA,NA,NA,NA,10,147,11.090065920397066
energy_event,53,h6-3.0,v5-sequential-with-rebuilding,HIGH,COMPLETED,2,NA,NA,-2.7994516557769202,0.00150724387752188,NA,NA,NA,NA,NA,11,147,11.090061429809689
energy_event,53,h6-3.0,v5-sequential-with-rebuilding,HIGH,COMPLETED,2,NA,NA,-2.799451655776926,0.0015072438775161068,NA,NA,NA,NA,NA,12,147,11.090059904417783
energy_event,53,h6-3.0,v5-sequential-with-rebuilding,HIGH,COMPLETED,3,NA,NA,-2.7994516500200533,0.001507249634388863,NA,NA,NA,NA,NA,13,146,11.084585935678241
energy_event,53,h6-3.0,v5-sequential-with-rebuilding,HIGH,COMPLETED,3,NA,NA,-2.79945165037866,0.0015072492757819411,NA,NA,NA,NA,NA,14,146,11.084991671280664
energy_event,53,h6-3.0,v5-sequential-with-rebuilding,HIGH,COMPLETED,3,NA,NA,-2.7994516504339013,0.0015072492205407961,NA,NA,NA,NA,NA,15,146,11.085219430508973
energy_event,53,h6-3.0,v5-sequential-with-rebuilding,HIGH,COMPLETED,3,NA,NA,-2.7994516504395466,0.001507249214895534,NA,NA,NA,NA,NA,16,146,11.085244886292497
energy_event,53,h6-3.0,v5-sequential-with-rebuilding,HIGH,COMPLETED,3,NA,NA,-2.7994516504403366,0.0015072492141054994,NA,NA,NA,NA,NA,17,146,11.085229441496027
energy_event,53,h6-3.0,v5-sequential-with-rebuilding,HIGH,COMPLETED,3,NA,NA,-2.799451650440416,0.0015072492140260074,NA,NA,NA,NA,NA,18,146,11.085224009865483
energy_event,53,h6-3.0,v5-sequential-with-rebuilding,HIGH,COMPLETED,3,NA,NA,-2.799451650440422,0.0015072492140202343,NA,NA,NA,NA,NA,19,146,11.085222563135101
energy_event,56,beh2-3.0,structural-magnitude-pruning,LOW,COMPLETED,1,NA,NA,-15.335467664896381,0.0013365711685864312,NA,NA,NA,NA,NA,1,37,7.013294600526981
energy_event,56,beh2-3.0,structural-magnitude-pruning,LOW,COMPLETED,1,NA,NA,-15.335461059021549,0.0013431770434184642,NA,NA,NA,NA,NA,2,37,7.013165152812485
energy_event,56,beh2-3.0,structural-magnitude-pruning,LOW,COMPLETED,1,NA,NA,-15.335467946022478,0.0013362900424898072,NA,NA,NA,NA,NA,3,37,7.013272799614269
energy_event,56,beh2-3.0,structural-magnitude-pruning,LOW,COMPLETED,1,NA,NA,-15.335467947697339,0.0013362883676286685,NA,NA,NA,NA,NA,4,37,7.013286808434531
energy_event,56,beh2-3.0,structural-magnitude-pruning,LOW,COMPLETED,1,NA,NA,-15.335467947759927,0.0013362883050405117,NA,NA,NA,NA,NA,5,37,7.01328802578743
energy_event,56,beh2-3.0,structural-magnitude-pruning,LOW,COMPLETED,1,NA,NA,-15.335467947764178,0.0013362883007896897,NA,NA,NA,NA,NA,6,37,7.013292592186145
energy_event,56,beh2-3.0,structural-magnitude-pruning,LOW,COMPLETED,1,NA,NA,-15.335467947765304,0.0013362882996634795,NA,NA,NA,NA,NA,7,37,7.013294556914882
energy_event,56,beh2-3.0,structural-magnitude-pruning,LOW,COMPLETED,1,NA,NA,-15.335467947765439,0.0013362882995284764,NA,NA,NA,NA,NA,8,37,7.013294798505141
energy_event,56,beh2-3.0,structural-magnitude-pruning,LOW,COMPLETED,1,NA,NA,-15.33546794776546,0.00133628829950716,NA,NA,NA,NA,NA,9,37,7.013294641241129
energy_event,56,beh2-3.0,structural-magnitude-pruning,LOW,COMPLETED,1,NA,NA,-15.335467947765471,0.001336288299496502,NA,NA,NA,NA,NA,10,37,7.013294565139964
energy_event,57,beh2-3.0,v4.1-one-shot-joint-compression,LOW,ALGORITHM_REJECTED,1,NA,NA,-15.327504563619403,0.00929967244556451,NA,NA,NA,NA,NA,1,34,7.021822490825695
energy_event,57,beh2-3.0,v4.1-one-shot-joint-compression,LOW,ALGORITHM_REJECTED,1,NA,NA,-15.268867989652968,0.06793624641199969,NA,NA,NA,NA,NA,2,34,6.814184737446171
energy_event,57,beh2-3.0,v4.1-one-shot-joint-compression,LOW,ALGORITHM_REJECTED,1,NA,NA,-15.33132757833279,0.00547665773217787,NA,NA,NA,NA,NA,3,34,6.915853099501806
energy_event,57,beh2-3.0,v4.1-one-shot-joint-compression,LOW,ALGORITHM_REJECTED,1,NA,NA,-15.332325501086551,0.004478734978416554,NA,NA,NA,NA,NA,4,34,6.904172586437139
energy_event,57,beh2-3.0,v4.1-one-shot-joint-compression,LOW,ALGORITHM_REJECTED,1,NA,NA,-15.331839415993437,0.004964820071529985,NA,NA,NA,NA,NA,5,34,6.780687680097155
energy_event,57,beh2-3.0,v4.1-one-shot-joint-compression,LOW,ALGORITHM_REJECTED,1,NA,NA,-15.332727134106603,0.004077101958364082,NA,NA,NA,NA,NA,6,34,6.8497965681613
energy_event,57,beh2-3.0,v4.1-one-shot-joint-compression,LOW,ALGORITHM_REJECTED,1,NA,NA,-15.332990991793595,0.003813244271372085,NA,NA,NA,NA,NA,7,34,6.84527270037882
energy_event,57,beh2-3.0,v4.1-one-shot-joint-compression,LOW,ALGORITHM_REJECTED,1,NA,NA,-15.333148259206496,0.0036559768584716323,NA,NA,NA,NA,NA,8,34,6.843635552619542
energy_event,57,beh2-3.0,v4.1-one-shot-joint-compression,LOW,ALGORITHM_REJECTED,1,NA,NA,-15.332981681552228,0.0038225545127392735,NA,NA,NA,NA,NA,9,34,6.817470012044292
energy_event,57,beh2-3.0,v4.1-one-shot-joint-compression,LOW,ALGORITHM_REJECTED,1,NA,NA,-15.333201271612271,0.0036029644526962556,NA,NA,NA,NA,NA,10,34,6.834447306308657
energy_event,57,beh2-3.0,v4.1-one-shot-joint-compression,LOW,ALGORITHM_REJECTED,1,NA,NA,-15.33327638033687,0.003527855728098217,NA,NA,NA,NA,NA,11,34,6.840617943675325
energy_event,57,beh2-3.0,v4.1-one-shot-joint-compression,LOW,ALGORITHM_REJECTED,1,NA,NA,-15.333374268352006,0.0034299677129610018,NA,NA,NA,NA,NA,12,34,6.861608789677
energy_event,57,beh2-3.0,v4.1-one-shot-joint-compression,LOW,ALGORITHM_REJECTED,1,NA,NA,-15.3334989849254,0.0033052511395670336,NA,NA,NA,NA,NA,13,34,6.904651783303363
energy_event,57,beh2-3.0,v4.1-one-shot-joint-compression,LOW,ALGORITHM_REJECTED,1,NA,NA,-15.33365695632545,0.003147279739517117,NA,NA,NA,NA,NA,14,34,6.992268260695212
energy_event,57,beh2-3.0,v4.1-one-shot-joint-compression,LOW,ALGORITHM_REJECTED,1,NA,NA,-15.333729062131997,0.0030751739329701877,NA,NA,NA,NA,NA,15,34,7.0362074942657165
energy_event,57,beh2-3.0,v4.1-one-shot-joint-compression,LOW,ALGORITHM_REJECTED,1,NA,NA,-15.333821961374404,0.0029822746905630027,NA,NA,NA,NA,NA,16,34,7.0440541309822375
energy_event,57,beh2-3.0,v4.1-one-shot-joint-compression,LOW,ALGORITHM_REJECTED,1,NA,NA,-15.333828675288574,0.0029755607763934933,NA,NA,NA,NA,NA,17,34,7.016404892683239
energy_event,57,beh2-3.0,v4.1-one-shot-joint-compression,LOW,ALGORITHM_REJECTED,1,NA,NA,-15.333840802109847,0.0029634339551201094,NA,NA,NA,NA,NA,18,34,7.020367210978216
energy_event,57,beh2-3.0,v4.1-one-shot-joint-compression,LOW,ALGORITHM_REJECTED,1,NA,NA,-15.333859483801882,0.002944752263084993,NA,NA,NA,NA,NA,19,34,7.031860951384886
energy_event,57,beh2-3.0,v4.1-one-shot-joint-compression,LOW,ALGORITHM_REJECTED,1,NA,NA,-15.333870786109856,0.002933449955111911,NA,NA,NA,NA,NA,20,34,7.04257156621209
energy_event,57,beh2-3.0,v4.1-one-shot-joint-compression,LOW,ALGORITHM_REJECTED,1,NA,NA,-15.33387596458837,0.002928271476596578,NA,NA,NA,NA,NA,21,34,7.045072562257449
energy_event,57,beh2-3.0,v4.1-one-shot-joint-compression,LOW,ALGORITHM_REJECTED,1,NA,NA,-15.333881961910544,0.0029222741544234765,NA,NA,NA,NA,NA,22,34,7.043581582488582
energy_event,57,beh2-3.0,v4.1-one-shot-joint-compression,LOW,ALGORITHM_REJECTED,1,NA,NA,-15.33389131177856,0.0029129242864076588,NA,NA,NA,NA,NA,23,34,7.044267331476114
energy_event,57,beh2-3.0,v4.1-one-shot-joint-compression,LOW,ALGORITHM_REJECTED,1,NA,NA,-15.333902131529907,0.002902104535060346,NA,NA,NA,NA,NA,24,34,7.055245525456672
energy_event,57,beh2-3.0,v4.1-one-shot-joint-compression,LOW,ALGORITHM_REJECTED,1,NA,NA,-15.333908540239904,0.002895695825063882,NA,NA,NA,NA,NA,25,34,7.060371933311729
energy_event,57,beh2-3.0,v4.1-one-shot-joint-compression,LOW,ALGORITHM_REJECTED,1,NA,NA,-15.333919344095312,0.0028848919696553565,NA,NA,NA,NA,NA,26,34,7.072021566101221
energy_event,57,beh2-3.0,v4.1-one-shot-joint-compression,LOW,ALGORITHM_REJECTED,1,NA,NA,-15.333936774484624,0.0028674615803438996,NA,NA,NA,NA,NA,27,34,7.08977473307922
energy_event,57,beh2-3.0,v4.1-one-shot-joint-compression,LOW,ALGORITHM_REJECTED,1,NA,NA,-15.33395795176075,0.0028462843042174057,NA,NA,NA,NA,NA,28,34,7.1178714670567
energy_event,57,beh2-3.0,v4.1-one-shot-joint-compression,LOW,ALGORITHM_REJECTED,1,NA,NA,-15.333975963035144,0.0028282730298236913,NA,NA,NA,NA,NA,29,34,7.120706947548261
energy_event,57,beh2-3.0,v4.1-one-shot-joint-compression,LOW,ALGORITHM_REJECTED,1,NA,NA,-15.333991000702365,0.002813235362602029,NA,NA,NA,NA,NA,30,34,7.135524440171593
energy_event,57,beh2-3.0,v4.1-one-shot-joint-compression,LOW,ALGORITHM_REJECTED,1,NA,NA,-15.333995191672656,0.002809044392311222,NA,NA,NA,NA,NA,31,34,7.138730185058206
energy_event,57,beh2-3.0,v4.1-one-shot-joint-compression,LOW,ALGORITHM_REJECTED,1,NA,NA,-15.333997875934974,0.002806360129993024,NA,NA,NA,NA,NA,32,34,7.133751544677388
energy_event,57,beh2-3.0,v4.1-one-shot-joint-compression,LOW,ALGORITHM_REJECTED,1,NA,NA,-15.333999714719083,0.002804521345884936,NA,NA,NA,NA,NA,33,34,7.142425517337148
energy_event,57,beh2-3.0,v4.1-one-shot-joint-compression,LOW,ALGORITHM_REJECTED,1,NA,NA,-15.33400089671504,0.0028033393499278247,NA,NA,NA,NA,NA,34,34,7.1417603053909415
energy_event,57,beh2-3.0,v4.1-one-shot-joint-compression,LOW,ALGORITHM_REJECTED,1,NA,NA,-15.334001928052224,0.002802308012743282,NA,NA,NA,NA,NA,35,34,7.1437085544904715
energy_event,57,beh2-3.0,v4.1-one-shot-joint-compression,LOW,ALGORITHM_REJECTED,1,NA,NA,-15.334002969029562,0.002801267035405175,NA,NA,NA,NA,NA,36,34,7.145009301349065
energy_event,57,beh2-3.0,v4.1-one-shot-joint-compression,LOW,ALGORITHM_REJECTED,1,NA,NA,-15.33400468618086,0.002799549884107577,NA,NA,NA,NA,NA,37,34,7.146936469756631
energy_event,57,beh2-3.0,v4.1-one-shot-joint-compression,LOW,ALGORITHM_REJECTED,1,NA,NA,-15.334007461677222,0.00279677438774506,NA,NA,NA,NA,NA,38,34,7.1477583929311335
energy_event,57,beh2-3.0,v4.1-one-shot-joint-compression,LOW,ALGORITHM_REJECTED,1,NA,NA,-15.33401091264911,0.00279332341585814,NA,NA,NA,NA,NA,39,34,7.1467867183462745
energy_event,57,beh2-3.0,v4.1-one-shot-joint-compression,LOW,ALGORITHM_REJECTED,1,NA,NA,-15.334013773986849,0.0027904620781189493,NA,NA,NA,NA,NA,40,34,7.143040855133328
energy_event,57,beh2-3.0,v4.1-one-shot-joint-compression,LOW,ALGORITHM_REJECTED,1,NA,NA,-15.33401576328367,0.0027884727812974575,NA,NA,NA,NA,NA,41,34,7.136960447702501
energy_event,57,beh2-3.0,v4.1-one-shot-joint-compression,LOW,ALGORITHM_REJECTED,1,NA,NA,-15.33401589363947,0.002788342425496637,NA,NA,NA,NA,NA,42,34,7.136391017664524
energy_event,57,beh2-3.0,v4.1-one-shot-joint-compression,LOW,ALGORITHM_REJECTED,1,NA,NA,-15.334015973133473,0.0027882629314941454,NA,NA,NA,NA,NA,43,34,7.135625562399742
energy_event,57,beh2-3.0,v4.1-one-shot-joint-compression,LOW,ALGORITHM_REJECTED,1,NA,NA,-15.33401598069244,0.0027882553725273596,NA,NA,NA,NA,NA,44,34,7.135408305127565
energy_event,57,beh2-3.0,v4.1-one-shot-joint-compression,LOW,ALGORITHM_REJECTED,1,NA,NA,-15.334015982735524,0.0027882533294434353,NA,NA,NA,NA,NA,45,34,7.135501064266108
energy_event,57,beh2-3.0,v4.1-one-shot-joint-compression,LOW,ALGORITHM_REJECTED,1,NA,NA,-15.33401598326493,0.002788252800037583,NA,NA,NA,NA,NA,46,34,7.13553218566281
energy_event,57,beh2-3.0,v4.1-one-shot-joint-compression,LOW,ALGORITHM_REJECTED,1,NA,NA,-15.334015983588174,0.0027882524767939287,NA,NA,NA,NA,NA,47,34,7.13553703871624
energy_event,57,beh2-3.0,v4.1-one-shot-joint-compression,LOW,ALGORITHM_REJECTED,1,NA,NA,-15.334015983758851,0.0027882523061162345,NA,NA,NA,NA,NA,48,34,7.1355495707218575
energy_event,57,beh2-3.0,v4.1-one-shot-joint-compression,LOW,ALGORITHM_REJECTED,1,NA,NA,-15.334015983802084,0.0027882522628832618,NA,NA,NA,NA,NA,49,34,7.135554834334278
energy_event,57,beh2-3.0,v4.1-one-shot-joint-compression,LOW,ALGORITHM_REJECTED,1,NA,NA,-15.334015983806452,0.0027882522585152003,NA,NA,NA,NA,NA,50,34,7.135558717054869
energy_event,57,beh2-3.0,v4.1-one-shot-joint-compression,LOW,ALGORITHM_REJECTED,1,NA,NA,-15.334015983806655,0.0027882522583126956,NA,NA,NA,NA,NA,51,34,7.135558966830357
energy_event,57,beh2-3.0,v4.1-one-shot-joint-compression,LOW,ALGORITHM_REJECTED,1,NA,NA,-15.334015983806685,0.0027882522582824976,NA,NA,NA,NA,NA,52,34,7.13555909443248
energy_event,57,beh2-3.0,v4.1-one-shot-joint-compression,LOW,ALGORITHM_REJECTED,1,NA,NA,-15.334015983806678,0.002788252258289603,NA,NA,NA,NA,NA,53,34,7.135559120083124
energy_event,57,beh2-3.0,v4.1-one-shot-joint-compression,LOW,ALGORITHM_REJECTED,1,NA,NA,-15.334015983806683,0.002788252258284274,NA,NA,NA,NA,NA,54,34,7.135559095986941
energy_event,57,beh2-3.0,v4.1-one-shot-joint-compression,LOW,ALGORITHM_REJECTED,1,NA,NA,-15.334015983806683,0.002788252258284274,NA,NA,NA,NA,NA,55,34,7.135559094458559
energy_event,57,beh2-3.0,v4.1-one-shot-joint-compression,LOW,ALGORITHM_REJECTED,1,NA,NA,-15.334015983806685,0.0027882522582824976,NA,NA,NA,NA,NA,56,34,7.135559094432487
energy_event,57,beh2-3.0,v4.1-one-shot-joint-compression,LOW,ALGORITHM_REJECTED,1,NA,NA,-15.33401598380669,0.0027882522582771685,NA,NA,NA,NA,NA,57,34,7.135559094449693
energy_event,57,beh2-3.0,v4.1-one-shot-joint-compression,LOW,ALGORITHM_REJECTED,1,NA,NA,-15.334015983806687,0.002788252258280721,NA,NA,NA,NA,NA,58,34,7.135559094449696
energy_event,57,beh2-3.0,v4.1-one-shot-joint-compression,LOW,ALGORITHM_REJECTED,1,NA,NA,-15.33401598380669,0.0027882522582771685,NA,NA,NA,NA,NA,59,34,7.135559094449693
energy_event,57,beh2-3.0,v4.1-one-shot-joint-compression,LOW,ALGORITHM_REJECTED,1,NA,NA,-15.334015983806692,0.002788252258275392,NA,NA,NA,NA,NA,60,34,7.135559094449694
energy_event,57,beh2-3.0,v4.1-one-shot-joint-compression,LOW,ALGORITHM_REJECTED,1,NA,NA,-15.334015983806692,0.002788252258275392,NA,NA,NA,NA,NA,61,34,7.135559094449696
energy_event,57,beh2-3.0,v4.1-one-shot-joint-compression,LOW,ALGORITHM_REJECTED,1,NA,NA,-15.334015983806681,0.0027882522582860503,NA,NA,NA,NA,NA,62,34,7.135559094449696
energy_event,57,beh2-3.0,v4.1-one-shot-joint-compression,LOW,ALGORITHM_REJECTED,1,NA,NA,-15.334015983806692,0.002788252258275392,NA,NA,NA,NA,NA,63,34,7.135559094449696
energy_event,57,beh2-3.0,v4.1-one-shot-joint-compression,LOW,ALGORITHM_REJECTED,1,NA,NA,-15.334015983806685,0.0027882522582824976,NA,NA,NA,NA,NA,64,34,7.135559094449695
energy_event,57,beh2-3.0,v4.1-one-shot-joint-compression,LOW,ALGORITHM_REJECTED,1,NA,NA,-15.334015983806692,0.002788252258275392,NA,NA,NA,NA,NA,65,34,7.135559094449696
energy_event,57,beh2-3.0,v4.1-one-shot-joint-compression,LOW,ALGORITHM_REJECTED,1,NA,NA,-15.334015983806694,0.0027882522582736158,NA,NA,NA,NA,NA,66,34,7.135559094449696
energy_event,57,beh2-3.0,v4.1-one-shot-joint-compression,LOW,ALGORITHM_REJECTED,1,NA,NA,-15.334015983806687,0.002788252258280721,NA,NA,NA,NA,NA,67,34,7.135559094449695
energy_event,57,beh2-3.0,v4.1-one-shot-joint-compression,LOW,ALGORITHM_REJECTED,1,NA,NA,-15.334015983806694,0.0027882522582736158,NA,NA,NA,NA,NA,68,34,7.135559094449696
energy_event,57,beh2-3.0,v4.1-one-shot-joint-compression,LOW,ALGORITHM_REJECTED,1,NA,NA,-15.334015983806694,0.0027882522582736158,NA,NA,NA,NA,NA,69,34,7.135559094449696
energy_event,57,beh2-3.0,v4.1-one-shot-joint-compression,LOW,ALGORITHM_REJECTED,1,NA,NA,-15.334015983806678,0.002788252258289603,NA,NA,NA,NA,NA,70,34,7.135559120083124
energy_event,57,beh2-3.0,v4.1-one-shot-joint-compression,LOW,ALGORITHM_REJECTED,1,NA,NA,-15.334015983806696,0.0027882522582718394,NA,NA,NA,NA,NA,71,34,7.135559098426542
energy_event,57,beh2-3.0,v4.1-one-shot-joint-compression,LOW,ALGORITHM_REJECTED,1,NA,NA,-15.334015983806689,0.002788252258278945,NA,NA,NA,NA,NA,72,34,7.135559106337987
energy_event,57,beh2-3.0,v4.1-one-shot-joint-compression,LOW,ALGORITHM_REJECTED,1,NA,NA,-15.334015983806683,0.002788252258284274,NA,NA,NA,NA,NA,73,34,7.135559098863448
energy_event,57,beh2-3.0,v4.1-one-shot-joint-compression,LOW,ALGORITHM_REJECTED,1,NA,NA,-15.334015983806689,0.002788252258278945,NA,NA,NA,NA,NA,74,34,7.135559098427446
energy_event,57,beh2-3.0,v4.1-one-shot-joint-compression,LOW,ALGORITHM_REJECTED,1,NA,NA,-15.334015983806697,0.002788252258270063,NA,NA,NA,NA,NA,75,34,7.135559098426542
energy_event,57,beh2-3.0,v4.1-one-shot-joint-compression,LOW,ALGORITHM_REJECTED,1,NA,NA,-15.334015983806697,0.002788252258270063,NA,NA,NA,NA,NA,76,34,7.135559098426994
energy_event,57,beh2-3.0,v4.1-one-shot-joint-compression,LOW,ALGORITHM_REJECTED,1,NA,NA,-15.334015983806706,0.0027882522582611813,NA,NA,NA,NA,NA,77,34,7.135559098427293
energy_event,57,beh2-3.0,v4.1-one-shot-joint-compression,LOW,ALGORITHM_REJECTED,1,NA,NA,-15.334015983806706,0.0027882522582611813,NA,NA,NA,NA,NA,78,34,7.135559098427293
energy_event,57,beh2-3.0,v4.1-one-shot-joint-compression,LOW,ALGORITHM_REJECTED,1,NA,NA,-15.3340159838067,0.0027882522582682867,NA,NA,NA,NA,NA,79,34,7.135559098427393
energy_event,57,beh2-3.0,v4.1-one-shot-joint-compression,LOW,ALGORITHM_REJECTED,1,NA,NA,-15.334015983806706,0.0027882522582611813,NA,NA,NA,NA,NA,80,34,7.135559098427293
energy_event,57,beh2-3.0,v4.1-one-shot-joint-compression,LOW,ALGORITHM_REJECTED,1,NA,NA,-15.334015983806706,0.0027882522582611813,NA,NA,NA,NA,NA,81,34,7.135559098427293
energy_event,57,beh2-3.0,v4.1-one-shot-joint-compression,LOW,ALGORITHM_REJECTED,1,NA,NA,-15.334015983806696,0.0027882522582718394,NA,NA,NA,NA,NA,82,34,7.135559098427343
energy_event,57,beh2-3.0,v4.1-one-shot-joint-compression,LOW,ALGORITHM_REJECTED,1,NA,NA,-15.334015983806706,0.0027882522582611813,NA,NA,NA,NA,NA,83,34,7.135559098427293
energy_event,57,beh2-3.0,v4.1-one-shot-joint-compression,LOW,ALGORITHM_REJECTED,1,NA,NA,-15.33401598380669,0.0027882522582771685,NA,NA,NA,NA,NA,84,34,7.135559098427318
energy_event,57,beh2-3.0,v4.1-one-shot-joint-compression,LOW,ALGORITHM_REJECTED,1,NA,NA,-15.334015983806706,0.0027882522582611813,NA,NA,NA,NA,NA,85,34,7.135559098427293
energy_event,57,beh2-3.0,v4.1-one-shot-joint-compression,LOW,ALGORITHM_REJECTED,1,NA,NA,-15.334015983806689,0.002788252258278945,NA,NA,NA,NA,NA,86,34,7.135559098427306
energy_event,57,beh2-3.0,v4.1-one-shot-joint-compression,LOW,ALGORITHM_REJECTED,1,NA,NA,-15.334015983806706,0.0027882522582611813,NA,NA,NA,NA,NA,87,34,7.135559098427293
energy_event,57,beh2-3.0,v4.1-one-shot-joint-compression,LOW,ALGORITHM_REJECTED,1,NA,NA,-15.33401598380669,0.0027882522582771685,NA,NA,NA,NA,NA,88,34,7.135559098427298
energy_event,57,beh2-3.0,v4.1-one-shot-joint-compression,LOW,ALGORITHM_REJECTED,1,NA,NA,-15.334015983806706,0.0027882522582611813,NA,NA,NA,NA,NA,89,34,7.135559098427293
energy_event,57,beh2-3.0,v4.1-one-shot-joint-compression,LOW,ALGORITHM_REJECTED,1,NA,NA,-15.33401598380669,0.0027882522582771685,NA,NA,NA,NA,NA,90,34,7.1355590984272945
energy_event,57,beh2-3.0,v4.1-one-shot-joint-compression,LOW,ALGORITHM_REJECTED,1,NA,NA,-15.334015983806706,0.0027882522582611813,NA,NA,NA,NA,NA,91,34,7.135559098427293
energy_event,57,beh2-3.0,v4.1-one-shot-joint-compression,LOW,ALGORITHM_REJECTED,1,NA,NA,-15.334015983806689,0.002788252258278945,NA,NA,NA,NA,NA,92,34,7.135559098427294
energy_event,57,beh2-3.0,v4.1-one-shot-joint-compression,LOW,ALGORITHM_REJECTED,1,NA,NA,-15.334015983806706,0.0027882522582611813,NA,NA,NA,NA,NA,93,34,7.135559098427293
energy_event,57,beh2-3.0,v4.1-one-shot-joint-compression,LOW,ALGORITHM_REJECTED,1,NA,NA,-15.334015983806687,0.002788252258280721,NA,NA,NA,NA,NA,94,34,7.135559098427294
energy_event,57,beh2-3.0,v4.1-one-shot-joint-compression,LOW,ALGORITHM_REJECTED,1,NA,NA,-15.334015983806706,0.0027882522582611813,NA,NA,NA,NA,NA,95,34,7.135559098427293
energy_event,57,beh2-3.0,v4.1-one-shot-joint-compression,LOW,ALGORITHM_REJECTED,1,NA,NA,-15.33401598380669,0.0027882522582771685,NA,NA,NA,NA,NA,96,34,7.135559098427293
energy_event,57,beh2-3.0,v4.1-one-shot-joint-compression,LOW,ALGORITHM_REJECTED,1,NA,NA,-15.334015983806706,0.0027882522582611813,NA,NA,NA,NA,NA,97,34,7.135559098427293
energy_event,57,beh2-3.0,v4.1-one-shot-joint-compression,LOW,ALGORITHM_REJECTED,1,NA,NA,-15.334015983806697,0.002788252258270063,NA,NA,NA,NA,NA,98,34,7.135559098427292
energy_event,57,beh2-3.0,v4.1-one-shot-joint-compression,LOW,ALGORITHM_REJECTED,1,NA,NA,-15.334015983806706,0.0027882522582611813,NA,NA,NA,NA,NA,99,34,7.135559098427293
energy_event,57,beh2-3.0,v4.1-one-shot-joint-compression,LOW,ALGORITHM_REJECTED,1,NA,NA,-15.33401598380669,0.0027882522582771685,NA,NA,NA,NA,NA,100,34,7.135559098427292
energy_event,57,beh2-3.0,v4.1-one-shot-joint-compression,LOW,ALGORITHM_REJECTED,1,NA,NA,-15.334015983806706,0.0027882522582611813,NA,NA,NA,NA,NA,101,34,7.135559098427293
energy_event,57,beh2-3.0,v4.1-one-shot-joint-compression,LOW,ALGORITHM_REJECTED,1,NA,NA,-15.334015983806701,0.0027882522582665104,NA,NA,NA,NA,NA,102,34,7.135559098427293
energy_event,57,beh2-3.0,v4.1-one-shot-joint-compression,LOW,ALGORITHM_REJECTED,1,NA,NA,-15.334015983806706,0.0027882522582611813,NA,NA,NA,NA,NA,103,34,7.135559098427293
energy_event,57,beh2-3.0,v4.1-one-shot-joint-compression,LOW,ALGORITHM_REJECTED,1,NA,NA,-15.3340159838067,0.0027882522582682867,NA,NA,NA,NA,NA,104,34,7.135559098427293
energy_event,57,beh2-3.0,v4.1-one-shot-joint-compression,LOW,ALGORITHM_REJECTED,1,NA,NA,-15.334015983806706,0.0027882522582611813,NA,NA,NA,NA,NA,105,34,7.135559098427293
energy_event,57,beh2-3.0,v4.1-one-shot-joint-compression,LOW,ALGORITHM_REJECTED,1,NA,NA,-15.334015983806703,0.002788252258264734,NA,NA,NA,NA,NA,106,34,7.135559098427292
energy_event,57,beh2-3.0,v4.1-one-shot-joint-compression,LOW,ALGORITHM_REJECTED,1,NA,NA,-15.334015983806706,0.0027882522582611813,NA,NA,NA,NA,NA,107,34,7.135559098427293
energy_event,57,beh2-3.0,v4.1-one-shot-joint-compression,LOW,ALGORITHM_REJECTED,1,NA,NA,-15.334015983806706,0.0027882522582611813,NA,NA,NA,NA,NA,108,34,7.135559098427293
energy_event,57,beh2-3.0,v4.1-one-shot-joint-compression,LOW,ALGORITHM_REJECTED,1,NA,NA,-15.334015983806704,0.0027882522582629576,NA,NA,NA,NA,NA,109,34,7.135559098427292
energy_event,57,beh2-3.0,v4.1-one-shot-joint-compression,LOW,ALGORITHM_REJECTED,1,NA,NA,-15.334015983806706,0.0027882522582611813,NA,NA,NA,NA,NA,110,34,7.135559098427293
energy_event,57,beh2-3.0,v4.1-one-shot-joint-compression,LOW,ALGORITHM_REJECTED,1,NA,NA,-15.334015983806706,0.0027882522582611813,NA,NA,NA,NA,NA,111,34,7.135559098427293
energy_event,57,beh2-3.0,v4.1-one-shot-joint-compression,LOW,ALGORITHM_REJECTED,1,NA,NA,-15.334015983806704,0.0027882522582629576,NA,NA,NA,NA,NA,112,34,7.135559098427293
energy_event,57,beh2-3.0,v4.1-one-shot-joint-compression,LOW,ALGORITHM_REJECTED,1,NA,NA,-15.334015983806706,0.0027882522582611813,NA,NA,NA,NA,NA,113,34,7.135559098427293
energy_event,57,beh2-3.0,v4.1-one-shot-joint-compression,LOW,ALGORITHM_REJECTED,1,NA,NA,-15.334015983806689,0.002788252258278945,NA,NA,NA,NA,NA,114,34,7.135559106337987
energy_event,57,beh2-3.0,v4.1-one-shot-joint-compression,LOW,ALGORITHM_REJECTED,1,NA,NA,-15.33401598380669,0.0027882522582771685,NA,NA,NA,NA,NA,115,34,7.1355590995515
energy_event,57,beh2-3.0,v4.1-one-shot-joint-compression,LOW,ALGORITHM_REJECTED,1,NA,NA,-15.334015983806703,0.002788252258264734,NA,NA,NA,NA,NA,116,34,7.135559098989021
energy_event,57,beh2-3.0,v4.1-one-shot-joint-compression,LOW,ALGORITHM_REJECTED,1,NA,NA,-15.33401598380669,0.0027882522582771685,NA,NA,NA,NA,NA,117,34,7.135559099270261
energy_event,57,beh2-3.0,v4.1-one-shot-joint-compression,LOW,ALGORITHM_REJECTED,1,NA,NA,-15.33401598380669,0.0027882522582771685,NA,NA,NA,NA,NA,118,34,7.13555909912964
energy_event,57,beh2-3.0,v4.1-one-shot-joint-compression,LOW,ALGORITHM_REJECTED,1,NA,NA,-15.334015983806689,0.002788252258278945,NA,NA,NA,NA,NA,119,34,7.13555909905933
energy_event,57,beh2-3.0,v4.1-one-shot-joint-compression,LOW,ALGORITHM_REJECTED,1,NA,NA,-15.334015983806697,0.002788252258270063,NA,NA,NA,NA,NA,120,34,7.135559099024176
energy_event,57,beh2-3.0,v4.1-one-shot-joint-compression,LOW,ALGORITHM_REJECTED,1,NA,NA,-15.334015983806678,0.002788252258289603,NA,NA,NA,NA,NA,121,34,7.135559099006597
energy_event,57,beh2-3.0,v4.1-one-shot-joint-compression,LOW,ALGORITHM_REJECTED,1,NA,NA,-15.334015983806669,0.0027882522582984848,NA,NA,NA,NA,NA,122,34,7.13555909899781
energy_event,57,beh2-3.0,v4.1-one-shot-joint-compression,LOW,ALGORITHM_REJECTED,1,NA,NA,-15.33401598380669,0.0027882522582771685,NA,NA,NA,NA,NA,123,34,7.135559098993415
energy_event,57,beh2-3.0,v4.1-one-shot-joint-compression,LOW,ALGORITHM_REJECTED,1,NA,NA,-15.334015983806694,0.0027882522582736158,NA,NA,NA,NA,NA,124,34,7.1355590989912185
energy_event,57,beh2-3.0,v4.1-one-shot-joint-compression,LOW,ALGORITHM_REJECTED,1,NA,NA,-15.334015983806689,0.002788252258278945,NA,NA,NA,NA,NA,125,34,7.13555909899012
energy_event,58,beh2-3.0,v5-fixed-source-whitelist-no-replenishment,LOW,COMPLETED,1,NA,NA,-15.335468001060383,0.001336235004584907,NA,NA,NA,NA,NA,1,37,7.013286248491814
energy_event,58,beh2-3.0,v5-fixed-source-whitelist-no-replenishment,LOW,COMPLETED,1,NA,NA,-15.33546800106628,0.0013362349986874023,NA,NA,NA,NA,NA,2,37,7.013291989211199
energy_event,58,beh2-3.0,v5-fixed-source-whitelist-no-replenishment,LOW,COMPLETED,1,NA,NA,-15.335468001066745,0.0013362349982219968,NA,NA,NA,NA,NA,3,37,7.0132947219278705
energy_event,58,beh2-3.0,v5-fixed-source-whitelist-no-replenishment,LOW,COMPLETED,1,NA,NA,-15.33546800106689,0.0013362349980781119,NA,NA,NA,NA,NA,4,37,7.013295641389365
energy_event,58,beh2-3.0,v5-fixed-source-whitelist-no-replenishment,LOW,COMPLETED,1,NA,NA,-15.335468001066898,0.00133623499806923,NA,NA,NA,NA,NA,5,37,7.013295495093283
energy_event,58,beh2-3.0,v5-fixed-source-whitelist-no-replenishment,LOW,COMPLETED,1,NA,NA,-15.33546800106691,0.0013362349980567956,NA,NA,NA,NA,NA,6,37,7.013295272309039
energy_event,59,beh2-3.0,v5-sequential-with-rebuilding,LOW,COMPLETED,1,NA,NA,-15.335468001060383,0.001336235004584907,NA,NA,NA,NA,NA,1,37,7.013286248491814
energy_event,59,beh2-3.0,v5-sequential-with-rebuilding,LOW,COMPLETED,1,NA,NA,-15.33546800106628,0.0013362349986874023,NA,NA,NA,NA,NA,2,37,7.013291989211199
energy_event,59,beh2-3.0,v5-sequential-with-rebuilding,LOW,COMPLETED,1,NA,NA,-15.335468001066745,0.0013362349982219968,NA,NA,NA,NA,NA,3,37,7.0132947219278705
energy_event,59,beh2-3.0,v5-sequential-with-rebuilding,LOW,COMPLETED,1,NA,NA,-15.33546800106689,0.0013362349980781119,NA,NA,NA,NA,NA,4,37,7.013295641389365
energy_event,59,beh2-3.0,v5-sequential-with-rebuilding,LOW,COMPLETED,1,NA,NA,-15.335468001066898,0.00133623499806923,NA,NA,NA,NA,NA,5,37,7.013295495093283
energy_event,59,beh2-3.0,v5-sequential-with-rebuilding,LOW,COMPLETED,1,NA,NA,-15.33546800106691,0.0013362349980567956,NA,NA,NA,NA,NA,6,37,7.013295272309039
energy_event,62,beh2-3.0,structural-magnitude-pruning,MEDIUM,COMPLETED,1,NA,NA,-15.335467664896381,0.0013365711685864312,NA,NA,NA,NA,NA,1,37,7.013294600526981
energy_event,62,beh2-3.0,structural-magnitude-pruning,MEDIUM,COMPLETED,1,NA,NA,-15.335461059021549,0.0013431770434184642,NA,NA,NA,NA,NA,2,37,7.013165152812485
energy_event,62,beh2-3.0,structural-magnitude-pruning,MEDIUM,COMPLETED,1,NA,NA,-15.335467946022478,0.0013362900424898072,NA,NA,NA,NA,NA,3,37,7.013272799614269
energy_event,62,beh2-3.0,structural-magnitude-pruning,MEDIUM,COMPLETED,1,NA,NA,-15.335467947697339,0.0013362883676286685,NA,NA,NA,NA,NA,4,37,7.013286808434531
energy_event,62,beh2-3.0,structural-magnitude-pruning,MEDIUM,COMPLETED,1,NA,NA,-15.335467947759927,0.0013362883050405117,NA,NA,NA,NA,NA,5,37,7.01328802578743
energy_event,62,beh2-3.0,structural-magnitude-pruning,MEDIUM,COMPLETED,1,NA,NA,-15.335467947764178,0.0013362883007896897,NA,NA,NA,NA,NA,6,37,7.013292592186145
energy_event,62,beh2-3.0,structural-magnitude-pruning,MEDIUM,COMPLETED,1,NA,NA,-15.335467947765304,0.0013362882996634795,NA,NA,NA,NA,NA,7,37,7.013294556914882
energy_event,62,beh2-3.0,structural-magnitude-pruning,MEDIUM,COMPLETED,1,NA,NA,-15.335467947765439,0.0013362882995284764,NA,NA,NA,NA,NA,8,37,7.013294798505141
energy_event,62,beh2-3.0,structural-magnitude-pruning,MEDIUM,COMPLETED,1,NA,NA,-15.33546794776546,0.00133628829950716,NA,NA,NA,NA,NA,9,37,7.013294641241129
energy_event,62,beh2-3.0,structural-magnitude-pruning,MEDIUM,COMPLETED,1,NA,NA,-15.335467947765471,0.001336288299496502,NA,NA,NA,NA,NA,10,37,7.013294565139964
energy_event,62,beh2-3.0,structural-magnitude-pruning,MEDIUM,COMPLETED,2,NA,NA,-15.335466533478622,0.0013377025863459124,NA,NA,NA,NA,NA,11,36,7.013294554657296
energy_event,62,beh2-3.0,structural-magnitude-pruning,MEDIUM,COMPLETED,2,NA,NA,-11.053081375690525,4.283722860374443,NA,NA,NA,NA,NA,12,36,7.0299248203647595
energy_event,62,beh2-3.0,structural-magnitude-pruning,MEDIUM,COMPLETED,2,NA,NA,-15.335467925326922,0.0013363107380452988,NA,NA,NA,NA,NA,13,36,7.0132846403644375
energy_event,62,beh2-3.0,structural-magnitude-pruning,MEDIUM,COMPLETED,2,NA,NA,-15.3354679471303,0.0013362889346666407,NA,NA,NA,NA,NA,14,36,7.013290900961551
energy_event,62,beh2-3.0,structural-magnitude-pruning,MEDIUM,COMPLETED,2,NA,NA,-15.335467947130539,0.0013362889344286089,NA,NA,NA,NA,NA,15,36,7.0132935877402165
energy_event,62,beh2-3.0,structural-magnitude-pruning,MEDIUM,COMPLETED,2,NA,NA,-15.335467947130597,0.001336288934369989,NA,NA,NA,NA,NA,16,36,7.01329501507155
energy_event,62,beh2-3.0,structural-magnitude-pruning,MEDIUM,COMPLETED,2,NA,NA,-15.335467947130596,0.0013362889343717654,NA,NA,NA,NA,NA,17,36,7.013295093325843
energy_event,62,beh2-3.0,structural-magnitude-pruning,MEDIUM,COMPLETED,2,NA,NA,-15.33546794713059,0.0013362889343770945,NA,NA,NA,NA,NA,18,36,7.0132950251051955
energy_event,62,beh2-3.0,structural-magnitude-pruning,MEDIUM,COMPLETED,2,NA,NA,-15.335467947130585,0.0013362889343824236,NA,NA,NA,NA,NA,19,36,7.013295015141036
energy_event,62,beh2-3.0,structural-magnitude-pruning,MEDIUM,COMPLETED,2,NA,NA,-15.335467947130589,0.0013362889343788709,NA,NA,NA,NA,NA,20,36,7.013295015071552
energy_event,62,beh2-3.0,structural-magnitude-pruning,MEDIUM,COMPLETED,2,NA,NA,-15.335467947130597,0.001336288934369989,NA,NA,NA,NA,NA,21,36,7.01329501507155
energy_event,62,beh2-3.0,structural-magnitude-pruning,MEDIUM,COMPLETED,2,NA,NA,-15.33546794713059,0.0013362889343770945,NA,NA,NA,NA,NA,22,36,7.0132950150715505
energy_event,62,beh2-3.0,structural-magnitude-pruning,MEDIUM,COMPLETED,2,NA,NA,-15.335467947130597,0.001336288934369989,NA,NA,NA,NA,NA,23,36,7.01329501507155
energy_event,62,beh2-3.0,structural-magnitude-pruning,MEDIUM,COMPLETED,2,NA,NA,-15.335467947130578,0.001336288934389529,NA,NA,NA,NA,NA,24,36,7.01329501507155
energy_event,62,beh2-3.0,structural-magnitude-pruning,MEDIUM,COMPLETED,2,NA,NA,-15.335467947130597,0.001336288934369989,NA,NA,NA,NA,NA,25,36,7.01329501507155
energy_event,62,beh2-3.0,structural-magnitude-pruning,MEDIUM,COMPLETED,2,NA,NA,-15.33546794713059,0.0013362889343770945,NA,NA,NA,NA,NA,26,36,7.01329501507155
energy_event,62,beh2-3.0,structural-magnitude-pruning,MEDIUM,COMPLETED,2,NA,NA,-15.335467947130597,0.001336288934369989,NA,NA,NA,NA,NA,27,36,7.01329501507155
energy_event,62,beh2-3.0,structural-magnitude-pruning,MEDIUM,COMPLETED,2,NA,NA,-15.335467947130587,0.0013362889343806472,NA,NA,NA,NA,NA,28,36,7.01329501507155
energy_event,62,beh2-3.0,structural-magnitude-pruning,MEDIUM,COMPLETED,2,NA,NA,-15.335467947130597,0.001336288934369989,NA,NA,NA,NA,NA,29,36,7.01329501507155
energy_event,62,beh2-3.0,structural-magnitude-pruning,MEDIUM,COMPLETED,2,NA,NA,-15.335467947130589,0.0013362889343788709,NA,NA,NA,NA,NA,30,36,7.01329501507155
energy_event,62,beh2-3.0,structural-magnitude-pruning,MEDIUM,COMPLETED,2,NA,NA,-15.335467947130597,0.001336288934369989,NA,NA,NA,NA,NA,31,36,7.01329501507155
energy_event,62,beh2-3.0,structural-magnitude-pruning,MEDIUM,COMPLETED,2,NA,NA,-15.335467947130594,0.0013362889343735418,NA,NA,NA,NA,NA,32,36,7.01329501507155
energy_event,62,beh2-3.0,structural-magnitude-pruning,MEDIUM,COMPLETED,2,NA,NA,-15.335467947130597,0.001336288934369989,NA,NA,NA,NA,NA,33,36,7.01329501507155
energy_event,62,beh2-3.0,structural-magnitude-pruning,MEDIUM,COMPLETED,2,NA,NA,-15.335467947130597,0.001336288934369989,NA,NA,NA,NA,NA,34,36,7.01329501507155
energy_event,62,beh2-3.0,structural-magnitude-pruning,MEDIUM,COMPLETED,2,NA,NA,-15.335467947130594,0.0013362889343735418,NA,NA,NA,NA,NA,35,36,7.01329501507155
energy_event,62,beh2-3.0,structural-magnitude-pruning,MEDIUM,COMPLETED,2,NA,NA,-15.335467947130597,0.001336288934369989,NA,NA,NA,NA,NA,36,36,7.01329501507155
energy_event,62,beh2-3.0,structural-magnitude-pruning,MEDIUM,COMPLETED,2,NA,NA,-15.335467947130594,0.0013362889343735418,NA,NA,NA,NA,NA,37,36,7.01329501507155
energy_event,62,beh2-3.0,structural-magnitude-pruning,MEDIUM,COMPLETED,2,NA,NA,-15.335467947130597,0.001336288934369989,NA,NA,NA,NA,NA,38,36,7.01329501507155
energy_event,62,beh2-3.0,structural-magnitude-pruning,MEDIUM,COMPLETED,2,NA,NA,-15.335467947130594,0.0013362889343735418,NA,NA,NA,NA,NA,39,36,7.01329501507155
energy_event,62,beh2-3.0,structural-magnitude-pruning,MEDIUM,COMPLETED,2,NA,NA,-15.335467947130597,0.001336288934369989,NA,NA,NA,NA,NA,40,36,7.01329501507155
energy_event,62,beh2-3.0,structural-magnitude-pruning,MEDIUM,COMPLETED,2,NA,NA,-15.335467947130594,0.0013362889343735418,NA,NA,NA,NA,NA,41,36,7.01329501507155
energy_event,62,beh2-3.0,structural-magnitude-pruning,MEDIUM,COMPLETED,2,NA,NA,-15.335467947130597,0.001336288934369989,NA,NA,NA,NA,NA,42,36,7.01329501507155
energy_event,62,beh2-3.0,structural-magnitude-pruning,MEDIUM,COMPLETED,2,NA,NA,-15.335467947130594,0.0013362889343735418,NA,NA,NA,NA,NA,43,36,7.01329501507155
energy_event,62,beh2-3.0,structural-magnitude-pruning,MEDIUM,COMPLETED,2,NA,NA,-15.335467947130597,0.001336288934369989,NA,NA,NA,NA,NA,44,36,7.01329501507155
energy_event,62,beh2-3.0,structural-magnitude-pruning,MEDIUM,COMPLETED,2,NA,NA,-15.335467947130594,0.0013362889343735418,NA,NA,NA,NA,NA,45,36,7.01329501507155
energy_event,62,beh2-3.0,structural-magnitude-pruning,MEDIUM,COMPLETED,2,NA,NA,-15.335467947130597,0.001336288934369989,NA,NA,NA,NA,NA,46,36,7.01329501507155
energy_event,62,beh2-3.0,structural-magnitude-pruning,MEDIUM,COMPLETED,2,NA,NA,-15.335467947130594,0.0013362889343735418,NA,NA,NA,NA,NA,47,36,7.01329501507155
energy_event,62,beh2-3.0,structural-magnitude-pruning,MEDIUM,COMPLETED,2,NA,NA,-15.335467947130597,0.001336288934369989,NA,NA,NA,NA,NA,48,36,7.01329501507155
energy_event,62,beh2-3.0,structural-magnitude-pruning,MEDIUM,COMPLETED,2,NA,NA,-15.335467947130597,0.001336288934369989,NA,NA,NA,NA,NA,49,36,7.01329501507155
energy_event,62,beh2-3.0,structural-magnitude-pruning,MEDIUM,COMPLETED,2,NA,NA,-15.335467947130594,0.0013362889343735418,NA,NA,NA,NA,NA,50,36,7.01329501507155
energy_event,62,beh2-3.0,structural-magnitude-pruning,MEDIUM,COMPLETED,2,NA,NA,-15.335467947130597,0.001336288934369989,NA,NA,NA,NA,NA,51,36,7.01329501507155
energy_event,62,beh2-3.0,structural-magnitude-pruning,MEDIUM,COMPLETED,2,NA,NA,-15.335467947130594,0.0013362889343735418,NA,NA,NA,NA,NA,52,36,7.01329501507155
energy_event,62,beh2-3.0,structural-magnitude-pruning,MEDIUM,COMPLETED,2,NA,NA,-15.335467947130597,0.001336288934369989,NA,NA,NA,NA,NA,53,36,7.01329501507155
energy_event,62,beh2-3.0,structural-magnitude-pruning,MEDIUM,COMPLETED,2,NA,NA,-15.335467947130596,0.0013362889343717654,NA,NA,NA,NA,NA,54,36,7.013295093325843
energy_event,62,beh2-3.0,structural-magnitude-pruning,MEDIUM,COMPLETED,2,NA,NA,-15.335467947130581,0.0013362889343859763,NA,NA,NA,NA,NA,55,36,7.013295037482601
energy_event,62,beh2-3.0,structural-magnitude-pruning,MEDIUM,COMPLETED,2,NA,NA,-15.335467947130589,0.0013362889343788709,NA,NA,NA,NA,NA,56,36,7.013295026277076
energy_event,62,beh2-3.0,structural-magnitude-pruning,MEDIUM,COMPLETED,2,NA,NA,-15.335467947130603,0.00133628893436466,NA,NA,NA,NA,NA,57,36,7.013295020674313
energy_event,62,beh2-3.0,structural-magnitude-pruning,MEDIUM,COMPLETED,2,NA,NA,-15.335467947130592,0.0013362889343753181,NA,NA,NA,NA,NA,58,36,7.013295023475693
energy_event,62,beh2-3.0,structural-magnitude-pruning,MEDIUM,COMPLETED,2,NA,NA,-15.335467947130585,0.0013362889343824236,NA,NA,NA,NA,NA,59,36,7.0132950220750025
energy_event,62,beh2-3.0,structural-magnitude-pruning,MEDIUM,COMPLETED,2,NA,NA,-15.335467947130585,0.0013362889343824236,NA,NA,NA,NA,NA,60,36,7.013295021374656
energy_event,62,beh2-3.0,structural-magnitude-pruning,MEDIUM,COMPLETED,2,NA,NA,-15.335467947130587,0.0013362889343806472,NA,NA,NA,NA,NA,61,36,7.013295021024487
energy_event,62,beh2-3.0,structural-magnitude-pruning,MEDIUM,COMPLETED,2,NA,NA,-15.335467947130587,0.0013362889343806472,NA,NA,NA,NA,NA,62,36,7.013295020849398
energy_event,62,beh2-3.0,structural-magnitude-pruning,MEDIUM,COMPLETED,2,NA,NA,-15.335467947130585,0.0013362889343824236,NA,NA,NA,NA,NA,63,36,7.0132950207618565
energy_event,62,beh2-3.0,structural-magnitude-pruning,MEDIUM,COMPLETED,2,NA,NA,-15.335467947130576,0.0013362889343913054,NA,NA,NA,NA,NA,64,36,7.013295020718084
energy_event,62,beh2-3.0,structural-magnitude-pruning,MEDIUM,COMPLETED,2,NA,NA,-15.335467947130605,0.0013362889343628837,NA,NA,NA,NA,NA,65,36,7.013295020696197
energy_event,63,beh2-3.0,v4.1-one-shot-joint-compression,MEDIUM,ALGORITHM_REJECTED,1,NA,NA,-15.327504563619403,0.00929967244556451,NA,NA,NA,NA,NA,1,34,7.021822490825695
energy_event,63,beh2-3.0,v4.1-one-shot-joint-compression,MEDIUM,ALGORITHM_REJECTED,1,NA,NA,-15.268867989652968,0.06793624641199969,NA,NA,NA,NA,NA,2,34,6.814184737446171
energy_event,63,beh2-3.0,v4.1-one-shot-joint-compression,MEDIUM,ALGORITHM_REJECTED,1,NA,NA,-15.33132757833279,0.00547665773217787,NA,NA,NA,NA,NA,3,34,6.915853099501806
energy_event,63,beh2-3.0,v4.1-one-shot-joint-compression,MEDIUM,ALGORITHM_REJECTED,1,NA,NA,-15.332325501086551,0.004478734978416554,NA,NA,NA,NA,NA,4,34,6.904172586437139
energy_event,63,beh2-3.0,v4.1-one-shot-joint-compression,MEDIUM,ALGORITHM_REJECTED,1,NA,NA,-15.331839415993437,0.004964820071529985,NA,NA,NA,NA,NA,5,34,6.780687680097155
energy_event,63,beh2-3.0,v4.1-one-shot-joint-compression,MEDIUM,ALGORITHM_REJECTED,1,NA,NA,-15.332727134106603,0.004077101958364082,NA,NA,NA,NA,NA,6,34,6.8497965681613
energy_event,63,beh2-3.0,v4.1-one-shot-joint-compression,MEDIUM,ALGORITHM_REJECTED,1,NA,NA,-15.332990991793595,0.003813244271372085,NA,NA,NA,NA,NA,7,34,6.84527270037882
energy_event,63,beh2-3.0,v4.1-one-shot-joint-compression,MEDIUM,ALGORITHM_REJECTED,1,NA,NA,-15.333148259206496,0.0036559768584716323,NA,NA,NA,NA,NA,8,34,6.843635552619542
energy_event,63,beh2-3.0,v4.1-one-shot-joint-compression,MEDIUM,ALGORITHM_REJECTED,1,NA,NA,-15.332981681552228,0.0038225545127392735,NA,NA,NA,NA,NA,9,34,6.817470012044292
energy_event,63,beh2-3.0,v4.1-one-shot-joint-compression,MEDIUM,ALGORITHM_REJECTED,1,NA,NA,-15.333201271612271,0.0036029644526962556,NA,NA,NA,NA,NA,10,34,6.834447306308657
energy_event,63,beh2-3.0,v4.1-one-shot-joint-compression,MEDIUM,ALGORITHM_REJECTED,1,NA,NA,-15.33327638033687,0.003527855728098217,NA,NA,NA,NA,NA,11,34,6.840617943675325
energy_event,63,beh2-3.0,v4.1-one-shot-joint-compression,MEDIUM,ALGORITHM_REJECTED,1,NA,NA,-15.333374268352006,0.0034299677129610018,NA,NA,NA,NA,NA,12,34,6.861608789677
energy_event,63,beh2-3.0,v4.1-one-shot-joint-compression,MEDIUM,ALGORITHM_REJECTED,1,NA,NA,-15.3334989849254,0.0033052511395670336,NA,NA,NA,NA,NA,13,34,6.904651783303363
energy_event,63,beh2-3.0,v4.1-one-shot-joint-compression,MEDIUM,ALGORITHM_REJECTED,1,NA,NA,-15.33365695632545,0.003147279739517117,NA,NA,NA,NA,NA,14,34,6.992268260695212
energy_event,63,beh2-3.0,v4.1-one-shot-joint-compression,MEDIUM,ALGORITHM_REJECTED,1,NA,NA,-15.333729062131997,0.0030751739329701877,NA,NA,NA,NA,NA,15,34,7.0362074942657165
energy_event,63,beh2-3.0,v4.1-one-shot-joint-compression,MEDIUM,ALGORITHM_REJECTED,1,NA,NA,-15.333821961374404,0.0029822746905630027,NA,NA,NA,NA,NA,16,34,7.0440541309822375
energy_event,63,beh2-3.0,v4.1-one-shot-joint-compression,MEDIUM,ALGORITHM_REJECTED,1,NA,NA,-15.333828675288574,0.0029755607763934933,NA,NA,NA,NA,NA,17,34,7.016404892683239
energy_event,63,beh2-3.0,v4.1-one-shot-joint-compression,MEDIUM,ALGORITHM_REJECTED,1,NA,NA,-15.333840802109847,0.0029634339551201094,NA,NA,NA,NA,NA,18,34,7.020367210978216
energy_event,63,beh2-3.0,v4.1-one-shot-joint-compression,MEDIUM,ALGORITHM_REJECTED,1,NA,NA,-15.333859483801882,0.002944752263084993,NA,NA,NA,NA,NA,19,34,7.031860951384886
energy_event,63,beh2-3.0,v4.1-one-shot-joint-compression,MEDIUM,ALGORITHM_REJECTED,1,NA,NA,-15.333870786109856,0.002933449955111911,NA,NA,NA,NA,NA,20,34,7.04257156621209
energy_event,63,beh2-3.0,v4.1-one-shot-joint-compression,MEDIUM,ALGORITHM_REJECTED,1,NA,NA,-15.33387596458837,0.002928271476596578,NA,NA,NA,NA,NA,21,34,7.045072562257449
energy_event,63,beh2-3.0,v4.1-one-shot-joint-compression,MEDIUM,ALGORITHM_REJECTED,1,NA,NA,-15.333881961910544,0.0029222741544234765,NA,NA,NA,NA,NA,22,34,7.043581582488582
energy_event,63,beh2-3.0,v4.1-one-shot-joint-compression,MEDIUM,ALGORITHM_REJECTED,1,NA,NA,-15.33389131177856,0.0029129242864076588,NA,NA,NA,NA,NA,23,34,7.044267331476114
energy_event,63,beh2-3.0,v4.1-one-shot-joint-compression,MEDIUM,ALGORITHM_REJECTED,1,NA,NA,-15.333902131529907,0.002902104535060346,NA,NA,NA,NA,NA,24,34,7.055245525456672
energy_event,63,beh2-3.0,v4.1-one-shot-joint-compression,MEDIUM,ALGORITHM_REJECTED,1,NA,NA,-15.333908540239904,0.002895695825063882,NA,NA,NA,NA,NA,25,34,7.060371933311729
energy_event,63,beh2-3.0,v4.1-one-shot-joint-compression,MEDIUM,ALGORITHM_REJECTED,1,NA,NA,-15.333919344095312,0.0028848919696553565,NA,NA,NA,NA,NA,26,34,7.072021566101221
energy_event,63,beh2-3.0,v4.1-one-shot-joint-compression,MEDIUM,ALGORITHM_REJECTED,1,NA,NA,-15.333936774484624,0.0028674615803438996,NA,NA,NA,NA,NA,27,34,7.08977473307922
energy_event,63,beh2-3.0,v4.1-one-shot-joint-compression,MEDIUM,ALGORITHM_REJECTED,1,NA,NA,-15.33395795176075,0.0028462843042174057,NA,NA,NA,NA,NA,28,34,7.1178714670567
energy_event,63,beh2-3.0,v4.1-one-shot-joint-compression,MEDIUM,ALGORITHM_REJECTED,1,NA,NA,-15.333975963035144,0.0028282730298236913,NA,NA,NA,NA,NA,29,34,7.120706947548261
energy_event,63,beh2-3.0,v4.1-one-shot-joint-compression,MEDIUM,ALGORITHM_REJECTED,1,NA,NA,-15.333991000702365,0.002813235362602029,NA,NA,NA,NA,NA,30,34,7.135524440171593
energy_event,63,beh2-3.0,v4.1-one-shot-joint-compression,MEDIUM,ALGORITHM_REJECTED,1,NA,NA,-15.333995191672656,0.002809044392311222,NA,NA,NA,NA,NA,31,34,7.138730185058206
energy_event,63,beh2-3.0,v4.1-one-shot-joint-compression,MEDIUM,ALGORITHM_REJECTED,1,NA,NA,-15.333997875934974,0.002806360129993024,NA,NA,NA,NA,NA,32,34,7.133751544677388
energy_event,63,beh2-3.0,v4.1-one-shot-joint-compression,MEDIUM,ALGORITHM_REJECTED,1,NA,NA,-15.333999714719083,0.002804521345884936,NA,NA,NA,NA,NA,33,34,7.142425517337148
energy_event,63,beh2-3.0,v4.1-one-shot-joint-compression,MEDIUM,ALGORITHM_REJECTED,1,NA,NA,-15.33400089671504,0.0028033393499278247,NA,NA,NA,NA,NA,34,34,7.1417603053909415
energy_event,63,beh2-3.0,v4.1-one-shot-joint-compression,MEDIUM,ALGORITHM_REJECTED,1,NA,NA,-15.334001928052224,0.002802308012743282,NA,NA,NA,NA,NA,35,34,7.1437085544904715
energy_event,63,beh2-3.0,v4.1-one-shot-joint-compression,MEDIUM,ALGORITHM_REJECTED,1,NA,NA,-15.334002969029562,0.002801267035405175,NA,NA,NA,NA,NA,36,34,7.145009301349065
energy_event,63,beh2-3.0,v4.1-one-shot-joint-compression,MEDIUM,ALGORITHM_REJECTED,1,NA,NA,-15.33400468618086,0.002799549884107577,NA,NA,NA,NA,NA,37,34,7.146936469756631
energy_event,63,beh2-3.0,v4.1-one-shot-joint-compression,MEDIUM,ALGORITHM_REJECTED,1,NA,NA,-15.334007461677222,0.00279677438774506,NA,NA,NA,NA,NA,38,34,7.1477583929311335
energy_event,63,beh2-3.0,v4.1-one-shot-joint-compression,MEDIUM,ALGORITHM_REJECTED,1,NA,NA,-15.33401091264911,0.00279332341585814,NA,NA,NA,NA,NA,39,34,7.1467867183462745
energy_event,63,beh2-3.0,v4.1-one-shot-joint-compression,MEDIUM,ALGORITHM_REJECTED,1,NA,NA,-15.334013773986849,0.0027904620781189493,NA,NA,NA,NA,NA,40,34,7.143040855133328
energy_event,63,beh2-3.0,v4.1-one-shot-joint-compression,MEDIUM,ALGORITHM_REJECTED,1,NA,NA,-15.33401576328367,0.0027884727812974575,NA,NA,NA,NA,NA,41,34,7.136960447702501
energy_event,63,beh2-3.0,v4.1-one-shot-joint-compression,MEDIUM,ALGORITHM_REJECTED,1,NA,NA,-15.33401589363947,0.002788342425496637,NA,NA,NA,NA,NA,42,34,7.136391017664524
energy_event,63,beh2-3.0,v4.1-one-shot-joint-compression,MEDIUM,ALGORITHM_REJECTED,1,NA,NA,-15.334015973133473,0.0027882629314941454,NA,NA,NA,NA,NA,43,34,7.135625562399742
energy_event,63,beh2-3.0,v4.1-one-shot-joint-compression,MEDIUM,ALGORITHM_REJECTED,1,NA,NA,-15.33401598069244,0.0027882553725273596,NA,NA,NA,NA,NA,44,34,7.135408305127565
energy_event,63,beh2-3.0,v4.1-one-shot-joint-compression,MEDIUM,ALGORITHM_REJECTED,1,NA,NA,-15.334015982735524,0.0027882533294434353,NA,NA,NA,NA,NA,45,34,7.135501064266108
energy_event,63,beh2-3.0,v4.1-one-shot-joint-compression,MEDIUM,ALGORITHM_REJECTED,1,NA,NA,-15.33401598326493,0.002788252800037583,NA,NA,NA,NA,NA,46,34,7.13553218566281
energy_event,63,beh2-3.0,v4.1-one-shot-joint-compression,MEDIUM,ALGORITHM_REJECTED,1,NA,NA,-15.334015983588174,0.0027882524767939287,NA,NA,NA,NA,NA,47,34,7.13553703871624
energy_event,63,beh2-3.0,v4.1-one-shot-joint-compression,MEDIUM,ALGORITHM_REJECTED,1,NA,NA,-15.334015983758851,0.0027882523061162345,NA,NA,NA,NA,NA,48,34,7.1355495707218575
energy_event,63,beh2-3.0,v4.1-one-shot-joint-compression,MEDIUM,ALGORITHM_REJECTED,1,NA,NA,-15.334015983802084,0.0027882522628832618,NA,NA,NA,NA,NA,49,34,7.135554834334278
energy_event,63,beh2-3.0,v4.1-one-shot-joint-compression,MEDIUM,ALGORITHM_REJECTED,1,NA,NA,-15.334015983806452,0.0027882522585152003,NA,NA,NA,NA,NA,50,34,7.135558717054869
energy_event,63,beh2-3.0,v4.1-one-shot-joint-compression,MEDIUM,ALGORITHM_REJECTED,1,NA,NA,-15.334015983806655,0.0027882522583126956,NA,NA,NA,NA,NA,51,34,7.135558966830357
energy_event,63,beh2-3.0,v4.1-one-shot-joint-compression,MEDIUM,ALGORITHM_REJECTED,1,NA,NA,-15.334015983806685,0.0027882522582824976,NA,NA,NA,NA,NA,52,34,7.13555909443248
energy_event,63,beh2-3.0,v4.1-one-shot-joint-compression,MEDIUM,ALGORITHM_REJECTED,1,NA,NA,-15.334015983806678,0.002788252258289603,NA,NA,NA,NA,NA,53,34,7.135559120083124
energy_event,63,beh2-3.0,v4.1-one-shot-joint-compression,MEDIUM,ALGORITHM_REJECTED,1,NA,NA,-15.334015983806683,0.002788252258284274,NA,NA,NA,NA,NA,54,34,7.135559095986941
energy_event,63,beh2-3.0,v4.1-one-shot-joint-compression,MEDIUM,ALGORITHM_REJECTED,1,NA,NA,-15.334015983806683,0.002788252258284274,NA,NA,NA,NA,NA,55,34,7.135559094458559
energy_event,63,beh2-3.0,v4.1-one-shot-joint-compression,MEDIUM,ALGORITHM_REJECTED,1,NA,NA,-15.334015983806685,0.0027882522582824976,NA,NA,NA,NA,NA,56,34,7.135559094432487
energy_event,63,beh2-3.0,v4.1-one-shot-joint-compression,MEDIUM,ALGORITHM_REJECTED,1,NA,NA,-15.33401598380669,0.0027882522582771685,NA,NA,NA,NA,NA,57,34,7.135559094449693
energy_event,63,beh2-3.0,v4.1-one-shot-joint-compression,MEDIUM,ALGORITHM_REJECTED,1,NA,NA,-15.334015983806687,0.002788252258280721,NA,NA,NA,NA,NA,58,34,7.135559094449696
energy_event,63,beh2-3.0,v4.1-one-shot-joint-compression,MEDIUM,ALGORITHM_REJECTED,1,NA,NA,-15.33401598380669,0.0027882522582771685,NA,NA,NA,NA,NA,59,34,7.135559094449693
energy_event,63,beh2-3.0,v4.1-one-shot-joint-compression,MEDIUM,ALGORITHM_REJECTED,1,NA,NA,-15.334015983806692,0.002788252258275392,NA,NA,NA,NA,NA,60,34,7.135559094449694
energy_event,63,beh2-3.0,v4.1-one-shot-joint-compression,MEDIUM,ALGORITHM_REJECTED,1,NA,NA,-15.334015983806692,0.002788252258275392,NA,NA,NA,NA,NA,61,34,7.135559094449696
energy_event,63,beh2-3.0,v4.1-one-shot-joint-compression,MEDIUM,ALGORITHM_REJECTED,1,NA,NA,-15.334015983806681,0.0027882522582860503,NA,NA,NA,NA,NA,62,34,7.135559094449696
energy_event,63,beh2-3.0,v4.1-one-shot-joint-compression,MEDIUM,ALGORITHM_REJECTED,1,NA,NA,-15.334015983806692,0.002788252258275392,NA,NA,NA,NA,NA,63,34,7.135559094449696
energy_event,63,beh2-3.0,v4.1-one-shot-joint-compression,MEDIUM,ALGORITHM_REJECTED,1,NA,NA,-15.334015983806685,0.0027882522582824976,NA,NA,NA,NA,NA,64,34,7.135559094449695
energy_event,63,beh2-3.0,v4.1-one-shot-joint-compression,MEDIUM,ALGORITHM_REJECTED,1,NA,NA,-15.334015983806692,0.002788252258275392,NA,NA,NA,NA,NA,65,34,7.135559094449696
energy_event,63,beh2-3.0,v4.1-one-shot-joint-compression,MEDIUM,ALGORITHM_REJECTED,1,NA,NA,-15.334015983806694,0.0027882522582736158,NA,NA,NA,NA,NA,66,34,7.135559094449696
energy_event,63,beh2-3.0,v4.1-one-shot-joint-compression,MEDIUM,ALGORITHM_REJECTED,1,NA,NA,-15.334015983806687,0.002788252258280721,NA,NA,NA,NA,NA,67,34,7.135559094449695
energy_event,63,beh2-3.0,v4.1-one-shot-joint-compression,MEDIUM,ALGORITHM_REJECTED,1,NA,NA,-15.334015983806694,0.0027882522582736158,NA,NA,NA,NA,NA,68,34,7.135559094449696
energy_event,63,beh2-3.0,v4.1-one-shot-joint-compression,MEDIUM,ALGORITHM_REJECTED,1,NA,NA,-15.334015983806694,0.0027882522582736158,NA,NA,NA,NA,NA,69,34,7.135559094449696
energy_event,63,beh2-3.0,v4.1-one-shot-joint-compression,MEDIUM,ALGORITHM_REJECTED,1,NA,NA,-15.334015983806678,0.002788252258289603,NA,NA,NA,NA,NA,70,34,7.135559120083124
energy_event,63,beh2-3.0,v4.1-one-shot-joint-compression,MEDIUM,ALGORITHM_REJECTED,1,NA,NA,-15.334015983806696,0.0027882522582718394,NA,NA,NA,NA,NA,71,34,7.135559098426542
energy_event,63,beh2-3.0,v4.1-one-shot-joint-compression,MEDIUM,ALGORITHM_REJECTED,1,NA,NA,-15.334015983806689,0.002788252258278945,NA,NA,NA,NA,NA,72,34,7.135559106337987
energy_event,63,beh2-3.0,v4.1-one-shot-joint-compression,MEDIUM,ALGORITHM_REJECTED,1,NA,NA,-15.334015983806683,0.002788252258284274,NA,NA,NA,NA,NA,73,34,7.135559098863448
energy_event,63,beh2-3.0,v4.1-one-shot-joint-compression,MEDIUM,ALGORITHM_REJECTED,1,NA,NA,-15.334015983806689,0.002788252258278945,NA,NA,NA,NA,NA,74,34,7.135559098427446
energy_event,63,beh2-3.0,v4.1-one-shot-joint-compression,MEDIUM,ALGORITHM_REJECTED,1,NA,NA,-15.334015983806697,0.002788252258270063,NA,NA,NA,NA,NA,75,34,7.135559098426542
energy_event,63,beh2-3.0,v4.1-one-shot-joint-compression,MEDIUM,ALGORITHM_REJECTED,1,NA,NA,-15.334015983806697,0.002788252258270063,NA,NA,NA,NA,NA,76,34,7.135559098426994
energy_event,63,beh2-3.0,v4.1-one-shot-joint-compression,MEDIUM,ALGORITHM_REJECTED,1,NA,NA,-15.334015983806706,0.0027882522582611813,NA,NA,NA,NA,NA,77,34,7.135559098427293
energy_event,63,beh2-3.0,v4.1-one-shot-joint-compression,MEDIUM,ALGORITHM_REJECTED,1,NA,NA,-15.334015983806706,0.0027882522582611813,NA,NA,NA,NA,NA,78,34,7.135559098427293
energy_event,63,beh2-3.0,v4.1-one-shot-joint-compression,MEDIUM,ALGORITHM_REJECTED,1,NA,NA,-15.3340159838067,0.0027882522582682867,NA,NA,NA,NA,NA,79,34,7.135559098427393
energy_event,63,beh2-3.0,v4.1-one-shot-joint-compression,MEDIUM,ALGORITHM_REJECTED,1,NA,NA,-15.334015983806706,0.0027882522582611813,NA,NA,NA,NA,NA,80,34,7.135559098427293
energy_event,63,beh2-3.0,v4.1-one-shot-joint-compression,MEDIUM,ALGORITHM_REJECTED,1,NA,NA,-15.334015983806706,0.0027882522582611813,NA,NA,NA,NA,NA,81,34,7.135559098427293
energy_event,63,beh2-3.0,v4.1-one-shot-joint-compression,MEDIUM,ALGORITHM_REJECTED,1,NA,NA,-15.334015983806696,0.0027882522582718394,NA,NA,NA,NA,NA,82,34,7.135559098427343
energy_event,63,beh2-3.0,v4.1-one-shot-joint-compression,MEDIUM,ALGORITHM_REJECTED,1,NA,NA,-15.334015983806706,0.0027882522582611813,NA,NA,NA,NA,NA,83,34,7.135559098427293
energy_event,63,beh2-3.0,v4.1-one-shot-joint-compression,MEDIUM,ALGORITHM_REJECTED,1,NA,NA,-15.33401598380669,0.0027882522582771685,NA,NA,NA,NA,NA,84,34,7.135559098427318
energy_event,63,beh2-3.0,v4.1-one-shot-joint-compression,MEDIUM,ALGORITHM_REJECTED,1,NA,NA,-15.334015983806706,0.0027882522582611813,NA,NA,NA,NA,NA,85,34,7.135559098427293
energy_event,63,beh2-3.0,v4.1-one-shot-joint-compression,MEDIUM,ALGORITHM_REJECTED,1,NA,NA,-15.334015983806689,0.002788252258278945,NA,NA,NA,NA,NA,86,34,7.135559098427306
energy_event,63,beh2-3.0,v4.1-one-shot-joint-compression,MEDIUM,ALGORITHM_REJECTED,1,NA,NA,-15.334015983806706,0.0027882522582611813,NA,NA,NA,NA,NA,87,34,7.135559098427293
energy_event,63,beh2-3.0,v4.1-one-shot-joint-compression,MEDIUM,ALGORITHM_REJECTED,1,NA,NA,-15.33401598380669,0.0027882522582771685,NA,NA,NA,NA,NA,88,34,7.135559098427298
energy_event,63,beh2-3.0,v4.1-one-shot-joint-compression,MEDIUM,ALGORITHM_REJECTED,1,NA,NA,-15.334015983806706,0.0027882522582611813,NA,NA,NA,NA,NA,89,34,7.135559098427293
energy_event,63,beh2-3.0,v4.1-one-shot-joint-compression,MEDIUM,ALGORITHM_REJECTED,1,NA,NA,-15.33401598380669,0.0027882522582771685,NA,NA,NA,NA,NA,90,34,7.1355590984272945
energy_event,63,beh2-3.0,v4.1-one-shot-joint-compression,MEDIUM,ALGORITHM_REJECTED,1,NA,NA,-15.334015983806706,0.0027882522582611813,NA,NA,NA,NA,NA,91,34,7.135559098427293
energy_event,63,beh2-3.0,v4.1-one-shot-joint-compression,MEDIUM,ALGORITHM_REJECTED,1,NA,NA,-15.334015983806689,0.002788252258278945,NA,NA,NA,NA,NA,92,34,7.135559098427294
energy_event,63,beh2-3.0,v4.1-one-shot-joint-compression,MEDIUM,ALGORITHM_REJECTED,1,NA,NA,-15.334015983806706,0.0027882522582611813,NA,NA,NA,NA,NA,93,34,7.135559098427293
energy_event,63,beh2-3.0,v4.1-one-shot-joint-compression,MEDIUM,ALGORITHM_REJECTED,1,NA,NA,-15.334015983806687,0.002788252258280721,NA,NA,NA,NA,NA,94,34,7.135559098427294
energy_event,63,beh2-3.0,v4.1-one-shot-joint-compression,MEDIUM,ALGORITHM_REJECTED,1,NA,NA,-15.334015983806706,0.0027882522582611813,NA,NA,NA,NA,NA,95,34,7.135559098427293
energy_event,63,beh2-3.0,v4.1-one-shot-joint-compression,MEDIUM,ALGORITHM_REJECTED,1,NA,NA,-15.33401598380669,0.0027882522582771685,NA,NA,NA,NA,NA,96,34,7.135559098427293
energy_event,63,beh2-3.0,v4.1-one-shot-joint-compression,MEDIUM,ALGORITHM_REJECTED,1,NA,NA,-15.334015983806706,0.0027882522582611813,NA,NA,NA,NA,NA,97,34,7.135559098427293
energy_event,63,beh2-3.0,v4.1-one-shot-joint-compression,MEDIUM,ALGORITHM_REJECTED,1,NA,NA,-15.334015983806697,0.002788252258270063,NA,NA,NA,NA,NA,98,34,7.135559098427292
energy_event,63,beh2-3.0,v4.1-one-shot-joint-compression,MEDIUM,ALGORITHM_REJECTED,1,NA,NA,-15.334015983806706,0.0027882522582611813,NA,NA,NA,NA,NA,99,34,7.135559098427293
energy_event,63,beh2-3.0,v4.1-one-shot-joint-compression,MEDIUM,ALGORITHM_REJECTED,1,NA,NA,-15.33401598380669,0.0027882522582771685,NA,NA,NA,NA,NA,100,34,7.135559098427292
energy_event,63,beh2-3.0,v4.1-one-shot-joint-compression,MEDIUM,ALGORITHM_REJECTED,1,NA,NA,-15.334015983806706,0.0027882522582611813,NA,NA,NA,NA,NA,101,34,7.135559098427293
energy_event,63,beh2-3.0,v4.1-one-shot-joint-compression,MEDIUM,ALGORITHM_REJECTED,1,NA,NA,-15.334015983806701,0.0027882522582665104,NA,NA,NA,NA,NA,102,34,7.135559098427293
energy_event,63,beh2-3.0,v4.1-one-shot-joint-compression,MEDIUM,ALGORITHM_REJECTED,1,NA,NA,-15.334015983806706,0.0027882522582611813,NA,NA,NA,NA,NA,103,34,7.135559098427293
energy_event,63,beh2-3.0,v4.1-one-shot-joint-compression,MEDIUM,ALGORITHM_REJECTED,1,NA,NA,-15.3340159838067,0.0027882522582682867,NA,NA,NA,NA,NA,104,34,7.135559098427293
energy_event,63,beh2-3.0,v4.1-one-shot-joint-compression,MEDIUM,ALGORITHM_REJECTED,1,NA,NA,-15.334015983806706,0.0027882522582611813,NA,NA,NA,NA,NA,105,34,7.135559098427293
energy_event,63,beh2-3.0,v4.1-one-shot-joint-compression,MEDIUM,ALGORITHM_REJECTED,1,NA,NA,-15.334015983806703,0.002788252258264734,NA,NA,NA,NA,NA,106,34,7.135559098427292
energy_event,63,beh2-3.0,v4.1-one-shot-joint-compression,MEDIUM,ALGORITHM_REJECTED,1,NA,NA,-15.334015983806706,0.0027882522582611813,NA,NA,NA,NA,NA,107,34,7.135559098427293
energy_event,63,beh2-3.0,v4.1-one-shot-joint-compression,MEDIUM,ALGORITHM_REJECTED,1,NA,NA,-15.334015983806706,0.0027882522582611813,NA,NA,NA,NA,NA,108,34,7.135559098427293
energy_event,63,beh2-3.0,v4.1-one-shot-joint-compression,MEDIUM,ALGORITHM_REJECTED,1,NA,NA,-15.334015983806704,0.0027882522582629576,NA,NA,NA,NA,NA,109,34,7.135559098427292
energy_event,63,beh2-3.0,v4.1-one-shot-joint-compression,MEDIUM,ALGORITHM_REJECTED,1,NA,NA,-15.334015983806706,0.0027882522582611813,NA,NA,NA,NA,NA,110,34,7.135559098427293
energy_event,63,beh2-3.0,v4.1-one-shot-joint-compression,MEDIUM,ALGORITHM_REJECTED,1,NA,NA,-15.334015983806706,0.0027882522582611813,NA,NA,NA,NA,NA,111,34,7.135559098427293
energy_event,63,beh2-3.0,v4.1-one-shot-joint-compression,MEDIUM,ALGORITHM_REJECTED,1,NA,NA,-15.334015983806704,0.0027882522582629576,NA,NA,NA,NA,NA,112,34,7.135559098427293
energy_event,63,beh2-3.0,v4.1-one-shot-joint-compression,MEDIUM,ALGORITHM_REJECTED,1,NA,NA,-15.334015983806706,0.0027882522582611813,NA,NA,NA,NA,NA,113,34,7.135559098427293
energy_event,63,beh2-3.0,v4.1-one-shot-joint-compression,MEDIUM,ALGORITHM_REJECTED,1,NA,NA,-15.334015983806689,0.002788252258278945,NA,NA,NA,NA,NA,114,34,7.135559106337987
energy_event,63,beh2-3.0,v4.1-one-shot-joint-compression,MEDIUM,ALGORITHM_REJECTED,1,NA,NA,-15.33401598380669,0.0027882522582771685,NA,NA,NA,NA,NA,115,34,7.1355590995515
energy_event,63,beh2-3.0,v4.1-one-shot-joint-compression,MEDIUM,ALGORITHM_REJECTED,1,NA,NA,-15.334015983806703,0.002788252258264734,NA,NA,NA,NA,NA,116,34,7.135559098989021
energy_event,63,beh2-3.0,v4.1-one-shot-joint-compression,MEDIUM,ALGORITHM_REJECTED,1,NA,NA,-15.33401598380669,0.0027882522582771685,NA,NA,NA,NA,NA,117,34,7.135559099270261
energy_event,63,beh2-3.0,v4.1-one-shot-joint-compression,MEDIUM,ALGORITHM_REJECTED,1,NA,NA,-15.33401598380669,0.0027882522582771685,NA,NA,NA,NA,NA,118,34,7.13555909912964
energy_event,63,beh2-3.0,v4.1-one-shot-joint-compression,MEDIUM,ALGORITHM_REJECTED,1,NA,NA,-15.334015983806689,0.002788252258278945,NA,NA,NA,NA,NA,119,34,7.13555909905933
energy_event,63,beh2-3.0,v4.1-one-shot-joint-compression,MEDIUM,ALGORITHM_REJECTED,1,NA,NA,-15.334015983806697,0.002788252258270063,NA,NA,NA,NA,NA,120,34,7.135559099024176
energy_event,63,beh2-3.0,v4.1-one-shot-joint-compression,MEDIUM,ALGORITHM_REJECTED,1,NA,NA,-15.334015983806678,0.002788252258289603,NA,NA,NA,NA,NA,121,34,7.135559099006597
energy_event,63,beh2-3.0,v4.1-one-shot-joint-compression,MEDIUM,ALGORITHM_REJECTED,1,NA,NA,-15.334015983806669,0.0027882522582984848,NA,NA,NA,NA,NA,122,34,7.13555909899781
energy_event,63,beh2-3.0,v4.1-one-shot-joint-compression,MEDIUM,ALGORITHM_REJECTED,1,NA,NA,-15.33401598380669,0.0027882522582771685,NA,NA,NA,NA,NA,123,34,7.135559098993415
energy_event,63,beh2-3.0,v4.1-one-shot-joint-compression,MEDIUM,ALGORITHM_REJECTED,1,NA,NA,-15.334015983806694,0.0027882522582736158,NA,NA,NA,NA,NA,124,34,7.1355590989912185
energy_event,63,beh2-3.0,v4.1-one-shot-joint-compression,MEDIUM,ALGORITHM_REJECTED,1,NA,NA,-15.334015983806689,0.002788252258278945,NA,NA,NA,NA,NA,125,34,7.13555909899012
energy_event,64,beh2-3.0,v5-fixed-source-whitelist-no-replenishment,MEDIUM,COMPLETED,1,NA,NA,-15.335468001060383,0.001336235004584907,NA,NA,NA,NA,NA,1,37,7.013286248491814
energy_event,64,beh2-3.0,v5-fixed-source-whitelist-no-replenishment,MEDIUM,COMPLETED,1,NA,NA,-15.33546800106628,0.0013362349986874023,NA,NA,NA,NA,NA,2,37,7.013291989211199
energy_event,64,beh2-3.0,v5-fixed-source-whitelist-no-replenishment,MEDIUM,COMPLETED,1,NA,NA,-15.335468001066745,0.0013362349982219968,NA,NA,NA,NA,NA,3,37,7.0132947219278705
energy_event,64,beh2-3.0,v5-fixed-source-whitelist-no-replenishment,MEDIUM,COMPLETED,1,NA,NA,-15.33546800106689,0.0013362349980781119,NA,NA,NA,NA,NA,4,37,7.013295641389365
energy_event,64,beh2-3.0,v5-fixed-source-whitelist-no-replenishment,MEDIUM,COMPLETED,1,NA,NA,-15.335468001066898,0.00133623499806923,NA,NA,NA,NA,NA,5,37,7.013295495093283
energy_event,64,beh2-3.0,v5-fixed-source-whitelist-no-replenishment,MEDIUM,COMPLETED,1,NA,NA,-15.33546800106691,0.0013362349980567956,NA,NA,NA,NA,NA,6,37,7.013295272309039
energy_event,64,beh2-3.0,v5-fixed-source-whitelist-no-replenishment,MEDIUM,COMPLETED,2,NA,NA,-15.335467973592003,0.0013362624729644779,NA,NA,NA,NA,NA,7,36,7.01356020963018
energy_event,64,beh2-3.0,v5-fixed-source-whitelist-no-replenishment,MEDIUM,COMPLETED,2,NA,NA,-15.335467974167457,0.001336261897510127,NA,NA,NA,NA,NA,8,36,7.013543457933498
energy_event,64,beh2-3.0,v5-fixed-source-whitelist-no-replenishment,MEDIUM,COMPLETED,2,NA,NA,-15.335467974190141,0.0013362618748260502,NA,NA,NA,NA,NA,9,36,7.013542570251897
energy_event,64,beh2-3.0,v5-fixed-source-whitelist-no-replenishment,MEDIUM,COMPLETED,2,NA,NA,-15.335467974191898,0.0013362618730692333,NA,NA,NA,NA,NA,10,36,7.013543186875243
energy_event,64,beh2-3.0,v5-fixed-source-whitelist-no-replenishment,MEDIUM,COMPLETED,2,NA,NA,-15.335467974191952,0.0013362618730159426,NA,NA,NA,NA,NA,11,36,7.013544191698665
energy_event,64,beh2-3.0,v5-fixed-source-whitelist-no-replenishment,MEDIUM,COMPLETED,2,NA,NA,-15.335467974191966,0.0013362618730017317,NA,NA,NA,NA,NA,12,36,7.0135445151702465
energy_event,65,beh2-3.0,v5-sequential-with-rebuilding,MEDIUM,COMPLETED,1,NA,NA,-15.335468001060383,0.001336235004584907,NA,NA,NA,NA,NA,1,37,7.013286248491814
energy_event,65,beh2-3.0,v5-sequential-with-rebuilding,MEDIUM,COMPLETED,1,NA,NA,-15.33546800106628,0.0013362349986874023,NA,NA,NA,NA,NA,2,37,7.013291989211199
energy_event,65,beh2-3.0,v5-sequential-with-rebuilding,MEDIUM,COMPLETED,1,NA,NA,-15.335468001066745,0.0013362349982219968,NA,NA,NA,NA,NA,3,37,7.0132947219278705
energy_event,65,beh2-3.0,v5-sequential-with-rebuilding,MEDIUM,COMPLETED,1,NA,NA,-15.33546800106689,0.0013362349980781119,NA,NA,NA,NA,NA,4,37,7.013295641389365
energy_event,65,beh2-3.0,v5-sequential-with-rebuilding,MEDIUM,COMPLETED,1,NA,NA,-15.335468001066898,0.00133623499806923,NA,NA,NA,NA,NA,5,37,7.013295495093283
energy_event,65,beh2-3.0,v5-sequential-with-rebuilding,MEDIUM,COMPLETED,1,NA,NA,-15.33546800106691,0.0013362349980567956,NA,NA,NA,NA,NA,6,37,7.013295272309039
energy_event,65,beh2-3.0,v5-sequential-with-rebuilding,MEDIUM,COMPLETED,2,NA,NA,-15.335467973592003,0.0013362624729644779,NA,NA,NA,NA,NA,7,36,7.01356020963018
energy_event,65,beh2-3.0,v5-sequential-with-rebuilding,MEDIUM,COMPLETED,2,NA,NA,-15.335467974167457,0.001336261897510127,NA,NA,NA,NA,NA,8,36,7.013543457933498
energy_event,65,beh2-3.0,v5-sequential-with-rebuilding,MEDIUM,COMPLETED,2,NA,NA,-15.335467974190141,0.0013362618748260502,NA,NA,NA,NA,NA,9,36,7.013542570251897
energy_event,65,beh2-3.0,v5-sequential-with-rebuilding,MEDIUM,COMPLETED,2,NA,NA,-15.335467974191898,0.0013362618730692333,NA,NA,NA,NA,NA,10,36,7.013543186875243
energy_event,65,beh2-3.0,v5-sequential-with-rebuilding,MEDIUM,COMPLETED,2,NA,NA,-15.335467974191952,0.0013362618730159426,NA,NA,NA,NA,NA,11,36,7.013544191698665
energy_event,65,beh2-3.0,v5-sequential-with-rebuilding,MEDIUM,COMPLETED,2,NA,NA,-15.335467974191966,0.0013362618730017317,NA,NA,NA,NA,NA,12,36,7.0135445151702465
energy_event,68,beh2-3.0,structural-magnitude-pruning,HIGH,COMPLETED,1,NA,NA,-15.335467664896381,0.0013365711685864312,NA,NA,NA,NA,NA,1,37,7.013294600526981
energy_event,68,beh2-3.0,structural-magnitude-pruning,HIGH,COMPLETED,1,NA,NA,-15.335461059021549,0.0013431770434184642,NA,NA,NA,NA,NA,2,37,7.013165152812485
energy_event,68,beh2-3.0,structural-magnitude-pruning,HIGH,COMPLETED,1,NA,NA,-15.335467946022478,0.0013362900424898072,NA,NA,NA,NA,NA,3,37,7.013272799614269
energy_event,68,beh2-3.0,structural-magnitude-pruning,HIGH,COMPLETED,1,NA,NA,-15.335467947697339,0.0013362883676286685,NA,NA,NA,NA,NA,4,37,7.013286808434531
energy_event,68,beh2-3.0,structural-magnitude-pruning,HIGH,COMPLETED,1,NA,NA,-15.335467947759927,0.0013362883050405117,NA,NA,NA,NA,NA,5,37,7.01328802578743
energy_event,68,beh2-3.0,structural-magnitude-pruning,HIGH,COMPLETED,1,NA,NA,-15.335467947764178,0.0013362883007896897,NA,NA,NA,NA,NA,6,37,7.013292592186145
energy_event,68,beh2-3.0,structural-magnitude-pruning,HIGH,COMPLETED,1,NA,NA,-15.335467947765304,0.0013362882996634795,NA,NA,NA,NA,NA,7,37,7.013294556914882
energy_event,68,beh2-3.0,structural-magnitude-pruning,HIGH,COMPLETED,1,NA,NA,-15.335467947765439,0.0013362882995284764,NA,NA,NA,NA,NA,8,37,7.013294798505141
energy_event,68,beh2-3.0,structural-magnitude-pruning,HIGH,COMPLETED,1,NA,NA,-15.33546794776546,0.00133628829950716,NA,NA,NA,NA,NA,9,37,7.013294641241129
energy_event,68,beh2-3.0,structural-magnitude-pruning,HIGH,COMPLETED,1,NA,NA,-15.335467947765471,0.001336288299496502,NA,NA,NA,NA,NA,10,37,7.013294565139964
energy_event,68,beh2-3.0,structural-magnitude-pruning,HIGH,COMPLETED,2,NA,NA,-15.335466533478622,0.0013377025863459124,NA,NA,NA,NA,NA,11,36,7.013294554657296
energy_event,68,beh2-3.0,structural-magnitude-pruning,HIGH,COMPLETED,2,NA,NA,-11.053081375690525,4.283722860374443,NA,NA,NA,NA,NA,12,36,7.0299248203647595
energy_event,68,beh2-3.0,structural-magnitude-pruning,HIGH,COMPLETED,2,NA,NA,-15.335467925326922,0.0013363107380452988,NA,NA,NA,NA,NA,13,36,7.0132846403644375
energy_event,68,beh2-3.0,structural-magnitude-pruning,HIGH,COMPLETED,2,NA,NA,-15.3354679471303,0.0013362889346666407,NA,NA,NA,NA,NA,14,36,7.013290900961551
energy_event,68,beh2-3.0,structural-magnitude-pruning,HIGH,COMPLETED,2,NA,NA,-15.335467947130539,0.0013362889344286089,NA,NA,NA,NA,NA,15,36,7.0132935877402165
energy_event,68,beh2-3.0,structural-magnitude-pruning,HIGH,COMPLETED,2,NA,NA,-15.335467947130597,0.001336288934369989,NA,NA,NA,NA,NA,16,36,7.01329501507155
energy_event,68,beh2-3.0,structural-magnitude-pruning,HIGH,COMPLETED,2,NA,NA,-15.335467947130596,0.0013362889343717654,NA,NA,NA,NA,NA,17,36,7.013295093325843
energy_event,68,beh2-3.0,structural-magnitude-pruning,HIGH,COMPLETED,2,NA,NA,-15.33546794713059,0.0013362889343770945,NA,NA,NA,NA,NA,18,36,7.0132950251051955
energy_event,68,beh2-3.0,structural-magnitude-pruning,HIGH,COMPLETED,2,NA,NA,-15.335467947130585,0.0013362889343824236,NA,NA,NA,NA,NA,19,36,7.013295015141036
energy_event,68,beh2-3.0,structural-magnitude-pruning,HIGH,COMPLETED,2,NA,NA,-15.335467947130589,0.0013362889343788709,NA,NA,NA,NA,NA,20,36,7.013295015071552
energy_event,68,beh2-3.0,structural-magnitude-pruning,HIGH,COMPLETED,2,NA,NA,-15.335467947130597,0.001336288934369989,NA,NA,NA,NA,NA,21,36,7.01329501507155
energy_event,68,beh2-3.0,structural-magnitude-pruning,HIGH,COMPLETED,2,NA,NA,-15.33546794713059,0.0013362889343770945,NA,NA,NA,NA,NA,22,36,7.0132950150715505
energy_event,68,beh2-3.0,structural-magnitude-pruning,HIGH,COMPLETED,2,NA,NA,-15.335467947130597,0.001336288934369989,NA,NA,NA,NA,NA,23,36,7.01329501507155
energy_event,68,beh2-3.0,structural-magnitude-pruning,HIGH,COMPLETED,2,NA,NA,-15.335467947130578,0.001336288934389529,NA,NA,NA,NA,NA,24,36,7.01329501507155
energy_event,68,beh2-3.0,structural-magnitude-pruning,HIGH,COMPLETED,2,NA,NA,-15.335467947130597,0.001336288934369989,NA,NA,NA,NA,NA,25,36,7.01329501507155
energy_event,68,beh2-3.0,structural-magnitude-pruning,HIGH,COMPLETED,2,NA,NA,-15.33546794713059,0.0013362889343770945,NA,NA,NA,NA,NA,26,36,7.01329501507155
energy_event,68,beh2-3.0,structural-magnitude-pruning,HIGH,COMPLETED,2,NA,NA,-15.335467947130597,0.001336288934369989,NA,NA,NA,NA,NA,27,36,7.01329501507155
energy_event,68,beh2-3.0,structural-magnitude-pruning,HIGH,COMPLETED,2,NA,NA,-15.335467947130587,0.0013362889343806472,NA,NA,NA,NA,NA,28,36,7.01329501507155
energy_event,68,beh2-3.0,structural-magnitude-pruning,HIGH,COMPLETED,2,NA,NA,-15.335467947130597,0.001336288934369989,NA,NA,NA,NA,NA,29,36,7.01329501507155
energy_event,68,beh2-3.0,structural-magnitude-pruning,HIGH,COMPLETED,2,NA,NA,-15.335467947130589,0.0013362889343788709,NA,NA,NA,NA,NA,30,36,7.01329501507155
energy_event,68,beh2-3.0,structural-magnitude-pruning,HIGH,COMPLETED,2,NA,NA,-15.335467947130597,0.001336288934369989,NA,NA,NA,NA,NA,31,36,7.01329501507155
energy_event,68,beh2-3.0,structural-magnitude-pruning,HIGH,COMPLETED,2,NA,NA,-15.335467947130594,0.0013362889343735418,NA,NA,NA,NA,NA,32,36,7.01329501507155
energy_event,68,beh2-3.0,structural-magnitude-pruning,HIGH,COMPLETED,2,NA,NA,-15.335467947130597,0.001336288934369989,NA,NA,NA,NA,NA,33,36,7.01329501507155
energy_event,68,beh2-3.0,structural-magnitude-pruning,HIGH,COMPLETED,2,NA,NA,-15.335467947130597,0.001336288934369989,NA,NA,NA,NA,NA,34,36,7.01329501507155
energy_event,68,beh2-3.0,structural-magnitude-pruning,HIGH,COMPLETED,2,NA,NA,-15.335467947130594,0.0013362889343735418,NA,NA,NA,NA,NA,35,36,7.01329501507155
energy_event,68,beh2-3.0,structural-magnitude-pruning,HIGH,COMPLETED,2,NA,NA,-15.335467947130597,0.001336288934369989,NA,NA,NA,NA,NA,36,36,7.01329501507155
energy_event,68,beh2-3.0,structural-magnitude-pruning,HIGH,COMPLETED,2,NA,NA,-15.335467947130594,0.0013362889343735418,NA,NA,NA,NA,NA,37,36,7.01329501507155
energy_event,68,beh2-3.0,structural-magnitude-pruning,HIGH,COMPLETED,2,NA,NA,-15.335467947130597,0.001336288934369989,NA,NA,NA,NA,NA,38,36,7.01329501507155
energy_event,68,beh2-3.0,structural-magnitude-pruning,HIGH,COMPLETED,2,NA,NA,-15.335467947130594,0.0013362889343735418,NA,NA,NA,NA,NA,39,36,7.01329501507155
energy_event,68,beh2-3.0,structural-magnitude-pruning,HIGH,COMPLETED,2,NA,NA,-15.335467947130597,0.001336288934369989,NA,NA,NA,NA,NA,40,36,7.01329501507155
energy_event,68,beh2-3.0,structural-magnitude-pruning,HIGH,COMPLETED,2,NA,NA,-15.335467947130594,0.0013362889343735418,NA,NA,NA,NA,NA,41,36,7.01329501507155
energy_event,68,beh2-3.0,structural-magnitude-pruning,HIGH,COMPLETED,2,NA,NA,-15.335467947130597,0.001336288934369989,NA,NA,NA,NA,NA,42,36,7.01329501507155
energy_event,68,beh2-3.0,structural-magnitude-pruning,HIGH,COMPLETED,2,NA,NA,-15.335467947130594,0.0013362889343735418,NA,NA,NA,NA,NA,43,36,7.01329501507155
energy_event,68,beh2-3.0,structural-magnitude-pruning,HIGH,COMPLETED,2,NA,NA,-15.335467947130597,0.001336288934369989,NA,NA,NA,NA,NA,44,36,7.01329501507155
energy_event,68,beh2-3.0,structural-magnitude-pruning,HIGH,COMPLETED,2,NA,NA,-15.335467947130594,0.0013362889343735418,NA,NA,NA,NA,NA,45,36,7.01329501507155
energy_event,68,beh2-3.0,structural-magnitude-pruning,HIGH,COMPLETED,2,NA,NA,-15.335467947130597,0.001336288934369989,NA,NA,NA,NA,NA,46,36,7.01329501507155
energy_event,68,beh2-3.0,structural-magnitude-pruning,HIGH,COMPLETED,2,NA,NA,-15.335467947130594,0.0013362889343735418,NA,NA,NA,NA,NA,47,36,7.01329501507155
energy_event,68,beh2-3.0,structural-magnitude-pruning,HIGH,COMPLETED,2,NA,NA,-15.335467947130597,0.001336288934369989,NA,NA,NA,NA,NA,48,36,7.01329501507155
energy_event,68,beh2-3.0,structural-magnitude-pruning,HIGH,COMPLETED,2,NA,NA,-15.335467947130597,0.001336288934369989,NA,NA,NA,NA,NA,49,36,7.01329501507155
energy_event,68,beh2-3.0,structural-magnitude-pruning,HIGH,COMPLETED,2,NA,NA,-15.335467947130594,0.0013362889343735418,NA,NA,NA,NA,NA,50,36,7.01329501507155
energy_event,68,beh2-3.0,structural-magnitude-pruning,HIGH,COMPLETED,2,NA,NA,-15.335467947130597,0.001336288934369989,NA,NA,NA,NA,NA,51,36,7.01329501507155
energy_event,68,beh2-3.0,structural-magnitude-pruning,HIGH,COMPLETED,2,NA,NA,-15.335467947130594,0.0013362889343735418,NA,NA,NA,NA,NA,52,36,7.01329501507155
energy_event,68,beh2-3.0,structural-magnitude-pruning,HIGH,COMPLETED,2,NA,NA,-15.335467947130597,0.001336288934369989,NA,NA,NA,NA,NA,53,36,7.01329501507155
energy_event,68,beh2-3.0,structural-magnitude-pruning,HIGH,COMPLETED,2,NA,NA,-15.335467947130596,0.0013362889343717654,NA,NA,NA,NA,NA,54,36,7.013295093325843
energy_event,68,beh2-3.0,structural-magnitude-pruning,HIGH,COMPLETED,2,NA,NA,-15.335467947130581,0.0013362889343859763,NA,NA,NA,NA,NA,55,36,7.013295037482601
energy_event,68,beh2-3.0,structural-magnitude-pruning,HIGH,COMPLETED,2,NA,NA,-15.335467947130589,0.0013362889343788709,NA,NA,NA,NA,NA,56,36,7.013295026277076
energy_event,68,beh2-3.0,structural-magnitude-pruning,HIGH,COMPLETED,2,NA,NA,-15.335467947130603,0.00133628893436466,NA,NA,NA,NA,NA,57,36,7.013295020674313
energy_event,68,beh2-3.0,structural-magnitude-pruning,HIGH,COMPLETED,2,NA,NA,-15.335467947130592,0.0013362889343753181,NA,NA,NA,NA,NA,58,36,7.013295023475693
energy_event,68,beh2-3.0,structural-magnitude-pruning,HIGH,COMPLETED,2,NA,NA,-15.335467947130585,0.0013362889343824236,NA,NA,NA,NA,NA,59,36,7.0132950220750025
energy_event,68,beh2-3.0,structural-magnitude-pruning,HIGH,COMPLETED,2,NA,NA,-15.335467947130585,0.0013362889343824236,NA,NA,NA,NA,NA,60,36,7.013295021374656
energy_event,68,beh2-3.0,structural-magnitude-pruning,HIGH,COMPLETED,2,NA,NA,-15.335467947130587,0.0013362889343806472,NA,NA,NA,NA,NA,61,36,7.013295021024487
energy_event,68,beh2-3.0,structural-magnitude-pruning,HIGH,COMPLETED,2,NA,NA,-15.335467947130587,0.0013362889343806472,NA,NA,NA,NA,NA,62,36,7.013295020849398
energy_event,68,beh2-3.0,structural-magnitude-pruning,HIGH,COMPLETED,2,NA,NA,-15.335467947130585,0.0013362889343824236,NA,NA,NA,NA,NA,63,36,7.0132950207618565
energy_event,68,beh2-3.0,structural-magnitude-pruning,HIGH,COMPLETED,2,NA,NA,-15.335467947130576,0.0013362889343913054,NA,NA,NA,NA,NA,64,36,7.013295020718084
energy_event,68,beh2-3.0,structural-magnitude-pruning,HIGH,COMPLETED,2,NA,NA,-15.335467947130605,0.0013362889343628837,NA,NA,NA,NA,NA,65,36,7.013295020696197
energy_event,69,beh2-3.0,v4.1-one-shot-joint-compression,HIGH,ALGORITHM_REJECTED,1,NA,NA,-15.327504563619403,0.00929967244556451,NA,NA,NA,NA,NA,1,34,7.021822490825695
energy_event,69,beh2-3.0,v4.1-one-shot-joint-compression,HIGH,ALGORITHM_REJECTED,1,NA,NA,-15.268867989652968,0.06793624641199969,NA,NA,NA,NA,NA,2,34,6.814184737446171
energy_event,69,beh2-3.0,v4.1-one-shot-joint-compression,HIGH,ALGORITHM_REJECTED,1,NA,NA,-15.33132757833279,0.00547665773217787,NA,NA,NA,NA,NA,3,34,6.915853099501806
energy_event,69,beh2-3.0,v4.1-one-shot-joint-compression,HIGH,ALGORITHM_REJECTED,1,NA,NA,-15.332325501086551,0.004478734978416554,NA,NA,NA,NA,NA,4,34,6.904172586437139
energy_event,69,beh2-3.0,v4.1-one-shot-joint-compression,HIGH,ALGORITHM_REJECTED,1,NA,NA,-15.331839415993437,0.004964820071529985,NA,NA,NA,NA,NA,5,34,6.780687680097155
energy_event,69,beh2-3.0,v4.1-one-shot-joint-compression,HIGH,ALGORITHM_REJECTED,1,NA,NA,-15.332727134106603,0.004077101958364082,NA,NA,NA,NA,NA,6,34,6.8497965681613
energy_event,69,beh2-3.0,v4.1-one-shot-joint-compression,HIGH,ALGORITHM_REJECTED,1,NA,NA,-15.332990991793595,0.003813244271372085,NA,NA,NA,NA,NA,7,34,6.84527270037882
energy_event,69,beh2-3.0,v4.1-one-shot-joint-compression,HIGH,ALGORITHM_REJECTED,1,NA,NA,-15.333148259206496,0.0036559768584716323,NA,NA,NA,NA,NA,8,34,6.843635552619542
energy_event,69,beh2-3.0,v4.1-one-shot-joint-compression,HIGH,ALGORITHM_REJECTED,1,NA,NA,-15.332981681552228,0.0038225545127392735,NA,NA,NA,NA,NA,9,34,6.817470012044292
energy_event,69,beh2-3.0,v4.1-one-shot-joint-compression,HIGH,ALGORITHM_REJECTED,1,NA,NA,-15.333201271612271,0.0036029644526962556,NA,NA,NA,NA,NA,10,34,6.834447306308657
energy_event,69,beh2-3.0,v4.1-one-shot-joint-compression,HIGH,ALGORITHM_REJECTED,1,NA,NA,-15.33327638033687,0.003527855728098217,NA,NA,NA,NA,NA,11,34,6.840617943675325
energy_event,69,beh2-3.0,v4.1-one-shot-joint-compression,HIGH,ALGORITHM_REJECTED,1,NA,NA,-15.333374268352006,0.0034299677129610018,NA,NA,NA,NA,NA,12,34,6.861608789677
energy_event,69,beh2-3.0,v4.1-one-shot-joint-compression,HIGH,ALGORITHM_REJECTED,1,NA,NA,-15.3334989849254,0.0033052511395670336,NA,NA,NA,NA,NA,13,34,6.904651783303363
energy_event,69,beh2-3.0,v4.1-one-shot-joint-compression,HIGH,ALGORITHM_REJECTED,1,NA,NA,-15.33365695632545,0.003147279739517117,NA,NA,NA,NA,NA,14,34,6.992268260695212
energy_event,69,beh2-3.0,v4.1-one-shot-joint-compression,HIGH,ALGORITHM_REJECTED,1,NA,NA,-15.333729062131997,0.0030751739329701877,NA,NA,NA,NA,NA,15,34,7.0362074942657165
energy_event,69,beh2-3.0,v4.1-one-shot-joint-compression,HIGH,ALGORITHM_REJECTED,1,NA,NA,-15.333821961374404,0.0029822746905630027,NA,NA,NA,NA,NA,16,34,7.0440541309822375
energy_event,69,beh2-3.0,v4.1-one-shot-joint-compression,HIGH,ALGORITHM_REJECTED,1,NA,NA,-15.333828675288574,0.0029755607763934933,NA,NA,NA,NA,NA,17,34,7.016404892683239
energy_event,69,beh2-3.0,v4.1-one-shot-joint-compression,HIGH,ALGORITHM_REJECTED,1,NA,NA,-15.333840802109847,0.0029634339551201094,NA,NA,NA,NA,NA,18,34,7.020367210978216
energy_event,69,beh2-3.0,v4.1-one-shot-joint-compression,HIGH,ALGORITHM_REJECTED,1,NA,NA,-15.333859483801882,0.002944752263084993,NA,NA,NA,NA,NA,19,34,7.031860951384886
energy_event,69,beh2-3.0,v4.1-one-shot-joint-compression,HIGH,ALGORITHM_REJECTED,1,NA,NA,-15.333870786109856,0.002933449955111911,NA,NA,NA,NA,NA,20,34,7.04257156621209
energy_event,69,beh2-3.0,v4.1-one-shot-joint-compression,HIGH,ALGORITHM_REJECTED,1,NA,NA,-15.33387596458837,0.002928271476596578,NA,NA,NA,NA,NA,21,34,7.045072562257449
energy_event,69,beh2-3.0,v4.1-one-shot-joint-compression,HIGH,ALGORITHM_REJECTED,1,NA,NA,-15.333881961910544,0.0029222741544234765,NA,NA,NA,NA,NA,22,34,7.043581582488582
energy_event,69,beh2-3.0,v4.1-one-shot-joint-compression,HIGH,ALGORITHM_REJECTED,1,NA,NA,-15.33389131177856,0.0029129242864076588,NA,NA,NA,NA,NA,23,34,7.044267331476114
energy_event,69,beh2-3.0,v4.1-one-shot-joint-compression,HIGH,ALGORITHM_REJECTED,1,NA,NA,-15.333902131529907,0.002902104535060346,NA,NA,NA,NA,NA,24,34,7.055245525456672
energy_event,69,beh2-3.0,v4.1-one-shot-joint-compression,HIGH,ALGORITHM_REJECTED,1,NA,NA,-15.333908540239904,0.002895695825063882,NA,NA,NA,NA,NA,25,34,7.060371933311729
energy_event,69,beh2-3.0,v4.1-one-shot-joint-compression,HIGH,ALGORITHM_REJECTED,1,NA,NA,-15.333919344095312,0.0028848919696553565,NA,NA,NA,NA,NA,26,34,7.072021566101221
energy_event,69,beh2-3.0,v4.1-one-shot-joint-compression,HIGH,ALGORITHM_REJECTED,1,NA,NA,-15.333936774484624,0.0028674615803438996,NA,NA,NA,NA,NA,27,34,7.08977473307922
energy_event,69,beh2-3.0,v4.1-one-shot-joint-compression,HIGH,ALGORITHM_REJECTED,1,NA,NA,-15.33395795176075,0.0028462843042174057,NA,NA,NA,NA,NA,28,34,7.1178714670567
energy_event,69,beh2-3.0,v4.1-one-shot-joint-compression,HIGH,ALGORITHM_REJECTED,1,NA,NA,-15.333975963035144,0.0028282730298236913,NA,NA,NA,NA,NA,29,34,7.120706947548261
energy_event,69,beh2-3.0,v4.1-one-shot-joint-compression,HIGH,ALGORITHM_REJECTED,1,NA,NA,-15.333991000702365,0.002813235362602029,NA,NA,NA,NA,NA,30,34,7.135524440171593
energy_event,69,beh2-3.0,v4.1-one-shot-joint-compression,HIGH,ALGORITHM_REJECTED,1,NA,NA,-15.333995191672656,0.002809044392311222,NA,NA,NA,NA,NA,31,34,7.138730185058206
energy_event,69,beh2-3.0,v4.1-one-shot-joint-compression,HIGH,ALGORITHM_REJECTED,1,NA,NA,-15.333997875934974,0.002806360129993024,NA,NA,NA,NA,NA,32,34,7.133751544677388
energy_event,69,beh2-3.0,v4.1-one-shot-joint-compression,HIGH,ALGORITHM_REJECTED,1,NA,NA,-15.333999714719083,0.002804521345884936,NA,NA,NA,NA,NA,33,34,7.142425517337148
energy_event,69,beh2-3.0,v4.1-one-shot-joint-compression,HIGH,ALGORITHM_REJECTED,1,NA,NA,-15.33400089671504,0.0028033393499278247,NA,NA,NA,NA,NA,34,34,7.1417603053909415
energy_event,69,beh2-3.0,v4.1-one-shot-joint-compression,HIGH,ALGORITHM_REJECTED,1,NA,NA,-15.334001928052224,0.002802308012743282,NA,NA,NA,NA,NA,35,34,7.1437085544904715
energy_event,69,beh2-3.0,v4.1-one-shot-joint-compression,HIGH,ALGORITHM_REJECTED,1,NA,NA,-15.334002969029562,0.002801267035405175,NA,NA,NA,NA,NA,36,34,7.145009301349065
energy_event,69,beh2-3.0,v4.1-one-shot-joint-compression,HIGH,ALGORITHM_REJECTED,1,NA,NA,-15.33400468618086,0.002799549884107577,NA,NA,NA,NA,NA,37,34,7.146936469756631
energy_event,69,beh2-3.0,v4.1-one-shot-joint-compression,HIGH,ALGORITHM_REJECTED,1,NA,NA,-15.334007461677222,0.00279677438774506,NA,NA,NA,NA,NA,38,34,7.1477583929311335
energy_event,69,beh2-3.0,v4.1-one-shot-joint-compression,HIGH,ALGORITHM_REJECTED,1,NA,NA,-15.33401091264911,0.00279332341585814,NA,NA,NA,NA,NA,39,34,7.1467867183462745
energy_event,69,beh2-3.0,v4.1-one-shot-joint-compression,HIGH,ALGORITHM_REJECTED,1,NA,NA,-15.334013773986849,0.0027904620781189493,NA,NA,NA,NA,NA,40,34,7.143040855133328
energy_event,69,beh2-3.0,v4.1-one-shot-joint-compression,HIGH,ALGORITHM_REJECTED,1,NA,NA,-15.33401576328367,0.0027884727812974575,NA,NA,NA,NA,NA,41,34,7.136960447702501
energy_event,69,beh2-3.0,v4.1-one-shot-joint-compression,HIGH,ALGORITHM_REJECTED,1,NA,NA,-15.33401589363947,0.002788342425496637,NA,NA,NA,NA,NA,42,34,7.136391017664524
energy_event,69,beh2-3.0,v4.1-one-shot-joint-compression,HIGH,ALGORITHM_REJECTED,1,NA,NA,-15.334015973133473,0.0027882629314941454,NA,NA,NA,NA,NA,43,34,7.135625562399742
energy_event,69,beh2-3.0,v4.1-one-shot-joint-compression,HIGH,ALGORITHM_REJECTED,1,NA,NA,-15.33401598069244,0.0027882553725273596,NA,NA,NA,NA,NA,44,34,7.135408305127565
energy_event,69,beh2-3.0,v4.1-one-shot-joint-compression,HIGH,ALGORITHM_REJECTED,1,NA,NA,-15.334015982735524,0.0027882533294434353,NA,NA,NA,NA,NA,45,34,7.135501064266108
energy_event,69,beh2-3.0,v4.1-one-shot-joint-compression,HIGH,ALGORITHM_REJECTED,1,NA,NA,-15.33401598326493,0.002788252800037583,NA,NA,NA,NA,NA,46,34,7.13553218566281
energy_event,69,beh2-3.0,v4.1-one-shot-joint-compression,HIGH,ALGORITHM_REJECTED,1,NA,NA,-15.334015983588174,0.0027882524767939287,NA,NA,NA,NA,NA,47,34,7.13553703871624
energy_event,69,beh2-3.0,v4.1-one-shot-joint-compression,HIGH,ALGORITHM_REJECTED,1,NA,NA,-15.334015983758851,0.0027882523061162345,NA,NA,NA,NA,NA,48,34,7.1355495707218575
energy_event,69,beh2-3.0,v4.1-one-shot-joint-compression,HIGH,ALGORITHM_REJECTED,1,NA,NA,-15.334015983802084,0.0027882522628832618,NA,NA,NA,NA,NA,49,34,7.135554834334278
energy_event,69,beh2-3.0,v4.1-one-shot-joint-compression,HIGH,ALGORITHM_REJECTED,1,NA,NA,-15.334015983806452,0.0027882522585152003,NA,NA,NA,NA,NA,50,34,7.135558717054869
energy_event,69,beh2-3.0,v4.1-one-shot-joint-compression,HIGH,ALGORITHM_REJECTED,1,NA,NA,-15.334015983806655,0.0027882522583126956,NA,NA,NA,NA,NA,51,34,7.135558966830357
energy_event,69,beh2-3.0,v4.1-one-shot-joint-compression,HIGH,ALGORITHM_REJECTED,1,NA,NA,-15.334015983806685,0.0027882522582824976,NA,NA,NA,NA,NA,52,34,7.13555909443248
energy_event,69,beh2-3.0,v4.1-one-shot-joint-compression,HIGH,ALGORITHM_REJECTED,1,NA,NA,-15.334015983806678,0.002788252258289603,NA,NA,NA,NA,NA,53,34,7.135559120083124
energy_event,69,beh2-3.0,v4.1-one-shot-joint-compression,HIGH,ALGORITHM_REJECTED,1,NA,NA,-15.334015983806683,0.002788252258284274,NA,NA,NA,NA,NA,54,34,7.135559095986941
energy_event,69,beh2-3.0,v4.1-one-shot-joint-compression,HIGH,ALGORITHM_REJECTED,1,NA,NA,-15.334015983806683,0.002788252258284274,NA,NA,NA,NA,NA,55,34,7.135559094458559
energy_event,69,beh2-3.0,v4.1-one-shot-joint-compression,HIGH,ALGORITHM_REJECTED,1,NA,NA,-15.334015983806685,0.0027882522582824976,NA,NA,NA,NA,NA,56,34,7.135559094432487
energy_event,69,beh2-3.0,v4.1-one-shot-joint-compression,HIGH,ALGORITHM_REJECTED,1,NA,NA,-15.33401598380669,0.0027882522582771685,NA,NA,NA,NA,NA,57,34,7.135559094449693
energy_event,69,beh2-3.0,v4.1-one-shot-joint-compression,HIGH,ALGORITHM_REJECTED,1,NA,NA,-15.334015983806687,0.002788252258280721,NA,NA,NA,NA,NA,58,34,7.135559094449696
energy_event,69,beh2-3.0,v4.1-one-shot-joint-compression,HIGH,ALGORITHM_REJECTED,1,NA,NA,-15.33401598380669,0.0027882522582771685,NA,NA,NA,NA,NA,59,34,7.135559094449693
energy_event,69,beh2-3.0,v4.1-one-shot-joint-compression,HIGH,ALGORITHM_REJECTED,1,NA,NA,-15.334015983806692,0.002788252258275392,NA,NA,NA,NA,NA,60,34,7.135559094449694
energy_event,69,beh2-3.0,v4.1-one-shot-joint-compression,HIGH,ALGORITHM_REJECTED,1,NA,NA,-15.334015983806692,0.002788252258275392,NA,NA,NA,NA,NA,61,34,7.135559094449696
energy_event,69,beh2-3.0,v4.1-one-shot-joint-compression,HIGH,ALGORITHM_REJECTED,1,NA,NA,-15.334015983806681,0.0027882522582860503,NA,NA,NA,NA,NA,62,34,7.135559094449696
energy_event,69,beh2-3.0,v4.1-one-shot-joint-compression,HIGH,ALGORITHM_REJECTED,1,NA,NA,-15.334015983806692,0.002788252258275392,NA,NA,NA,NA,NA,63,34,7.135559094449696
energy_event,69,beh2-3.0,v4.1-one-shot-joint-compression,HIGH,ALGORITHM_REJECTED,1,NA,NA,-15.334015983806685,0.0027882522582824976,NA,NA,NA,NA,NA,64,34,7.135559094449695
energy_event,69,beh2-3.0,v4.1-one-shot-joint-compression,HIGH,ALGORITHM_REJECTED,1,NA,NA,-15.334015983806692,0.002788252258275392,NA,NA,NA,NA,NA,65,34,7.135559094449696
energy_event,69,beh2-3.0,v4.1-one-shot-joint-compression,HIGH,ALGORITHM_REJECTED,1,NA,NA,-15.334015983806694,0.0027882522582736158,NA,NA,NA,NA,NA,66,34,7.135559094449696
energy_event,69,beh2-3.0,v4.1-one-shot-joint-compression,HIGH,ALGORITHM_REJECTED,1,NA,NA,-15.334015983806687,0.002788252258280721,NA,NA,NA,NA,NA,67,34,7.135559094449695
energy_event,69,beh2-3.0,v4.1-one-shot-joint-compression,HIGH,ALGORITHM_REJECTED,1,NA,NA,-15.334015983806694,0.0027882522582736158,NA,NA,NA,NA,NA,68,34,7.135559094449696
energy_event,69,beh2-3.0,v4.1-one-shot-joint-compression,HIGH,ALGORITHM_REJECTED,1,NA,NA,-15.334015983806694,0.0027882522582736158,NA,NA,NA,NA,NA,69,34,7.135559094449696
energy_event,69,beh2-3.0,v4.1-one-shot-joint-compression,HIGH,ALGORITHM_REJECTED,1,NA,NA,-15.334015983806678,0.002788252258289603,NA,NA,NA,NA,NA,70,34,7.135559120083124
energy_event,69,beh2-3.0,v4.1-one-shot-joint-compression,HIGH,ALGORITHM_REJECTED,1,NA,NA,-15.334015983806696,0.0027882522582718394,NA,NA,NA,NA,NA,71,34,7.135559098426542
energy_event,69,beh2-3.0,v4.1-one-shot-joint-compression,HIGH,ALGORITHM_REJECTED,1,NA,NA,-15.334015983806689,0.002788252258278945,NA,NA,NA,NA,NA,72,34,7.135559106337987
energy_event,69,beh2-3.0,v4.1-one-shot-joint-compression,HIGH,ALGORITHM_REJECTED,1,NA,NA,-15.334015983806683,0.002788252258284274,NA,NA,NA,NA,NA,73,34,7.135559098863448
energy_event,69,beh2-3.0,v4.1-one-shot-joint-compression,HIGH,ALGORITHM_REJECTED,1,NA,NA,-15.334015983806689,0.002788252258278945,NA,NA,NA,NA,NA,74,34,7.135559098427446
energy_event,69,beh2-3.0,v4.1-one-shot-joint-compression,HIGH,ALGORITHM_REJECTED,1,NA,NA,-15.334015983806697,0.002788252258270063,NA,NA,NA,NA,NA,75,34,7.135559098426542
energy_event,69,beh2-3.0,v4.1-one-shot-joint-compression,HIGH,ALGORITHM_REJECTED,1,NA,NA,-15.334015983806697,0.002788252258270063,NA,NA,NA,NA,NA,76,34,7.135559098426994
energy_event,69,beh2-3.0,v4.1-one-shot-joint-compression,HIGH,ALGORITHM_REJECTED,1,NA,NA,-15.334015983806706,0.0027882522582611813,NA,NA,NA,NA,NA,77,34,7.135559098427293
energy_event,69,beh2-3.0,v4.1-one-shot-joint-compression,HIGH,ALGORITHM_REJECTED,1,NA,NA,-15.334015983806706,0.0027882522582611813,NA,NA,NA,NA,NA,78,34,7.135559098427293
energy_event,69,beh2-3.0,v4.1-one-shot-joint-compression,HIGH,ALGORITHM_REJECTED,1,NA,NA,-15.3340159838067,0.0027882522582682867,NA,NA,NA,NA,NA,79,34,7.135559098427393
energy_event,69,beh2-3.0,v4.1-one-shot-joint-compression,HIGH,ALGORITHM_REJECTED,1,NA,NA,-15.334015983806706,0.0027882522582611813,NA,NA,NA,NA,NA,80,34,7.135559098427293
energy_event,69,beh2-3.0,v4.1-one-shot-joint-compression,HIGH,ALGORITHM_REJECTED,1,NA,NA,-15.334015983806706,0.0027882522582611813,NA,NA,NA,NA,NA,81,34,7.135559098427293
energy_event,69,beh2-3.0,v4.1-one-shot-joint-compression,HIGH,ALGORITHM_REJECTED,1,NA,NA,-15.334015983806696,0.0027882522582718394,NA,NA,NA,NA,NA,82,34,7.135559098427343
energy_event,69,beh2-3.0,v4.1-one-shot-joint-compression,HIGH,ALGORITHM_REJECTED,1,NA,NA,-15.334015983806706,0.0027882522582611813,NA,NA,NA,NA,NA,83,34,7.135559098427293
energy_event,69,beh2-3.0,v4.1-one-shot-joint-compression,HIGH,ALGORITHM_REJECTED,1,NA,NA,-15.33401598380669,0.0027882522582771685,NA,NA,NA,NA,NA,84,34,7.135559098427318
energy_event,69,beh2-3.0,v4.1-one-shot-joint-compression,HIGH,ALGORITHM_REJECTED,1,NA,NA,-15.334015983806706,0.0027882522582611813,NA,NA,NA,NA,NA,85,34,7.135559098427293
energy_event,69,beh2-3.0,v4.1-one-shot-joint-compression,HIGH,ALGORITHM_REJECTED,1,NA,NA,-15.334015983806689,0.002788252258278945,NA,NA,NA,NA,NA,86,34,7.135559098427306
energy_event,69,beh2-3.0,v4.1-one-shot-joint-compression,HIGH,ALGORITHM_REJECTED,1,NA,NA,-15.334015983806706,0.0027882522582611813,NA,NA,NA,NA,NA,87,34,7.135559098427293
energy_event,69,beh2-3.0,v4.1-one-shot-joint-compression,HIGH,ALGORITHM_REJECTED,1,NA,NA,-15.33401598380669,0.0027882522582771685,NA,NA,NA,NA,NA,88,34,7.135559098427298
energy_event,69,beh2-3.0,v4.1-one-shot-joint-compression,HIGH,ALGORITHM_REJECTED,1,NA,NA,-15.334015983806706,0.0027882522582611813,NA,NA,NA,NA,NA,89,34,7.135559098427293
energy_event,69,beh2-3.0,v4.1-one-shot-joint-compression,HIGH,ALGORITHM_REJECTED,1,NA,NA,-15.33401598380669,0.0027882522582771685,NA,NA,NA,NA,NA,90,34,7.1355590984272945
energy_event,69,beh2-3.0,v4.1-one-shot-joint-compression,HIGH,ALGORITHM_REJECTED,1,NA,NA,-15.334015983806706,0.0027882522582611813,NA,NA,NA,NA,NA,91,34,7.135559098427293
energy_event,69,beh2-3.0,v4.1-one-shot-joint-compression,HIGH,ALGORITHM_REJECTED,1,NA,NA,-15.334015983806689,0.002788252258278945,NA,NA,NA,NA,NA,92,34,7.135559098427294
energy_event,69,beh2-3.0,v4.1-one-shot-joint-compression,HIGH,ALGORITHM_REJECTED,1,NA,NA,-15.334015983806706,0.0027882522582611813,NA,NA,NA,NA,NA,93,34,7.135559098427293
energy_event,69,beh2-3.0,v4.1-one-shot-joint-compression,HIGH,ALGORITHM_REJECTED,1,NA,NA,-15.334015983806687,0.002788252258280721,NA,NA,NA,NA,NA,94,34,7.135559098427294
energy_event,69,beh2-3.0,v4.1-one-shot-joint-compression,HIGH,ALGORITHM_REJECTED,1,NA,NA,-15.334015983806706,0.0027882522582611813,NA,NA,NA,NA,NA,95,34,7.135559098427293
energy_event,69,beh2-3.0,v4.1-one-shot-joint-compression,HIGH,ALGORITHM_REJECTED,1,NA,NA,-15.33401598380669,0.0027882522582771685,NA,NA,NA,NA,NA,96,34,7.135559098427293
energy_event,69,beh2-3.0,v4.1-one-shot-joint-compression,HIGH,ALGORITHM_REJECTED,1,NA,NA,-15.334015983806706,0.0027882522582611813,NA,NA,NA,NA,NA,97,34,7.135559098427293
energy_event,69,beh2-3.0,v4.1-one-shot-joint-compression,HIGH,ALGORITHM_REJECTED,1,NA,NA,-15.334015983806697,0.002788252258270063,NA,NA,NA,NA,NA,98,34,7.135559098427292
energy_event,69,beh2-3.0,v4.1-one-shot-joint-compression,HIGH,ALGORITHM_REJECTED,1,NA,NA,-15.334015983806706,0.0027882522582611813,NA,NA,NA,NA,NA,99,34,7.135559098427293
energy_event,69,beh2-3.0,v4.1-one-shot-joint-compression,HIGH,ALGORITHM_REJECTED,1,NA,NA,-15.33401598380669,0.0027882522582771685,NA,NA,NA,NA,NA,100,34,7.135559098427292
energy_event,69,beh2-3.0,v4.1-one-shot-joint-compression,HIGH,ALGORITHM_REJECTED,1,NA,NA,-15.334015983806706,0.0027882522582611813,NA,NA,NA,NA,NA,101,34,7.135559098427293
energy_event,69,beh2-3.0,v4.1-one-shot-joint-compression,HIGH,ALGORITHM_REJECTED,1,NA,NA,-15.334015983806701,0.0027882522582665104,NA,NA,NA,NA,NA,102,34,7.135559098427293
energy_event,69,beh2-3.0,v4.1-one-shot-joint-compression,HIGH,ALGORITHM_REJECTED,1,NA,NA,-15.334015983806706,0.0027882522582611813,NA,NA,NA,NA,NA,103,34,7.135559098427293
energy_event,69,beh2-3.0,v4.1-one-shot-joint-compression,HIGH,ALGORITHM_REJECTED,1,NA,NA,-15.3340159838067,0.0027882522582682867,NA,NA,NA,NA,NA,104,34,7.135559098427293
energy_event,69,beh2-3.0,v4.1-one-shot-joint-compression,HIGH,ALGORITHM_REJECTED,1,NA,NA,-15.334015983806706,0.0027882522582611813,NA,NA,NA,NA,NA,105,34,7.135559098427293
energy_event,69,beh2-3.0,v4.1-one-shot-joint-compression,HIGH,ALGORITHM_REJECTED,1,NA,NA,-15.334015983806703,0.002788252258264734,NA,NA,NA,NA,NA,106,34,7.135559098427292
energy_event,69,beh2-3.0,v4.1-one-shot-joint-compression,HIGH,ALGORITHM_REJECTED,1,NA,NA,-15.334015983806706,0.0027882522582611813,NA,NA,NA,NA,NA,107,34,7.135559098427293
energy_event,69,beh2-3.0,v4.1-one-shot-joint-compression,HIGH,ALGORITHM_REJECTED,1,NA,NA,-15.334015983806706,0.0027882522582611813,NA,NA,NA,NA,NA,108,34,7.135559098427293
energy_event,69,beh2-3.0,v4.1-one-shot-joint-compression,HIGH,ALGORITHM_REJECTED,1,NA,NA,-15.334015983806704,0.0027882522582629576,NA,NA,NA,NA,NA,109,34,7.135559098427292
energy_event,69,beh2-3.0,v4.1-one-shot-joint-compression,HIGH,ALGORITHM_REJECTED,1,NA,NA,-15.334015983806706,0.0027882522582611813,NA,NA,NA,NA,NA,110,34,7.135559098427293
energy_event,69,beh2-3.0,v4.1-one-shot-joint-compression,HIGH,ALGORITHM_REJECTED,1,NA,NA,-15.334015983806706,0.0027882522582611813,NA,NA,NA,NA,NA,111,34,7.135559098427293
energy_event,69,beh2-3.0,v4.1-one-shot-joint-compression,HIGH,ALGORITHM_REJECTED,1,NA,NA,-15.334015983806704,0.0027882522582629576,NA,NA,NA,NA,NA,112,34,7.135559098427293
energy_event,69,beh2-3.0,v4.1-one-shot-joint-compression,HIGH,ALGORITHM_REJECTED,1,NA,NA,-15.334015983806706,0.0027882522582611813,NA,NA,NA,NA,NA,113,34,7.135559098427293
energy_event,69,beh2-3.0,v4.1-one-shot-joint-compression,HIGH,ALGORITHM_REJECTED,1,NA,NA,-15.334015983806689,0.002788252258278945,NA,NA,NA,NA,NA,114,34,7.135559106337987
energy_event,69,beh2-3.0,v4.1-one-shot-joint-compression,HIGH,ALGORITHM_REJECTED,1,NA,NA,-15.33401598380669,0.0027882522582771685,NA,NA,NA,NA,NA,115,34,7.1355590995515
energy_event,69,beh2-3.0,v4.1-one-shot-joint-compression,HIGH,ALGORITHM_REJECTED,1,NA,NA,-15.334015983806703,0.002788252258264734,NA,NA,NA,NA,NA,116,34,7.135559098989021
energy_event,69,beh2-3.0,v4.1-one-shot-joint-compression,HIGH,ALGORITHM_REJECTED,1,NA,NA,-15.33401598380669,0.0027882522582771685,NA,NA,NA,NA,NA,117,34,7.135559099270261
energy_event,69,beh2-3.0,v4.1-one-shot-joint-compression,HIGH,ALGORITHM_REJECTED,1,NA,NA,-15.33401598380669,0.0027882522582771685,NA,NA,NA,NA,NA,118,34,7.13555909912964
energy_event,69,beh2-3.0,v4.1-one-shot-joint-compression,HIGH,ALGORITHM_REJECTED,1,NA,NA,-15.334015983806689,0.002788252258278945,NA,NA,NA,NA,NA,119,34,7.13555909905933
energy_event,69,beh2-3.0,v4.1-one-shot-joint-compression,HIGH,ALGORITHM_REJECTED,1,NA,NA,-15.334015983806697,0.002788252258270063,NA,NA,NA,NA,NA,120,34,7.135559099024176
energy_event,69,beh2-3.0,v4.1-one-shot-joint-compression,HIGH,ALGORITHM_REJECTED,1,NA,NA,-15.334015983806678,0.002788252258289603,NA,NA,NA,NA,NA,121,34,7.135559099006597
energy_event,69,beh2-3.0,v4.1-one-shot-joint-compression,HIGH,ALGORITHM_REJECTED,1,NA,NA,-15.334015983806669,0.0027882522582984848,NA,NA,NA,NA,NA,122,34,7.13555909899781
energy_event,69,beh2-3.0,v4.1-one-shot-joint-compression,HIGH,ALGORITHM_REJECTED,1,NA,NA,-15.33401598380669,0.0027882522582771685,NA,NA,NA,NA,NA,123,34,7.135559098993415
energy_event,69,beh2-3.0,v4.1-one-shot-joint-compression,HIGH,ALGORITHM_REJECTED,1,NA,NA,-15.334015983806694,0.0027882522582736158,NA,NA,NA,NA,NA,124,34,7.1355590989912185
energy_event,69,beh2-3.0,v4.1-one-shot-joint-compression,HIGH,ALGORITHM_REJECTED,1,NA,NA,-15.334015983806689,0.002788252258278945,NA,NA,NA,NA,NA,125,34,7.13555909899012
energy_event,70,beh2-3.0,v5-fixed-source-whitelist-no-replenishment,HIGH,COMPLETED,1,NA,NA,-15.335468001060383,0.001336235004584907,NA,NA,NA,NA,NA,1,37,7.013286248491814
energy_event,70,beh2-3.0,v5-fixed-source-whitelist-no-replenishment,HIGH,COMPLETED,1,NA,NA,-15.33546800106628,0.0013362349986874023,NA,NA,NA,NA,NA,2,37,7.013291989211199
energy_event,70,beh2-3.0,v5-fixed-source-whitelist-no-replenishment,HIGH,COMPLETED,1,NA,NA,-15.335468001066745,0.0013362349982219968,NA,NA,NA,NA,NA,3,37,7.0132947219278705
energy_event,70,beh2-3.0,v5-fixed-source-whitelist-no-replenishment,HIGH,COMPLETED,1,NA,NA,-15.33546800106689,0.0013362349980781119,NA,NA,NA,NA,NA,4,37,7.013295641389365
energy_event,70,beh2-3.0,v5-fixed-source-whitelist-no-replenishment,HIGH,COMPLETED,1,NA,NA,-15.335468001066898,0.00133623499806923,NA,NA,NA,NA,NA,5,37,7.013295495093283
energy_event,70,beh2-3.0,v5-fixed-source-whitelist-no-replenishment,HIGH,COMPLETED,1,NA,NA,-15.33546800106691,0.0013362349980567956,NA,NA,NA,NA,NA,6,37,7.013295272309039
energy_event,70,beh2-3.0,v5-fixed-source-whitelist-no-replenishment,HIGH,COMPLETED,2,NA,NA,-15.335467973592003,0.0013362624729644779,NA,NA,NA,NA,NA,7,36,7.01356020963018
energy_event,70,beh2-3.0,v5-fixed-source-whitelist-no-replenishment,HIGH,COMPLETED,2,NA,NA,-15.335467974167457,0.001336261897510127,NA,NA,NA,NA,NA,8,36,7.013543457933498
energy_event,70,beh2-3.0,v5-fixed-source-whitelist-no-replenishment,HIGH,COMPLETED,2,NA,NA,-15.335467974190141,0.0013362618748260502,NA,NA,NA,NA,NA,9,36,7.013542570251897
energy_event,70,beh2-3.0,v5-fixed-source-whitelist-no-replenishment,HIGH,COMPLETED,2,NA,NA,-15.335467974191898,0.0013362618730692333,NA,NA,NA,NA,NA,10,36,7.013543186875243
energy_event,70,beh2-3.0,v5-fixed-source-whitelist-no-replenishment,HIGH,COMPLETED,2,NA,NA,-15.335467974191952,0.0013362618730159426,NA,NA,NA,NA,NA,11,36,7.013544191698665
energy_event,70,beh2-3.0,v5-fixed-source-whitelist-no-replenishment,HIGH,COMPLETED,2,NA,NA,-15.335467974191966,0.0013362618730017317,NA,NA,NA,NA,NA,12,36,7.0135445151702465
energy_event,70,beh2-3.0,v5-fixed-source-whitelist-no-replenishment,HIGH,COMPLETED,3,NA,NA,-15.335467915350941,0.001336320714026229,NA,NA,NA,NA,NA,13,35,7.01368045385949
energy_event,70,beh2-3.0,v5-fixed-source-whitelist-no-replenishment,HIGH,COMPLETED,3,NA,NA,-15.335467917332672,0.0013363187322958936,NA,NA,NA,NA,NA,14,35,7.013586984176673
energy_event,70,beh2-3.0,v5-fixed-source-whitelist-no-replenishment,HIGH,COMPLETED,3,NA,NA,-15.33546791742671,0.0013363186382573389,NA,NA,NA,NA,NA,15,35,7.013555127782453
energy_event,70,beh2-3.0,v5-fixed-source-whitelist-no-replenishment,HIGH,COMPLETED,3,NA,NA,-15.335467917428536,0.001336318636431244,NA,NA,NA,NA,NA,16,35,7.013557116583424
energy_event,70,beh2-3.0,v5-fixed-source-whitelist-no-replenishment,HIGH,COMPLETED,3,NA,NA,-15.335467917428613,0.0013363186363548607,NA,NA,NA,NA,NA,17,35,7.013557655862328
energy_event,70,beh2-3.0,v5-fixed-source-whitelist-no-replenishment,HIGH,COMPLETED,3,NA,NA,-15.335467917428627,0.0013363186363406498,NA,NA,NA,NA,NA,18,35,7.013557675181804
energy_event,70,beh2-3.0,v5-fixed-source-whitelist-no-replenishment,HIGH,COMPLETED,3,NA,NA,-15.335467917428613,0.0013363186363548607,NA,NA,NA,NA,NA,19,35,7.01355765398548
energy_event,70,beh2-3.0,v5-fixed-source-whitelist-no-replenishment,HIGH,COMPLETED,3,NA,NA,-15.33546791742861,0.001336318636356637,NA,NA,NA,NA,NA,20,35,7.013557675118055
energy_event,70,beh2-3.0,v5-fixed-source-whitelist-no-replenishment,HIGH,COMPLETED,3,NA,NA,-15.335467917428637,0.0013363186363299917,NA,NA,NA,NA,NA,21,35,7.013557675181803
energy_event,70,beh2-3.0,v5-fixed-source-whitelist-no-replenishment,HIGH,COMPLETED,3,NA,NA,-15.335467917428627,0.0013363186363406498,NA,NA,NA,NA,NA,22,35,7.0135576751818025
energy_event,70,beh2-3.0,v5-fixed-source-whitelist-no-replenishment,HIGH,COMPLETED,3,NA,NA,-15.335467917428637,0.0013363186363299917,NA,NA,NA,NA,NA,23,35,7.013557675181803
energy_event,70,beh2-3.0,v5-fixed-source-whitelist-no-replenishment,HIGH,COMPLETED,3,NA,NA,-15.335467917428634,0.0013363186363335444,NA,NA,NA,NA,NA,24,35,7.0135576751818025
energy_event,70,beh2-3.0,v5-fixed-source-whitelist-no-replenishment,HIGH,COMPLETED,3,NA,NA,-15.335467917428637,0.0013363186363299917,NA,NA,NA,NA,NA,25,35,7.013557675181803
energy_event,70,beh2-3.0,v5-fixed-source-whitelist-no-replenishment,HIGH,COMPLETED,3,NA,NA,-15.335467917428637,0.0013363186363299917,NA,NA,NA,NA,NA,26,35,7.0135576751818025
energy_event,70,beh2-3.0,v5-fixed-source-whitelist-no-replenishment,HIGH,COMPLETED,3,NA,NA,-15.335467917428634,0.0013363186363335444,NA,NA,NA,NA,NA,27,35,7.0135576751818025
energy_event,70,beh2-3.0,v5-fixed-source-whitelist-no-replenishment,HIGH,COMPLETED,3,NA,NA,-15.335467917428637,0.0013363186363299917,NA,NA,NA,NA,NA,28,35,7.0135576751818025
energy_event,70,beh2-3.0,v5-fixed-source-whitelist-no-replenishment,HIGH,COMPLETED,3,NA,NA,-15.335467917428637,0.0013363186363299917,NA,NA,NA,NA,NA,29,35,7.0135576751818025
energy_event,70,beh2-3.0,v5-fixed-source-whitelist-no-replenishment,HIGH,COMPLETED,3,NA,NA,-15.335467917428637,0.0013363186363299917,NA,NA,NA,NA,NA,30,35,7.0135576751818025
energy_event,70,beh2-3.0,v5-fixed-source-whitelist-no-replenishment,HIGH,COMPLETED,3,NA,NA,-15.335467917428634,0.0013363186363335444,NA,NA,NA,NA,NA,31,35,7.0135576751818025
energy_event,70,beh2-3.0,v5-fixed-source-whitelist-no-replenishment,HIGH,COMPLETED,3,NA,NA,-15.335467917428637,0.0013363186363299917,NA,NA,NA,NA,NA,32,35,7.0135576751818025
energy_event,70,beh2-3.0,v5-fixed-source-whitelist-no-replenishment,HIGH,COMPLETED,3,NA,NA,-15.335467917428634,0.0013363186363335444,NA,NA,NA,NA,NA,33,35,7.0135576751818025
energy_event,70,beh2-3.0,v5-fixed-source-whitelist-no-replenishment,HIGH,COMPLETED,3,NA,NA,-15.335467917428637,0.0013363186363299917,NA,NA,NA,NA,NA,34,35,7.0135576751818025
energy_event,70,beh2-3.0,v5-fixed-source-whitelist-no-replenishment,HIGH,COMPLETED,3,NA,NA,-15.335467917428634,0.0013363186363335444,NA,NA,NA,NA,NA,35,35,7.0135576751818025
energy_event,70,beh2-3.0,v5-fixed-source-whitelist-no-replenishment,HIGH,COMPLETED,3,NA,NA,-15.335467917428637,0.0013363186363299917,NA,NA,NA,NA,NA,36,35,7.0135576751818025
energy_event,70,beh2-3.0,v5-fixed-source-whitelist-no-replenishment,HIGH,COMPLETED,3,NA,NA,-15.335467917428637,0.0013363186363299917,NA,NA,NA,NA,NA,37,35,7.0135576751818025
energy_event,70,beh2-3.0,v5-fixed-source-whitelist-no-replenishment,HIGH,COMPLETED,3,NA,NA,-15.335467917428634,0.0013363186363335444,NA,NA,NA,NA,NA,38,35,7.0135576751818025
energy_event,70,beh2-3.0,v5-fixed-source-whitelist-no-replenishment,HIGH,COMPLETED,3,NA,NA,-15.335467917428637,0.0013363186363299917,NA,NA,NA,NA,NA,39,35,7.0135576751818025
energy_event,70,beh2-3.0,v5-fixed-source-whitelist-no-replenishment,HIGH,COMPLETED,3,NA,NA,-15.335467917428634,0.0013363186363335444,NA,NA,NA,NA,NA,40,35,7.0135576751818025
energy_event,70,beh2-3.0,v5-fixed-source-whitelist-no-replenishment,HIGH,COMPLETED,3,NA,NA,-15.335467917428637,0.0013363186363299917,NA,NA,NA,NA,NA,41,35,7.0135576751818025
energy_event,70,beh2-3.0,v5-fixed-source-whitelist-no-replenishment,HIGH,COMPLETED,3,NA,NA,-15.335467917428613,0.0013363186363548607,NA,NA,NA,NA,NA,42,35,7.01355765398548
energy_event,70,beh2-3.0,v5-fixed-source-whitelist-no-replenishment,HIGH,COMPLETED,3,NA,NA,-15.335467917428623,0.0013363186363442026,NA,NA,NA,NA,NA,43,35,7.01355766458364
energy_event,70,beh2-3.0,v5-fixed-source-whitelist-no-replenishment,HIGH,COMPLETED,3,NA,NA,-15.335467917428645,0.0013363186363228863,NA,NA,NA,NA,NA,44,35,7.013557669882722
energy_event,70,beh2-3.0,v5-fixed-source-whitelist-no-replenishment,HIGH,COMPLETED,4,NA,NA,-15.335467855066259,0.0013363809987083641,NA,NA,NA,NA,NA,45,34,7.0135695146063455
energy_event,70,beh2-3.0,v5-fixed-source-whitelist-no-replenishment,HIGH,COMPLETED,4,NA,NA,-15.335467855320822,0.001336380744145771,NA,NA,NA,NA,NA,46,34,7.0135855012715105
energy_event,70,beh2-3.0,v5-fixed-source-whitelist-no-replenishment,HIGH,COMPLETED,4,NA,NA,-15.335467855325442,0.0013363807395254668,NA,NA,NA,NA,NA,47,34,7.013586384443341
energy_event,70,beh2-3.0,v5-fixed-source-whitelist-no-replenishment,HIGH,COMPLETED,4,NA,NA,-15.335467855325513,0.0013363807394544125,NA,NA,NA,NA,NA,48,34,7.0135862680757315
energy_event,70,beh2-3.0,v5-fixed-source-whitelist-no-replenishment,HIGH,COMPLETED,4,NA,NA,-15.335467855325515,0.0013363807394526361,NA,NA,NA,NA,NA,49,34,7.013586262925607
energy_event,71,beh2-3.0,v5-sequential-with-rebuilding,HIGH,COMPLETED,1,NA,NA,-15.335468001060383,0.001336235004584907,NA,NA,NA,NA,NA,1,37,7.013286248491814
energy_event,71,beh2-3.0,v5-sequential-with-rebuilding,HIGH,COMPLETED,1,NA,NA,-15.33546800106628,0.0013362349986874023,NA,NA,NA,NA,NA,2,37,7.013291989211199
energy_event,71,beh2-3.0,v5-sequential-with-rebuilding,HIGH,COMPLETED,1,NA,NA,-15.335468001066745,0.0013362349982219968,NA,NA,NA,NA,NA,3,37,7.0132947219278705
energy_event,71,beh2-3.0,v5-sequential-with-rebuilding,HIGH,COMPLETED,1,NA,NA,-15.33546800106689,0.0013362349980781119,NA,NA,NA,NA,NA,4,37,7.013295641389365
energy_event,71,beh2-3.0,v5-sequential-with-rebuilding,HIGH,COMPLETED,1,NA,NA,-15.335468001066898,0.00133623499806923,NA,NA,NA,NA,NA,5,37,7.013295495093283
energy_event,71,beh2-3.0,v5-sequential-with-rebuilding,HIGH,COMPLETED,1,NA,NA,-15.33546800106691,0.0013362349980567956,NA,NA,NA,NA,NA,6,37,7.013295272309039
energy_event,71,beh2-3.0,v5-sequential-with-rebuilding,HIGH,COMPLETED,2,NA,NA,-15.335467973592003,0.0013362624729644779,NA,NA,NA,NA,NA,7,36,7.01356020963018
energy_event,71,beh2-3.0,v5-sequential-with-rebuilding,HIGH,COMPLETED,2,NA,NA,-15.335467974167457,0.001336261897510127,NA,NA,NA,NA,NA,8,36,7.013543457933498
energy_event,71,beh2-3.0,v5-sequential-with-rebuilding,HIGH,COMPLETED,2,NA,NA,-15.335467974190141,0.0013362618748260502,NA,NA,NA,NA,NA,9,36,7.013542570251897
energy_event,71,beh2-3.0,v5-sequential-with-rebuilding,HIGH,COMPLETED,2,NA,NA,-15.335467974191898,0.0013362618730692333,NA,NA,NA,NA,NA,10,36,7.013543186875243
energy_event,71,beh2-3.0,v5-sequential-with-rebuilding,HIGH,COMPLETED,2,NA,NA,-15.335467974191952,0.0013362618730159426,NA,NA,NA,NA,NA,11,36,7.013544191698665
energy_event,71,beh2-3.0,v5-sequential-with-rebuilding,HIGH,COMPLETED,2,NA,NA,-15.335467974191966,0.0013362618730017317,NA,NA,NA,NA,NA,12,36,7.0135445151702465
energy_event,71,beh2-3.0,v5-sequential-with-rebuilding,HIGH,COMPLETED,3,NA,NA,-15.335467915350941,0.001336320714026229,NA,NA,NA,NA,NA,13,35,7.01368045385949
energy_event,71,beh2-3.0,v5-sequential-with-rebuilding,HIGH,COMPLETED,3,NA,NA,-15.335467917332672,0.0013363187322958936,NA,NA,NA,NA,NA,14,35,7.013586984176673
energy_event,71,beh2-3.0,v5-sequential-with-rebuilding,HIGH,COMPLETED,3,NA,NA,-15.33546791742671,0.0013363186382573389,NA,NA,NA,NA,NA,15,35,7.013555127782453
energy_event,71,beh2-3.0,v5-sequential-with-rebuilding,HIGH,COMPLETED,3,NA,NA,-15.335467917428536,0.001336318636431244,NA,NA,NA,NA,NA,16,35,7.013557116583424
energy_event,71,beh2-3.0,v5-sequential-with-rebuilding,HIGH,COMPLETED,3,NA,NA,-15.335467917428613,0.0013363186363548607,NA,NA,NA,NA,NA,17,35,7.013557655862328
energy_event,71,beh2-3.0,v5-sequential-with-rebuilding,HIGH,COMPLETED,3,NA,NA,-15.335467917428627,0.0013363186363406498,NA,NA,NA,NA,NA,18,35,7.013557675181804
energy_event,71,beh2-3.0,v5-sequential-with-rebuilding,HIGH,COMPLETED,3,NA,NA,-15.335467917428613,0.0013363186363548607,NA,NA,NA,NA,NA,19,35,7.01355765398548
energy_event,71,beh2-3.0,v5-sequential-with-rebuilding,HIGH,COMPLETED,3,NA,NA,-15.33546791742861,0.001336318636356637,NA,NA,NA,NA,NA,20,35,7.013557675118055
energy_event,71,beh2-3.0,v5-sequential-with-rebuilding,HIGH,COMPLETED,3,NA,NA,-15.335467917428637,0.0013363186363299917,NA,NA,NA,NA,NA,21,35,7.013557675181803
energy_event,71,beh2-3.0,v5-sequential-with-rebuilding,HIGH,COMPLETED,3,NA,NA,-15.335467917428627,0.0013363186363406498,NA,NA,NA,NA,NA,22,35,7.0135576751818025
energy_event,71,beh2-3.0,v5-sequential-with-rebuilding,HIGH,COMPLETED,3,NA,NA,-15.335467917428637,0.0013363186363299917,NA,NA,NA,NA,NA,23,35,7.013557675181803
energy_event,71,beh2-3.0,v5-sequential-with-rebuilding,HIGH,COMPLETED,3,NA,NA,-15.335467917428634,0.0013363186363335444,NA,NA,NA,NA,NA,24,35,7.0135576751818025
energy_event,71,beh2-3.0,v5-sequential-with-rebuilding,HIGH,COMPLETED,3,NA,NA,-15.335467917428637,0.0013363186363299917,NA,NA,NA,NA,NA,25,35,7.013557675181803
energy_event,71,beh2-3.0,v5-sequential-with-rebuilding,HIGH,COMPLETED,3,NA,NA,-15.335467917428637,0.0013363186363299917,NA,NA,NA,NA,NA,26,35,7.0135576751818025
energy_event,71,beh2-3.0,v5-sequential-with-rebuilding,HIGH,COMPLETED,3,NA,NA,-15.335467917428634,0.0013363186363335444,NA,NA,NA,NA,NA,27,35,7.0135576751818025
energy_event,71,beh2-3.0,v5-sequential-with-rebuilding,HIGH,COMPLETED,3,NA,NA,-15.335467917428637,0.0013363186363299917,NA,NA,NA,NA,NA,28,35,7.0135576751818025
energy_event,71,beh2-3.0,v5-sequential-with-rebuilding,HIGH,COMPLETED,3,NA,NA,-15.335467917428637,0.0013363186363299917,NA,NA,NA,NA,NA,29,35,7.0135576751818025
energy_event,71,beh2-3.0,v5-sequential-with-rebuilding,HIGH,COMPLETED,3,NA,NA,-15.335467917428637,0.0013363186363299917,NA,NA,NA,NA,NA,30,35,7.0135576751818025
energy_event,71,beh2-3.0,v5-sequential-with-rebuilding,HIGH,COMPLETED,3,NA,NA,-15.335467917428634,0.0013363186363335444,NA,NA,NA,NA,NA,31,35,7.0135576751818025
energy_event,71,beh2-3.0,v5-sequential-with-rebuilding,HIGH,COMPLETED,3,NA,NA,-15.335467917428637,0.0013363186363299917,NA,NA,NA,NA,NA,32,35,7.0135576751818025
energy_event,71,beh2-3.0,v5-sequential-with-rebuilding,HIGH,COMPLETED,3,NA,NA,-15.335467917428634,0.0013363186363335444,NA,NA,NA,NA,NA,33,35,7.0135576751818025
energy_event,71,beh2-3.0,v5-sequential-with-rebuilding,HIGH,COMPLETED,3,NA,NA,-15.335467917428637,0.0013363186363299917,NA,NA,NA,NA,NA,34,35,7.0135576751818025
energy_event,71,beh2-3.0,v5-sequential-with-rebuilding,HIGH,COMPLETED,3,NA,NA,-15.335467917428634,0.0013363186363335444,NA,NA,NA,NA,NA,35,35,7.0135576751818025
energy_event,71,beh2-3.0,v5-sequential-with-rebuilding,HIGH,COMPLETED,3,NA,NA,-15.335467917428637,0.0013363186363299917,NA,NA,NA,NA,NA,36,35,7.0135576751818025
energy_event,71,beh2-3.0,v5-sequential-with-rebuilding,HIGH,COMPLETED,3,NA,NA,-15.335467917428637,0.0013363186363299917,NA,NA,NA,NA,NA,37,35,7.0135576751818025
energy_event,71,beh2-3.0,v5-sequential-with-rebuilding,HIGH,COMPLETED,3,NA,NA,-15.335467917428634,0.0013363186363335444,NA,NA,NA,NA,NA,38,35,7.0135576751818025
energy_event,71,beh2-3.0,v5-sequential-with-rebuilding,HIGH,COMPLETED,3,NA,NA,-15.335467917428637,0.0013363186363299917,NA,NA,NA,NA,NA,39,35,7.0135576751818025
energy_event,71,beh2-3.0,v5-sequential-with-rebuilding,HIGH,COMPLETED,3,NA,NA,-15.335467917428634,0.0013363186363335444,NA,NA,NA,NA,NA,40,35,7.0135576751818025
energy_event,71,beh2-3.0,v5-sequential-with-rebuilding,HIGH,COMPLETED,3,NA,NA,-15.335467917428637,0.0013363186363299917,NA,NA,NA,NA,NA,41,35,7.0135576751818025
energy_event,71,beh2-3.0,v5-sequential-with-rebuilding,HIGH,COMPLETED,3,NA,NA,-15.335467917428613,0.0013363186363548607,NA,NA,NA,NA,NA,42,35,7.01355765398548
energy_event,71,beh2-3.0,v5-sequential-with-rebuilding,HIGH,COMPLETED,3,NA,NA,-15.335467917428623,0.0013363186363442026,NA,NA,NA,NA,NA,43,35,7.01355766458364
energy_event,71,beh2-3.0,v5-sequential-with-rebuilding,HIGH,COMPLETED,3,NA,NA,-15.335467917428645,0.0013363186363228863,NA,NA,NA,NA,NA,44,35,7.013557669882722
energy_event,71,beh2-3.0,v5-sequential-with-rebuilding,HIGH,COMPLETED,4,NA,NA,-15.335467855066259,0.0013363809987083641,NA,NA,NA,NA,NA,45,34,7.0135695146063455
energy_event,71,beh2-3.0,v5-sequential-with-rebuilding,HIGH,COMPLETED,4,NA,NA,-15.335467855320822,0.001336380744145771,NA,NA,NA,NA,NA,46,34,7.0135855012715105
energy_event,71,beh2-3.0,v5-sequential-with-rebuilding,HIGH,COMPLETED,4,NA,NA,-15.335467855325442,0.0013363807395254668,NA,NA,NA,NA,NA,47,34,7.013586384443341
energy_event,71,beh2-3.0,v5-sequential-with-rebuilding,HIGH,COMPLETED,4,NA,NA,-15.335467855325513,0.0013363807394544125,NA,NA,NA,NA,NA,48,34,7.0135862680757315
energy_event,71,beh2-3.0,v5-sequential-with-rebuilding,HIGH,COMPLETED,4,NA,NA,-15.335467855325515,0.0013363807394526361,NA,NA,NA,NA,NA,49,34,7.013586262925607
energy_event,74,h4-1.5-known-development,structural-magnitude-pruning,LOW,ALGORITHM_REJECTED,1,NA,NA,-1.9874574656825532,0.008692859836256117,NA,NA,NA,NA,NA,1,9,0.66678144715565
energy_event,74,h4-1.5-known-development,structural-magnitude-pruning,LOW,ALGORITHM_REJECTED,1,NA,NA,-1.988687107813285,0.007463217705524272,NA,NA,NA,NA,NA,2,9,0.7585861250750663
energy_event,74,h4-1.5-known-development,structural-magnitude-pruning,LOW,ALGORITHM_REJECTED,1,NA,NA,-1.9895814254651563,0.006568900053653071,NA,NA,NA,NA,NA,3,9,0.7008369480791709
energy_event,74,h4-1.5-known-development,structural-magnitude-pruning,LOW,ALGORITHM_REJECTED,1,NA,NA,-1.9896045040515946,0.006545821467214719,NA,NA,NA,NA,NA,4,9,0.7149004980674833
energy_event,74,h4-1.5-known-development,structural-magnitude-pruning,LOW,ALGORITHM_REJECTED,1,NA,NA,-1.9896052942915985,0.00654503122721084,NA,NA,NA,NA,NA,5,9,0.7139525454985731
energy_event,74,h4-1.5-known-development,structural-magnitude-pruning,LOW,ALGORITHM_REJECTED,1,NA,NA,-1.9896053418171857,0.006544983701623597,NA,NA,NA,NA,NA,6,9,0.7141265469005214
energy_event,74,h4-1.5-known-development,structural-magnitude-pruning,LOW,ALGORITHM_REJECTED,1,NA,NA,-1.989605343786549,0.006544981732260258,NA,NA,NA,NA,NA,7,9,0.7141211348110554
energy_event,74,h4-1.5-known-development,structural-magnitude-pruning,LOW,ALGORITHM_REJECTED,1,NA,NA,-1.9896053438542336,0.006544981664575733,NA,NA,NA,NA,NA,8,9,0.7141193565684957
energy_event,74,h4-1.5-known-development,structural-magnitude-pruning,LOW,ALGORITHM_REJECTED,1,NA,NA,-1.9896053438545218,0.006544981664287519,NA,NA,NA,NA,NA,9,9,0.7141202365844467
energy_event,74,h4-1.5-known-development,structural-magnitude-pruning,LOW,ALGORITHM_REJECTED,1,NA,NA,-1.9896053438545303,0.0065449816642790815,NA,NA,NA,NA,NA,10,9,0.714120148955946
energy_event,75,h4-1.5-known-development,v4.1-one-shot-joint-compression,LOW,ALGORITHM_REJECTED,1,NA,NA,-1.9922443884922512,0.0039059370265581705,NA,NA,NA,NA,NA,1,8,0.5476780134607527
energy_event,75,h4-1.5-known-development,v4.1-one-shot-joint-compression,LOW,ALGORITHM_REJECTED,1,NA,NA,-1.9923357621212034,0.0038145633976058857,NA,NA,NA,NA,NA,2,8,0.539693737523548
energy_event,75,h4-1.5-known-development,v4.1-one-shot-joint-compression,LOW,ALGORITHM_REJECTED,1,NA,NA,-1.9923395192850737,0.003810806233735642,NA,NA,NA,NA,NA,3,8,0.5389103553842757
energy_event,75,h4-1.5-known-development,v4.1-one-shot-joint-compression,LOW,ALGORITHM_REJECTED,1,NA,NA,-1.9923396530383484,0.0038106724804609637,NA,NA,NA,NA,NA,4,8,0.5391366129643108
energy_event,75,h4-1.5-known-development,v4.1-one-shot-joint-compression,LOW,ALGORITHM_REJECTED,1,NA,NA,-1.9923396574846663,0.0038106680341429833,NA,NA,NA,NA,NA,5,8,0.5391280925715439
energy_event,75,h4-1.5-known-development,v4.1-one-shot-joint-compression,LOW,ALGORITHM_REJECTED,1,NA,NA,-1.9923396575272532,0.0038106679915561603,NA,NA,NA,NA,NA,6,8,0.5391231861597713
energy_event,75,h4-1.5-known-development,v4.1-one-shot-joint-compression,LOW,ALGORITHM_REJECTED,1,NA,NA,-1.9923396575276406,0.0038106679911686925,NA,NA,NA,NA,NA,7,8,0.5391237948701412
energy_event,75,h4-1.5-known-development,v4.1-one-shot-joint-compression,LOW,ALGORITHM_REJECTED,1,NA,NA,-1.9923396575276413,0.0038106679911680263,NA,NA,NA,NA,NA,8,8,0.5391237727544177
energy_event,76,h4-1.5-known-development,v5-fixed-source-whitelist-no-replenishment,LOW,ALGORITHM_REJECTED,1,NA,NA,-1.9947883583653399,0.0013619671534694788,NA,NA,NA,NA,NA,1,9,0.6284145883831613
energy_event,76,h4-1.5-known-development,v5-fixed-source-whitelist-no-replenishment,LOW,ALGORITHM_REJECTED,1,NA,NA,-1.99478891004363,0.0013614154751793173,NA,NA,NA,NA,NA,2,9,0.6274667828652193
energy_event,76,h4-1.5-known-development,v5-fixed-source-whitelist-no-replenishment,LOW,ALGORITHM_REJECTED,1,NA,NA,-1.9947889323562515,0.001361393162557789,NA,NA,NA,NA,NA,3,9,0.6274786995794992
energy_event,76,h4-1.5-known-development,v5-fixed-source-whitelist-no-replenishment,LOW,ALGORITHM_REJECTED,1,NA,NA,-1.994788934310065,0.0013613912087442337,NA,NA,NA,NA,NA,4,9,0.6274867440785921
energy_event,76,h4-1.5-known-development,v5-fixed-source-whitelist-no-replenishment,LOW,ALGORITHM_REJECTED,1,NA,NA,-1.9947889343240222,0.001361391194787176,NA,NA,NA,NA,NA,5,9,0.6274844713227616
energy_event,76,h4-1.5-known-development,v5-fixed-source-whitelist-no-replenishment,LOW,ALGORITHM_REJECTED,1,NA,NA,-1.9947889343241305,0.0013613911946788182,NA,NA,NA,NA,NA,6,9,0.6274846241541628
energy_event,76,h4-1.5-known-development,v5-fixed-source-whitelist-no-replenishment,LOW,ALGORITHM_REJECTED,1,NA,NA,-1.99478893432413,0.0013613911946792623,NA,NA,NA,NA,NA,7,9,0.6274846216538039
energy_event,76,h4-1.5-known-development,v5-fixed-source-whitelist-no-replenishment,LOW,ALGORITHM_REJECTED,1,NA,NA,-1.994788934324131,0.001361391194678374,NA,NA,NA,NA,NA,8,9,0.6274846237328343
energy_event,76,h4-1.5-known-development,v5-fixed-source-whitelist-no-replenishment,LOW,ALGORITHM_REJECTED,1,NA,NA,-1.9947889343241305,0.0013613911946788182,NA,NA,NA,NA,NA,9,9,0.6274846213472348
energy_event,76,h4-1.5-known-development,v5-fixed-source-whitelist-no-replenishment,LOW,ALGORITHM_REJECTED,1,NA,NA,-1.994788934324131,0.001361391194678374,NA,NA,NA,NA,NA,10,9,0.6274846234270696
energy_event,76,h4-1.5-known-development,v5-fixed-source-whitelist-no-replenishment,LOW,ALGORITHM_REJECTED,2,NA,NA,-1.9935233126596354,0.002627012859173883,NA,NA,NA,NA,NA,11,9,0.588796697332415
energy_event,76,h4-1.5-known-development,v5-fixed-source-whitelist-no-replenishment,LOW,ALGORITHM_REJECTED,2,NA,NA,-1.9935415112521853,0.002608814266624071,NA,NA,NA,NA,NA,12,9,0.5836196855550155
energy_event,76,h4-1.5-known-development,v5-fixed-source-whitelist-no-replenishment,LOW,ALGORITHM_REJECTED,2,NA,NA,-1.9935423082914352,0.0026080172273741375,NA,NA,NA,NA,NA,13,9,0.5832338058059175
energy_event,76,h4-1.5-known-development,v5-fixed-source-whitelist-no-replenishment,LOW,ALGORITHM_REJECTED,2,NA,NA,-1.9935423176912277,0.0026080078275816376,NA,NA,NA,NA,NA,14,9,0.5832664932092128
energy_event,76,h4-1.5-known-development,v5-fixed-source-whitelist-no-replenishment,LOW,ALGORITHM_REJECTED,2,NA,NA,-1.9935423178414198,0.0026080076773895566,NA,NA,NA,NA,NA,15,9,0.583253193016802
energy_event,76,h4-1.5-known-development,v5-fixed-source-whitelist-no-replenishment,LOW,ALGORITHM_REJECTED,2,NA,NA,-1.9935423178481433,0.002608007670666046,NA,NA,NA,NA,NA,16,9,0.583250871919538
energy_event,76,h4-1.5-known-development,v5-fixed-source-whitelist-no-replenishment,LOW,ALGORITHM_REJECTED,2,NA,NA,-1.9935423178486034,0.0026080076702059696,NA,NA,NA,NA,NA,17,9,0.5832514649576649
energy_event,76,h4-1.5-known-development,v5-fixed-source-whitelist-no-replenishment,LOW,ALGORITHM_REJECTED,2,NA,NA,-1.9935423178486071,0.002608007670202195,NA,NA,NA,NA,NA,18,9,0.5832514568813778
energy_event,76,h4-1.5-known-development,v5-fixed-source-whitelist-no-replenishment,LOW,ALGORITHM_REJECTED,3,NA,NA,-1.9927756948578093,0.0033746306610000776,NA,NA,NA,NA,NA,19,9,0.5514754154849015
energy_event,76,h4-1.5-known-development,v5-fixed-source-whitelist-no-replenishment,LOW,ALGORITHM_REJECTED,3,NA,NA,-1.9928891709631162,0.003261154555693091,NA,NA,NA,NA,NA,20,9,0.5409648744757235
energy_event,76,h4-1.5-known-development,v5-fixed-source-whitelist-no-replenishment,LOW,ALGORITHM_REJECTED,3,NA,NA,-1.9928936489338613,0.003256676584947993,NA,NA,NA,NA,NA,21,9,0.5397416856226783
energy_event,76,h4-1.5-known-development,v5-fixed-source-whitelist-no-replenishment,LOW,ALGORITHM_REJECTED,3,NA,NA,-1.9928937662949882,0.003256559223821176,NA,NA,NA,NA,NA,22,9,0.5399750726451156
energy_event,76,h4-1.5-known-development,v5-fixed-source-whitelist-no-replenishment,LOW,ALGORITHM_REJECTED,3,NA,NA,-1.9928937731754077,0.0032565523434016086,NA,NA,NA,NA,NA,23,9,0.5399720701588736
energy_event,76,h4-1.5-known-development,v5-fixed-source-whitelist-no-replenishment,LOW,ALGORITHM_REJECTED,3,NA,NA,-1.9928937733003507,0.0032565522184586637,NA,NA,NA,NA,NA,24,9,0.5399638834232122
energy_event,76,h4-1.5-known-development,v5-fixed-source-whitelist-no-replenishment,LOW,ALGORITHM_REJECTED,3,NA,NA,-1.992893773301637,0.0032565522171723593,NA,NA,NA,NA,NA,25,9,0.5399648747229685
energy_event,76,h4-1.5-known-development,v5-fixed-source-whitelist-no-replenishment,LOW,ALGORITHM_REJECTED,3,NA,NA,-1.9928937733016394,0.003256552217169917,NA,NA,NA,NA,NA,26,9,0.5399648535478192
energy_event,76,h4-1.5-known-development,v5-fixed-source-whitelist-no-replenishment,LOW,ALGORITHM_REJECTED,4,NA,NA,-1.9917492264438867,0.0044010990749225876,NA,NA,NA,NA,NA,27,9,0.5625688772491639
energy_event,76,h4-1.5-known-development,v5-fixed-source-whitelist-no-replenishment,LOW,ALGORITHM_REJECTED,4,NA,NA,-1.991829908778003,0.00432041674080641,NA,NA,NA,NA,NA,28,9,0.5543018202938994
energy_event,76,h4-1.5-known-development,v5-fixed-source-whitelist-no-replenishment,LOW,ALGORITHM_REJECTED,4,NA,NA,-1.9918337729687692,0.004316552550040154,NA,NA,NA,NA,NA,29,9,0.5527558853119712
energy_event,76,h4-1.5-known-development,v5-fixed-source-whitelist-no-replenishment,LOW,ALGORITHM_REJECTED,4,NA,NA,-1.9918340689170515,0.0043162566017578285,NA,NA,NA,NA,NA,30,9,0.552910145784819
energy_event,76,h4-1.5-known-development,v5-fixed-source-whitelist-no-replenishment,LOW,ALGORITHM_REJECTED,4,NA,NA,-1.9918340729979052,0.0043162525209041736,NA,NA,NA,NA,NA,31,9,0.5528749992145959
energy_event,76,h4-1.5-known-development,v5-fixed-source-whitelist-no-replenishment,LOW,ALGORITHM_REJECTED,4,NA,NA,-1.9918340731030528,0.004316252415756505,NA,NA,NA,NA,NA,32,9,0.552862493773007
energy_event,76,h4-1.5-known-development,v5-fixed-source-whitelist-no-replenishment,LOW,ALGORITHM_REJECTED,4,NA,NA,-1.9918340731076705,0.004316252411138866,NA,NA,NA,NA,NA,33,9,0.5528619937746704
energy_event,76,h4-1.5-known-development,v5-fixed-source-whitelist-no-replenishment,LOW,ALGORITHM_REJECTED,4,NA,NA,-1.9918340731079975,0.004316252410811794,NA,NA,NA,NA,NA,34,9,0.5528624513250949
energy_event,76,h4-1.5-known-development,v5-fixed-source-whitelist-no-replenishment,LOW,ALGORITHM_REJECTED,4,NA,NA,-1.9918340731079978,0.004316252410811572,NA,NA,NA,NA,NA,35,9,0.5528624031058539
energy_event,77,h4-1.5-known-development,v5-sequential-with-rebuilding,LOW,ALGORITHM_REJECTED,1,NA,NA,-1.9947883583653399,0.0013619671534694788,NA,NA,NA,NA,NA,1,9,0.6284145883831613
energy_event,77,h4-1.5-known-development,v5-sequential-with-rebuilding,LOW,ALGORITHM_REJECTED,1,NA,NA,-1.99478891004363,0.0013614154751793173,NA,NA,NA,NA,NA,2,9,0.6274667828652193
energy_event,77,h4-1.5-known-development,v5-sequential-with-rebuilding,LOW,ALGORITHM_REJECTED,1,NA,NA,-1.9947889323562515,0.001361393162557789,NA,NA,NA,NA,NA,3,9,0.6274786995794992
energy_event,77,h4-1.5-known-development,v5-sequential-with-rebuilding,LOW,ALGORITHM_REJECTED,1,NA,NA,-1.994788934310065,0.0013613912087442337,NA,NA,NA,NA,NA,4,9,0.6274867440785921
energy_event,77,h4-1.5-known-development,v5-sequential-with-rebuilding,LOW,ALGORITHM_REJECTED,1,NA,NA,-1.9947889343240222,0.001361391194787176,NA,NA,NA,NA,NA,5,9,0.6274844713227616
energy_event,77,h4-1.5-known-development,v5-sequential-with-rebuilding,LOW,ALGORITHM_REJECTED,1,NA,NA,-1.9947889343241305,0.0013613911946788182,NA,NA,NA,NA,NA,6,9,0.6274846241541628
energy_event,77,h4-1.5-known-development,v5-sequential-with-rebuilding,LOW,ALGORITHM_REJECTED,1,NA,NA,-1.99478893432413,0.0013613911946792623,NA,NA,NA,NA,NA,7,9,0.6274846216538039
energy_event,77,h4-1.5-known-development,v5-sequential-with-rebuilding,LOW,ALGORITHM_REJECTED,1,NA,NA,-1.994788934324131,0.001361391194678374,NA,NA,NA,NA,NA,8,9,0.6274846237328343
energy_event,77,h4-1.5-known-development,v5-sequential-with-rebuilding,LOW,ALGORITHM_REJECTED,1,NA,NA,-1.9947889343241305,0.0013613911946788182,NA,NA,NA,NA,NA,9,9,0.6274846213472348
energy_event,77,h4-1.5-known-development,v5-sequential-with-rebuilding,LOW,ALGORITHM_REJECTED,1,NA,NA,-1.994788934324131,0.001361391194678374,NA,NA,NA,NA,NA,10,9,0.6274846234270696
energy_event,77,h4-1.5-known-development,v5-sequential-with-rebuilding,LOW,ALGORITHM_REJECTED,2,NA,NA,-1.9935233126596354,0.002627012859173883,NA,NA,NA,NA,NA,11,9,0.588796697332415
energy_event,77,h4-1.5-known-development,v5-sequential-with-rebuilding,LOW,ALGORITHM_REJECTED,2,NA,NA,-1.9935415112521853,0.002608814266624071,NA,NA,NA,NA,NA,12,9,0.5836196855550155
energy_event,77,h4-1.5-known-development,v5-sequential-with-rebuilding,LOW,ALGORITHM_REJECTED,2,NA,NA,-1.9935423082914352,0.0026080172273741375,NA,NA,NA,NA,NA,13,9,0.5832338058059175
energy_event,77,h4-1.5-known-development,v5-sequential-with-rebuilding,LOW,ALGORITHM_REJECTED,2,NA,NA,-1.9935423176912277,0.0026080078275816376,NA,NA,NA,NA,NA,14,9,0.5832664932092128
energy_event,77,h4-1.5-known-development,v5-sequential-with-rebuilding,LOW,ALGORITHM_REJECTED,2,NA,NA,-1.9935423178414198,0.0026080076773895566,NA,NA,NA,NA,NA,15,9,0.583253193016802
energy_event,77,h4-1.5-known-development,v5-sequential-with-rebuilding,LOW,ALGORITHM_REJECTED,2,NA,NA,-1.9935423178481433,0.002608007670666046,NA,NA,NA,NA,NA,16,9,0.583250871919538
energy_event,77,h4-1.5-known-development,v5-sequential-with-rebuilding,LOW,ALGORITHM_REJECTED,2,NA,NA,-1.9935423178486034,0.0026080076702059696,NA,NA,NA,NA,NA,17,9,0.5832514649576649
energy_event,77,h4-1.5-known-development,v5-sequential-with-rebuilding,LOW,ALGORITHM_REJECTED,2,NA,NA,-1.9935423178486071,0.002608007670202195,NA,NA,NA,NA,NA,18,9,0.5832514568813778
energy_event,77,h4-1.5-known-development,v5-sequential-with-rebuilding,LOW,ALGORITHM_REJECTED,3,NA,NA,-1.9927756948578093,0.0033746306610000776,NA,NA,NA,NA,NA,19,9,0.5514754154849015
energy_event,77,h4-1.5-known-development,v5-sequential-with-rebuilding,LOW,ALGORITHM_REJECTED,3,NA,NA,-1.9928891709631162,0.003261154555693091,NA,NA,NA,NA,NA,20,9,0.5409648744757235
energy_event,77,h4-1.5-known-development,v5-sequential-with-rebuilding,LOW,ALGORITHM_REJECTED,3,NA,NA,-1.9928936489338613,0.003256676584947993,NA,NA,NA,NA,NA,21,9,0.5397416856226783
energy_event,77,h4-1.5-known-development,v5-sequential-with-rebuilding,LOW,ALGORITHM_REJECTED,3,NA,NA,-1.9928937662949882,0.003256559223821176,NA,NA,NA,NA,NA,22,9,0.5399750726451156
energy_event,77,h4-1.5-known-development,v5-sequential-with-rebuilding,LOW,ALGORITHM_REJECTED,3,NA,NA,-1.9928937731754077,0.0032565523434016086,NA,NA,NA,NA,NA,23,9,0.5399720701588736
energy_event,77,h4-1.5-known-development,v5-sequential-with-rebuilding,LOW,ALGORITHM_REJECTED,3,NA,NA,-1.9928937733003507,0.0032565522184586637,NA,NA,NA,NA,NA,24,9,0.5399638834232122
energy_event,77,h4-1.5-known-development,v5-sequential-with-rebuilding,LOW,ALGORITHM_REJECTED,3,NA,NA,-1.992893773301637,0.0032565522171723593,NA,NA,NA,NA,NA,25,9,0.5399648747229685
energy_event,77,h4-1.5-known-development,v5-sequential-with-rebuilding,LOW,ALGORITHM_REJECTED,3,NA,NA,-1.9928937733016394,0.003256552217169917,NA,NA,NA,NA,NA,26,9,0.5399648535478192
energy_event,77,h4-1.5-known-development,v5-sequential-with-rebuilding,LOW,ALGORITHM_REJECTED,4,NA,NA,-1.9917492264438867,0.0044010990749225876,NA,NA,NA,NA,NA,27,9,0.5625688772491639
energy_event,77,h4-1.5-known-development,v5-sequential-with-rebuilding,LOW,ALGORITHM_REJECTED,4,NA,NA,-1.991829908778003,0.00432041674080641,NA,NA,NA,NA,NA,28,9,0.5543018202938994
energy_event,77,h4-1.5-known-development,v5-sequential-with-rebuilding,LOW,ALGORITHM_REJECTED,4,NA,NA,-1.9918337729687692,0.004316552550040154,NA,NA,NA,NA,NA,29,9,0.5527558853119712
energy_event,77,h4-1.5-known-development,v5-sequential-with-rebuilding,LOW,ALGORITHM_REJECTED,4,NA,NA,-1.9918340689170515,0.0043162566017578285,NA,NA,NA,NA,NA,30,9,0.552910145784819
energy_event,77,h4-1.5-known-development,v5-sequential-with-rebuilding,LOW,ALGORITHM_REJECTED,4,NA,NA,-1.9918340729979052,0.0043162525209041736,NA,NA,NA,NA,NA,31,9,0.5528749992145959
energy_event,77,h4-1.5-known-development,v5-sequential-with-rebuilding,LOW,ALGORITHM_REJECTED,4,NA,NA,-1.9918340731030528,0.004316252415756505,NA,NA,NA,NA,NA,32,9,0.552862493773007
energy_event,77,h4-1.5-known-development,v5-sequential-with-rebuilding,LOW,ALGORITHM_REJECTED,4,NA,NA,-1.9918340731076705,0.004316252411138866,NA,NA,NA,NA,NA,33,9,0.5528619937746704
energy_event,77,h4-1.5-known-development,v5-sequential-with-rebuilding,LOW,ALGORITHM_REJECTED,4,NA,NA,-1.9918340731079975,0.004316252410811794,NA,NA,NA,NA,NA,34,9,0.5528624513250949
energy_event,77,h4-1.5-known-development,v5-sequential-with-rebuilding,LOW,ALGORITHM_REJECTED,4,NA,NA,-1.9918340731079978,0.004316252410811572,NA,NA,NA,NA,NA,35,9,0.5528624031058539
energy_event,80,h4-1.5-known-development,structural-magnitude-pruning,MEDIUM,ALGORITHM_REJECTED,1,NA,NA,-1.9874574656825532,0.008692859836256117,NA,NA,NA,NA,NA,1,9,0.66678144715565
energy_event,80,h4-1.5-known-development,structural-magnitude-pruning,MEDIUM,ALGORITHM_REJECTED,1,NA,NA,-1.988687107813285,0.007463217705524272,NA,NA,NA,NA,NA,2,9,0.7585861250750663
energy_event,80,h4-1.5-known-development,structural-magnitude-pruning,MEDIUM,ALGORITHM_REJECTED,1,NA,NA,-1.9895814254651563,0.006568900053653071,NA,NA,NA,NA,NA,3,9,0.7008369480791709
energy_event,80,h4-1.5-known-development,structural-magnitude-pruning,MEDIUM,ALGORITHM_REJECTED,1,NA,NA,-1.9896045040515946,0.006545821467214719,NA,NA,NA,NA,NA,4,9,0.7149004980674833
energy_event,80,h4-1.5-known-development,structural-magnitude-pruning,MEDIUM,ALGORITHM_REJECTED,1,NA,NA,-1.9896052942915985,0.00654503122721084,NA,NA,NA,NA,NA,5,9,0.7139525454985731
energy_event,80,h4-1.5-known-development,structural-magnitude-pruning,MEDIUM,ALGORITHM_REJECTED,1,NA,NA,-1.9896053418171857,0.006544983701623597,NA,NA,NA,NA,NA,6,9,0.7141265469005214
energy_event,80,h4-1.5-known-development,structural-magnitude-pruning,MEDIUM,ALGORITHM_REJECTED,1,NA,NA,-1.989605343786549,0.006544981732260258,NA,NA,NA,NA,NA,7,9,0.7141211348110554
energy_event,80,h4-1.5-known-development,structural-magnitude-pruning,MEDIUM,ALGORITHM_REJECTED,1,NA,NA,-1.9896053438542336,0.006544981664575733,NA,NA,NA,NA,NA,8,9,0.7141193565684957
energy_event,80,h4-1.5-known-development,structural-magnitude-pruning,MEDIUM,ALGORITHM_REJECTED,1,NA,NA,-1.9896053438545218,0.006544981664287519,NA,NA,NA,NA,NA,9,9,0.7141202365844467
energy_event,80,h4-1.5-known-development,structural-magnitude-pruning,MEDIUM,ALGORITHM_REJECTED,1,NA,NA,-1.9896053438545303,0.0065449816642790815,NA,NA,NA,NA,NA,10,9,0.714120148955946
energy_event,81,h4-1.5-known-development,v4.1-one-shot-joint-compression,MEDIUM,ALGORITHM_REJECTED,1,NA,NA,-1.9922443884922512,0.0039059370265581705,NA,NA,NA,NA,NA,1,8,0.5476780134607527
energy_event,81,h4-1.5-known-development,v4.1-one-shot-joint-compression,MEDIUM,ALGORITHM_REJECTED,1,NA,NA,-1.9923357621212034,0.0038145633976058857,NA,NA,NA,NA,NA,2,8,0.539693737523548
energy_event,81,h4-1.5-known-development,v4.1-one-shot-joint-compression,MEDIUM,ALGORITHM_REJECTED,1,NA,NA,-1.9923395192850737,0.003810806233735642,NA,NA,NA,NA,NA,3,8,0.5389103553842757
energy_event,81,h4-1.5-known-development,v4.1-one-shot-joint-compression,MEDIUM,ALGORITHM_REJECTED,1,NA,NA,-1.9923396530383484,0.0038106724804609637,NA,NA,NA,NA,NA,4,8,0.5391366129643108
energy_event,81,h4-1.5-known-development,v4.1-one-shot-joint-compression,MEDIUM,ALGORITHM_REJECTED,1,NA,NA,-1.9923396574846663,0.0038106680341429833,NA,NA,NA,NA,NA,5,8,0.5391280925715439
energy_event,81,h4-1.5-known-development,v4.1-one-shot-joint-compression,MEDIUM,ALGORITHM_REJECTED,1,NA,NA,-1.9923396575272532,0.0038106679915561603,NA,NA,NA,NA,NA,6,8,0.5391231861597713
energy_event,81,h4-1.5-known-development,v4.1-one-shot-joint-compression,MEDIUM,ALGORITHM_REJECTED,1,NA,NA,-1.9923396575276406,0.0038106679911686925,NA,NA,NA,NA,NA,7,8,0.5391237948701412
energy_event,81,h4-1.5-known-development,v4.1-one-shot-joint-compression,MEDIUM,ALGORITHM_REJECTED,1,NA,NA,-1.9923396575276413,0.0038106679911680263,NA,NA,NA,NA,NA,8,8,0.5391237727544177
energy_event,82,h4-1.5-known-development,v5-fixed-source-whitelist-no-replenishment,MEDIUM,ALGORITHM_REJECTED,1,NA,NA,-1.9947883583653399,0.0013619671534694788,NA,NA,NA,NA,NA,1,9,0.6284145883831613
energy_event,82,h4-1.5-known-development,v5-fixed-source-whitelist-no-replenishment,MEDIUM,ALGORITHM_REJECTED,1,NA,NA,-1.99478891004363,0.0013614154751793173,NA,NA,NA,NA,NA,2,9,0.6274667828652193
energy_event,82,h4-1.5-known-development,v5-fixed-source-whitelist-no-replenishment,MEDIUM,ALGORITHM_REJECTED,1,NA,NA,-1.9947889323562515,0.001361393162557789,NA,NA,NA,NA,NA,3,9,0.6274786995794992
energy_event,82,h4-1.5-known-development,v5-fixed-source-whitelist-no-replenishment,MEDIUM,ALGORITHM_REJECTED,1,NA,NA,-1.994788934310065,0.0013613912087442337,NA,NA,NA,NA,NA,4,9,0.6274867440785921
energy_event,82,h4-1.5-known-development,v5-fixed-source-whitelist-no-replenishment,MEDIUM,ALGORITHM_REJECTED,1,NA,NA,-1.9947889343240222,0.001361391194787176,NA,NA,NA,NA,NA,5,9,0.6274844713227616
energy_event,82,h4-1.5-known-development,v5-fixed-source-whitelist-no-replenishment,MEDIUM,ALGORITHM_REJECTED,1,NA,NA,-1.9947889343241305,0.0013613911946788182,NA,NA,NA,NA,NA,6,9,0.6274846241541628
energy_event,82,h4-1.5-known-development,v5-fixed-source-whitelist-no-replenishment,MEDIUM,ALGORITHM_REJECTED,1,NA,NA,-1.99478893432413,0.0013613911946792623,NA,NA,NA,NA,NA,7,9,0.6274846216538039
energy_event,82,h4-1.5-known-development,v5-fixed-source-whitelist-no-replenishment,MEDIUM,ALGORITHM_REJECTED,1,NA,NA,-1.994788934324131,0.001361391194678374,NA,NA,NA,NA,NA,8,9,0.6274846237328343
energy_event,82,h4-1.5-known-development,v5-fixed-source-whitelist-no-replenishment,MEDIUM,ALGORITHM_REJECTED,1,NA,NA,-1.9947889343241305,0.0013613911946788182,NA,NA,NA,NA,NA,9,9,0.6274846213472348
energy_event,82,h4-1.5-known-development,v5-fixed-source-whitelist-no-replenishment,MEDIUM,ALGORITHM_REJECTED,1,NA,NA,-1.994788934324131,0.001361391194678374,NA,NA,NA,NA,NA,10,9,0.6274846234270696
energy_event,82,h4-1.5-known-development,v5-fixed-source-whitelist-no-replenishment,MEDIUM,ALGORITHM_REJECTED,2,NA,NA,-1.9935233126596354,0.002627012859173883,NA,NA,NA,NA,NA,11,9,0.588796697332415
energy_event,82,h4-1.5-known-development,v5-fixed-source-whitelist-no-replenishment,MEDIUM,ALGORITHM_REJECTED,2,NA,NA,-1.9935415112521853,0.002608814266624071,NA,NA,NA,NA,NA,12,9,0.5836196855550155
energy_event,82,h4-1.5-known-development,v5-fixed-source-whitelist-no-replenishment,MEDIUM,ALGORITHM_REJECTED,2,NA,NA,-1.9935423082914352,0.0026080172273741375,NA,NA,NA,NA,NA,13,9,0.5832338058059175
energy_event,82,h4-1.5-known-development,v5-fixed-source-whitelist-no-replenishment,MEDIUM,ALGORITHM_REJECTED,2,NA,NA,-1.9935423176912277,0.0026080078275816376,NA,NA,NA,NA,NA,14,9,0.5832664932092128
energy_event,82,h4-1.5-known-development,v5-fixed-source-whitelist-no-replenishment,MEDIUM,ALGORITHM_REJECTED,2,NA,NA,-1.9935423178414198,0.0026080076773895566,NA,NA,NA,NA,NA,15,9,0.583253193016802
energy_event,82,h4-1.5-known-development,v5-fixed-source-whitelist-no-replenishment,MEDIUM,ALGORITHM_REJECTED,2,NA,NA,-1.9935423178481433,0.002608007670666046,NA,NA,NA,NA,NA,16,9,0.583250871919538
energy_event,82,h4-1.5-known-development,v5-fixed-source-whitelist-no-replenishment,MEDIUM,ALGORITHM_REJECTED,2,NA,NA,-1.9935423178486034,0.0026080076702059696,NA,NA,NA,NA,NA,17,9,0.5832514649576649
energy_event,82,h4-1.5-known-development,v5-fixed-source-whitelist-no-replenishment,MEDIUM,ALGORITHM_REJECTED,2,NA,NA,-1.9935423178486071,0.002608007670202195,NA,NA,NA,NA,NA,18,9,0.5832514568813778
energy_event,82,h4-1.5-known-development,v5-fixed-source-whitelist-no-replenishment,MEDIUM,ALGORITHM_REJECTED,3,NA,NA,-1.9927756948578093,0.0033746306610000776,NA,NA,NA,NA,NA,19,9,0.5514754154849015
energy_event,82,h4-1.5-known-development,v5-fixed-source-whitelist-no-replenishment,MEDIUM,ALGORITHM_REJECTED,3,NA,NA,-1.9928891709631162,0.003261154555693091,NA,NA,NA,NA,NA,20,9,0.5409648744757235
energy_event,82,h4-1.5-known-development,v5-fixed-source-whitelist-no-replenishment,MEDIUM,ALGORITHM_REJECTED,3,NA,NA,-1.9928936489338613,0.003256676584947993,NA,NA,NA,NA,NA,21,9,0.5397416856226783
energy_event,82,h4-1.5-known-development,v5-fixed-source-whitelist-no-replenishment,MEDIUM,ALGORITHM_REJECTED,3,NA,NA,-1.9928937662949882,0.003256559223821176,NA,NA,NA,NA,NA,22,9,0.5399750726451156
energy_event,82,h4-1.5-known-development,v5-fixed-source-whitelist-no-replenishment,MEDIUM,ALGORITHM_REJECTED,3,NA,NA,-1.9928937731754077,0.0032565523434016086,NA,NA,NA,NA,NA,23,9,0.5399720701588736
energy_event,82,h4-1.5-known-development,v5-fixed-source-whitelist-no-replenishment,MEDIUM,ALGORITHM_REJECTED,3,NA,NA,-1.9928937733003507,0.0032565522184586637,NA,NA,NA,NA,NA,24,9,0.5399638834232122
energy_event,82,h4-1.5-known-development,v5-fixed-source-whitelist-no-replenishment,MEDIUM,ALGORITHM_REJECTED,3,NA,NA,-1.992893773301637,0.0032565522171723593,NA,NA,NA,NA,NA,25,9,0.5399648747229685
energy_event,82,h4-1.5-known-development,v5-fixed-source-whitelist-no-replenishment,MEDIUM,ALGORITHM_REJECTED,3,NA,NA,-1.9928937733016394,0.003256552217169917,NA,NA,NA,NA,NA,26,9,0.5399648535478192
energy_event,82,h4-1.5-known-development,v5-fixed-source-whitelist-no-replenishment,MEDIUM,ALGORITHM_REJECTED,4,NA,NA,-1.9917492264438867,0.0044010990749225876,NA,NA,NA,NA,NA,27,9,0.5625688772491639
energy_event,82,h4-1.5-known-development,v5-fixed-source-whitelist-no-replenishment,MEDIUM,ALGORITHM_REJECTED,4,NA,NA,-1.991829908778003,0.00432041674080641,NA,NA,NA,NA,NA,28,9,0.5543018202938994
energy_event,82,h4-1.5-known-development,v5-fixed-source-whitelist-no-replenishment,MEDIUM,ALGORITHM_REJECTED,4,NA,NA,-1.9918337729687692,0.004316552550040154,NA,NA,NA,NA,NA,29,9,0.5527558853119712
energy_event,82,h4-1.5-known-development,v5-fixed-source-whitelist-no-replenishment,MEDIUM,ALGORITHM_REJECTED,4,NA,NA,-1.9918340689170515,0.0043162566017578285,NA,NA,NA,NA,NA,30,9,0.552910145784819
energy_event,82,h4-1.5-known-development,v5-fixed-source-whitelist-no-replenishment,MEDIUM,ALGORITHM_REJECTED,4,NA,NA,-1.9918340729979052,0.0043162525209041736,NA,NA,NA,NA,NA,31,9,0.5528749992145959
energy_event,82,h4-1.5-known-development,v5-fixed-source-whitelist-no-replenishment,MEDIUM,ALGORITHM_REJECTED,4,NA,NA,-1.9918340731030528,0.004316252415756505,NA,NA,NA,NA,NA,32,9,0.552862493773007
energy_event,82,h4-1.5-known-development,v5-fixed-source-whitelist-no-replenishment,MEDIUM,ALGORITHM_REJECTED,4,NA,NA,-1.9918340731076705,0.004316252411138866,NA,NA,NA,NA,NA,33,9,0.5528619937746704
energy_event,82,h4-1.5-known-development,v5-fixed-source-whitelist-no-replenishment,MEDIUM,ALGORITHM_REJECTED,4,NA,NA,-1.9918340731079975,0.004316252410811794,NA,NA,NA,NA,NA,34,9,0.5528624513250949
energy_event,82,h4-1.5-known-development,v5-fixed-source-whitelist-no-replenishment,MEDIUM,ALGORITHM_REJECTED,4,NA,NA,-1.9918340731079978,0.004316252410811572,NA,NA,NA,NA,NA,35,9,0.5528624031058539
energy_event,83,h4-1.5-known-development,v5-sequential-with-rebuilding,MEDIUM,ALGORITHM_REJECTED,1,NA,NA,-1.9947883583653399,0.0013619671534694788,NA,NA,NA,NA,NA,1,9,0.6284145883831613
energy_event,83,h4-1.5-known-development,v5-sequential-with-rebuilding,MEDIUM,ALGORITHM_REJECTED,1,NA,NA,-1.99478891004363,0.0013614154751793173,NA,NA,NA,NA,NA,2,9,0.6274667828652193
energy_event,83,h4-1.5-known-development,v5-sequential-with-rebuilding,MEDIUM,ALGORITHM_REJECTED,1,NA,NA,-1.9947889323562515,0.001361393162557789,NA,NA,NA,NA,NA,3,9,0.6274786995794992
energy_event,83,h4-1.5-known-development,v5-sequential-with-rebuilding,MEDIUM,ALGORITHM_REJECTED,1,NA,NA,-1.994788934310065,0.0013613912087442337,NA,NA,NA,NA,NA,4,9,0.6274867440785921
energy_event,83,h4-1.5-known-development,v5-sequential-with-rebuilding,MEDIUM,ALGORITHM_REJECTED,1,NA,NA,-1.9947889343240222,0.001361391194787176,NA,NA,NA,NA,NA,5,9,0.6274844713227616
energy_event,83,h4-1.5-known-development,v5-sequential-with-rebuilding,MEDIUM,ALGORITHM_REJECTED,1,NA,NA,-1.9947889343241305,0.0013613911946788182,NA,NA,NA,NA,NA,6,9,0.6274846241541628
energy_event,83,h4-1.5-known-development,v5-sequential-with-rebuilding,MEDIUM,ALGORITHM_REJECTED,1,NA,NA,-1.99478893432413,0.0013613911946792623,NA,NA,NA,NA,NA,7,9,0.6274846216538039
energy_event,83,h4-1.5-known-development,v5-sequential-with-rebuilding,MEDIUM,ALGORITHM_REJECTED,1,NA,NA,-1.994788934324131,0.001361391194678374,NA,NA,NA,NA,NA,8,9,0.6274846237328343
energy_event,83,h4-1.5-known-development,v5-sequential-with-rebuilding,MEDIUM,ALGORITHM_REJECTED,1,NA,NA,-1.9947889343241305,0.0013613911946788182,NA,NA,NA,NA,NA,9,9,0.6274846213472348
energy_event,83,h4-1.5-known-development,v5-sequential-with-rebuilding,MEDIUM,ALGORITHM_REJECTED,1,NA,NA,-1.994788934324131,0.001361391194678374,NA,NA,NA,NA,NA,10,9,0.6274846234270696
energy_event,83,h4-1.5-known-development,v5-sequential-with-rebuilding,MEDIUM,ALGORITHM_REJECTED,2,NA,NA,-1.9935233126596354,0.002627012859173883,NA,NA,NA,NA,NA,11,9,0.588796697332415
energy_event,83,h4-1.5-known-development,v5-sequential-with-rebuilding,MEDIUM,ALGORITHM_REJECTED,2,NA,NA,-1.9935415112521853,0.002608814266624071,NA,NA,NA,NA,NA,12,9,0.5836196855550155
energy_event,83,h4-1.5-known-development,v5-sequential-with-rebuilding,MEDIUM,ALGORITHM_REJECTED,2,NA,NA,-1.9935423082914352,0.0026080172273741375,NA,NA,NA,NA,NA,13,9,0.5832338058059175
energy_event,83,h4-1.5-known-development,v5-sequential-with-rebuilding,MEDIUM,ALGORITHM_REJECTED,2,NA,NA,-1.9935423176912277,0.0026080078275816376,NA,NA,NA,NA,NA,14,9,0.5832664932092128
energy_event,83,h4-1.5-known-development,v5-sequential-with-rebuilding,MEDIUM,ALGORITHM_REJECTED,2,NA,NA,-1.9935423178414198,0.0026080076773895566,NA,NA,NA,NA,NA,15,9,0.583253193016802
energy_event,83,h4-1.5-known-development,v5-sequential-with-rebuilding,MEDIUM,ALGORITHM_REJECTED,2,NA,NA,-1.9935423178481433,0.002608007670666046,NA,NA,NA,NA,NA,16,9,0.583250871919538
energy_event,83,h4-1.5-known-development,v5-sequential-with-rebuilding,MEDIUM,ALGORITHM_REJECTED,2,NA,NA,-1.9935423178486034,0.0026080076702059696,NA,NA,NA,NA,NA,17,9,0.5832514649576649
energy_event,83,h4-1.5-known-development,v5-sequential-with-rebuilding,MEDIUM,ALGORITHM_REJECTED,2,NA,NA,-1.9935423178486071,0.002608007670202195,NA,NA,NA,NA,NA,18,9,0.5832514568813778
energy_event,83,h4-1.5-known-development,v5-sequential-with-rebuilding,MEDIUM,ALGORITHM_REJECTED,3,NA,NA,-1.9927756948578093,0.0033746306610000776,NA,NA,NA,NA,NA,19,9,0.5514754154849015
energy_event,83,h4-1.5-known-development,v5-sequential-with-rebuilding,MEDIUM,ALGORITHM_REJECTED,3,NA,NA,-1.9928891709631162,0.003261154555693091,NA,NA,NA,NA,NA,20,9,0.5409648744757235
energy_event,83,h4-1.5-known-development,v5-sequential-with-rebuilding,MEDIUM,ALGORITHM_REJECTED,3,NA,NA,-1.9928936489338613,0.003256676584947993,NA,NA,NA,NA,NA,21,9,0.5397416856226783
energy_event,83,h4-1.5-known-development,v5-sequential-with-rebuilding,MEDIUM,ALGORITHM_REJECTED,3,NA,NA,-1.9928937662949882,0.003256559223821176,NA,NA,NA,NA,NA,22,9,0.5399750726451156
energy_event,83,h4-1.5-known-development,v5-sequential-with-rebuilding,MEDIUM,ALGORITHM_REJECTED,3,NA,NA,-1.9928937731754077,0.0032565523434016086,NA,NA,NA,NA,NA,23,9,0.5399720701588736
energy_event,83,h4-1.5-known-development,v5-sequential-with-rebuilding,MEDIUM,ALGORITHM_REJECTED,3,NA,NA,-1.9928937733003507,0.0032565522184586637,NA,NA,NA,NA,NA,24,9,0.5399638834232122
energy_event,83,h4-1.5-known-development,v5-sequential-with-rebuilding,MEDIUM,ALGORITHM_REJECTED,3,NA,NA,-1.992893773301637,0.0032565522171723593,NA,NA,NA,NA,NA,25,9,0.5399648747229685
energy_event,83,h4-1.5-known-development,v5-sequential-with-rebuilding,MEDIUM,ALGORITHM_REJECTED,3,NA,NA,-1.9928937733016394,0.003256552217169917,NA,NA,NA,NA,NA,26,9,0.5399648535478192
energy_event,83,h4-1.5-known-development,v5-sequential-with-rebuilding,MEDIUM,ALGORITHM_REJECTED,4,NA,NA,-1.9917492264438867,0.0044010990749225876,NA,NA,NA,NA,NA,27,9,0.5625688772491639
energy_event,83,h4-1.5-known-development,v5-sequential-with-rebuilding,MEDIUM,ALGORITHM_REJECTED,4,NA,NA,-1.991829908778003,0.00432041674080641,NA,NA,NA,NA,NA,28,9,0.5543018202938994
energy_event,83,h4-1.5-known-development,v5-sequential-with-rebuilding,MEDIUM,ALGORITHM_REJECTED,4,NA,NA,-1.9918337729687692,0.004316552550040154,NA,NA,NA,NA,NA,29,9,0.5527558853119712
energy_event,83,h4-1.5-known-development,v5-sequential-with-rebuilding,MEDIUM,ALGORITHM_REJECTED,4,NA,NA,-1.9918340689170515,0.0043162566017578285,NA,NA,NA,NA,NA,30,9,0.552910145784819
energy_event,83,h4-1.5-known-development,v5-sequential-with-rebuilding,MEDIUM,ALGORITHM_REJECTED,4,NA,NA,-1.9918340729979052,0.0043162525209041736,NA,NA,NA,NA,NA,31,9,0.5528749992145959
energy_event,83,h4-1.5-known-development,v5-sequential-with-rebuilding,MEDIUM,ALGORITHM_REJECTED,4,NA,NA,-1.9918340731030528,0.004316252415756505,NA,NA,NA,NA,NA,32,9,0.552862493773007
energy_event,83,h4-1.5-known-development,v5-sequential-with-rebuilding,MEDIUM,ALGORITHM_REJECTED,4,NA,NA,-1.9918340731076705,0.004316252411138866,NA,NA,NA,NA,NA,33,9,0.5528619937746704
energy_event,83,h4-1.5-known-development,v5-sequential-with-rebuilding,MEDIUM,ALGORITHM_REJECTED,4,NA,NA,-1.9918340731079975,0.004316252410811794,NA,NA,NA,NA,NA,34,9,0.5528624513250949
energy_event,83,h4-1.5-known-development,v5-sequential-with-rebuilding,MEDIUM,ALGORITHM_REJECTED,4,NA,NA,-1.9918340731079978,0.004316252410811572,NA,NA,NA,NA,NA,35,9,0.5528624031058539
energy_event,86,h4-1.5-known-development,structural-magnitude-pruning,HIGH,ALGORITHM_REJECTED,1,NA,NA,-1.9874574656825532,0.008692859836256117,NA,NA,NA,NA,NA,1,9,0.66678144715565
energy_event,86,h4-1.5-known-development,structural-magnitude-pruning,HIGH,ALGORITHM_REJECTED,1,NA,NA,-1.988687107813285,0.007463217705524272,NA,NA,NA,NA,NA,2,9,0.7585861250750663
energy_event,86,h4-1.5-known-development,structural-magnitude-pruning,HIGH,ALGORITHM_REJECTED,1,NA,NA,-1.9895814254651563,0.006568900053653071,NA,NA,NA,NA,NA,3,9,0.7008369480791709
energy_event,86,h4-1.5-known-development,structural-magnitude-pruning,HIGH,ALGORITHM_REJECTED,1,NA,NA,-1.9896045040515946,0.006545821467214719,NA,NA,NA,NA,NA,4,9,0.7149004980674833
energy_event,86,h4-1.5-known-development,structural-magnitude-pruning,HIGH,ALGORITHM_REJECTED,1,NA,NA,-1.9896052942915985,0.00654503122721084,NA,NA,NA,NA,NA,5,9,0.7139525454985731
energy_event,86,h4-1.5-known-development,structural-magnitude-pruning,HIGH,ALGORITHM_REJECTED,1,NA,NA,-1.9896053418171857,0.006544983701623597,NA,NA,NA,NA,NA,6,9,0.7141265469005214
energy_event,86,h4-1.5-known-development,structural-magnitude-pruning,HIGH,ALGORITHM_REJECTED,1,NA,NA,-1.989605343786549,0.006544981732260258,NA,NA,NA,NA,NA,7,9,0.7141211348110554
energy_event,86,h4-1.5-known-development,structural-magnitude-pruning,HIGH,ALGORITHM_REJECTED,1,NA,NA,-1.9896053438542336,0.006544981664575733,NA,NA,NA,NA,NA,8,9,0.7141193565684957
energy_event,86,h4-1.5-known-development,structural-magnitude-pruning,HIGH,ALGORITHM_REJECTED,1,NA,NA,-1.9896053438545218,0.006544981664287519,NA,NA,NA,NA,NA,9,9,0.7141202365844467
energy_event,86,h4-1.5-known-development,structural-magnitude-pruning,HIGH,ALGORITHM_REJECTED,1,NA,NA,-1.9896053438545303,0.0065449816642790815,NA,NA,NA,NA,NA,10,9,0.714120148955946
energy_event,87,h4-1.5-known-development,v4.1-one-shot-joint-compression,HIGH,ALGORITHM_REJECTED,1,NA,NA,-1.9922443884922512,0.0039059370265581705,NA,NA,NA,NA,NA,1,8,0.5476780134607527
energy_event,87,h4-1.5-known-development,v4.1-one-shot-joint-compression,HIGH,ALGORITHM_REJECTED,1,NA,NA,-1.9923357621212034,0.0038145633976058857,NA,NA,NA,NA,NA,2,8,0.539693737523548
energy_event,87,h4-1.5-known-development,v4.1-one-shot-joint-compression,HIGH,ALGORITHM_REJECTED,1,NA,NA,-1.9923395192850737,0.003810806233735642,NA,NA,NA,NA,NA,3,8,0.5389103553842757
energy_event,87,h4-1.5-known-development,v4.1-one-shot-joint-compression,HIGH,ALGORITHM_REJECTED,1,NA,NA,-1.9923396530383484,0.0038106724804609637,NA,NA,NA,NA,NA,4,8,0.5391366129643108
energy_event,87,h4-1.5-known-development,v4.1-one-shot-joint-compression,HIGH,ALGORITHM_REJECTED,1,NA,NA,-1.9923396574846663,0.0038106680341429833,NA,NA,NA,NA,NA,5,8,0.5391280925715439
energy_event,87,h4-1.5-known-development,v4.1-one-shot-joint-compression,HIGH,ALGORITHM_REJECTED,1,NA,NA,-1.9923396575272532,0.0038106679915561603,NA,NA,NA,NA,NA,6,8,0.5391231861597713
energy_event,87,h4-1.5-known-development,v4.1-one-shot-joint-compression,HIGH,ALGORITHM_REJECTED,1,NA,NA,-1.9923396575276406,0.0038106679911686925,NA,NA,NA,NA,NA,7,8,0.5391237948701412
energy_event,87,h4-1.5-known-development,v4.1-one-shot-joint-compression,HIGH,ALGORITHM_REJECTED,1,NA,NA,-1.9923396575276413,0.0038106679911680263,NA,NA,NA,NA,NA,8,8,0.5391237727544177
energy_event,88,h4-1.5-known-development,v5-fixed-source-whitelist-no-replenishment,HIGH,ALGORITHM_REJECTED,1,NA,NA,-1.9947883583653399,0.0013619671534694788,NA,NA,NA,NA,NA,1,9,0.6284145883831613
energy_event,88,h4-1.5-known-development,v5-fixed-source-whitelist-no-replenishment,HIGH,ALGORITHM_REJECTED,1,NA,NA,-1.99478891004363,0.0013614154751793173,NA,NA,NA,NA,NA,2,9,0.6274667828652193
energy_event,88,h4-1.5-known-development,v5-fixed-source-whitelist-no-replenishment,HIGH,ALGORITHM_REJECTED,1,NA,NA,-1.9947889323562515,0.001361393162557789,NA,NA,NA,NA,NA,3,9,0.6274786995794992
energy_event,88,h4-1.5-known-development,v5-fixed-source-whitelist-no-replenishment,HIGH,ALGORITHM_REJECTED,1,NA,NA,-1.994788934310065,0.0013613912087442337,NA,NA,NA,NA,NA,4,9,0.6274867440785921
energy_event,88,h4-1.5-known-development,v5-fixed-source-whitelist-no-replenishment,HIGH,ALGORITHM_REJECTED,1,NA,NA,-1.9947889343240222,0.001361391194787176,NA,NA,NA,NA,NA,5,9,0.6274844713227616
energy_event,88,h4-1.5-known-development,v5-fixed-source-whitelist-no-replenishment,HIGH,ALGORITHM_REJECTED,1,NA,NA,-1.9947889343241305,0.0013613911946788182,NA,NA,NA,NA,NA,6,9,0.6274846241541628
energy_event,88,h4-1.5-known-development,v5-fixed-source-whitelist-no-replenishment,HIGH,ALGORITHM_REJECTED,1,NA,NA,-1.99478893432413,0.0013613911946792623,NA,NA,NA,NA,NA,7,9,0.6274846216538039
energy_event,88,h4-1.5-known-development,v5-fixed-source-whitelist-no-replenishment,HIGH,ALGORITHM_REJECTED,1,NA,NA,-1.994788934324131,0.001361391194678374,NA,NA,NA,NA,NA,8,9,0.6274846237328343
energy_event,88,h4-1.5-known-development,v5-fixed-source-whitelist-no-replenishment,HIGH,ALGORITHM_REJECTED,1,NA,NA,-1.9947889343241305,0.0013613911946788182,NA,NA,NA,NA,NA,9,9,0.6274846213472348
energy_event,88,h4-1.5-known-development,v5-fixed-source-whitelist-no-replenishment,HIGH,ALGORITHM_REJECTED,1,NA,NA,-1.994788934324131,0.001361391194678374,NA,NA,NA,NA,NA,10,9,0.6274846234270696
energy_event,88,h4-1.5-known-development,v5-fixed-source-whitelist-no-replenishment,HIGH,ALGORITHM_REJECTED,2,NA,NA,-1.9935233126596354,0.002627012859173883,NA,NA,NA,NA,NA,11,9,0.588796697332415
energy_event,88,h4-1.5-known-development,v5-fixed-source-whitelist-no-replenishment,HIGH,ALGORITHM_REJECTED,2,NA,NA,-1.9935415112521853,0.002608814266624071,NA,NA,NA,NA,NA,12,9,0.5836196855550155
energy_event,88,h4-1.5-known-development,v5-fixed-source-whitelist-no-replenishment,HIGH,ALGORITHM_REJECTED,2,NA,NA,-1.9935423082914352,0.0026080172273741375,NA,NA,NA,NA,NA,13,9,0.5832338058059175
energy_event,88,h4-1.5-known-development,v5-fixed-source-whitelist-no-replenishment,HIGH,ALGORITHM_REJECTED,2,NA,NA,-1.9935423176912277,0.0026080078275816376,NA,NA,NA,NA,NA,14,9,0.5832664932092128
energy_event,88,h4-1.5-known-development,v5-fixed-source-whitelist-no-replenishment,HIGH,ALGORITHM_REJECTED,2,NA,NA,-1.9935423178414198,0.0026080076773895566,NA,NA,NA,NA,NA,15,9,0.583253193016802
energy_event,88,h4-1.5-known-development,v5-fixed-source-whitelist-no-replenishment,HIGH,ALGORITHM_REJECTED,2,NA,NA,-1.9935423178481433,0.002608007670666046,NA,NA,NA,NA,NA,16,9,0.583250871919538
energy_event,88,h4-1.5-known-development,v5-fixed-source-whitelist-no-replenishment,HIGH,ALGORITHM_REJECTED,2,NA,NA,-1.9935423178486034,0.0026080076702059696,NA,NA,NA,NA,NA,17,9,0.5832514649576649
energy_event,88,h4-1.5-known-development,v5-fixed-source-whitelist-no-replenishment,HIGH,ALGORITHM_REJECTED,2,NA,NA,-1.9935423178486071,0.002608007670202195,NA,NA,NA,NA,NA,18,9,0.5832514568813778
energy_event,88,h4-1.5-known-development,v5-fixed-source-whitelist-no-replenishment,HIGH,ALGORITHM_REJECTED,3,NA,NA,-1.9927756948578093,0.0033746306610000776,NA,NA,NA,NA,NA,19,9,0.5514754154849015
energy_event,88,h4-1.5-known-development,v5-fixed-source-whitelist-no-replenishment,HIGH,ALGORITHM_REJECTED,3,NA,NA,-1.9928891709631162,0.003261154555693091,NA,NA,NA,NA,NA,20,9,0.5409648744757235
energy_event,88,h4-1.5-known-development,v5-fixed-source-whitelist-no-replenishment,HIGH,ALGORITHM_REJECTED,3,NA,NA,-1.9928936489338613,0.003256676584947993,NA,NA,NA,NA,NA,21,9,0.5397416856226783
energy_event,88,h4-1.5-known-development,v5-fixed-source-whitelist-no-replenishment,HIGH,ALGORITHM_REJECTED,3,NA,NA,-1.9928937662949882,0.003256559223821176,NA,NA,NA,NA,NA,22,9,0.5399750726451156
energy_event,88,h4-1.5-known-development,v5-fixed-source-whitelist-no-replenishment,HIGH,ALGORITHM_REJECTED,3,NA,NA,-1.9928937731754077,0.0032565523434016086,NA,NA,NA,NA,NA,23,9,0.5399720701588736
energy_event,88,h4-1.5-known-development,v5-fixed-source-whitelist-no-replenishment,HIGH,ALGORITHM_REJECTED,3,NA,NA,-1.9928937733003507,0.0032565522184586637,NA,NA,NA,NA,NA,24,9,0.5399638834232122
energy_event,88,h4-1.5-known-development,v5-fixed-source-whitelist-no-replenishment,HIGH,ALGORITHM_REJECTED,3,NA,NA,-1.992893773301637,0.0032565522171723593,NA,NA,NA,NA,NA,25,9,0.5399648747229685
energy_event,88,h4-1.5-known-development,v5-fixed-source-whitelist-no-replenishment,HIGH,ALGORITHM_REJECTED,3,NA,NA,-1.9928937733016394,0.003256552217169917,NA,NA,NA,NA,NA,26,9,0.5399648535478192
energy_event,88,h4-1.5-known-development,v5-fixed-source-whitelist-no-replenishment,HIGH,ALGORITHM_REJECTED,4,NA,NA,-1.9917492264438867,0.0044010990749225876,NA,NA,NA,NA,NA,27,9,0.5625688772491639
energy_event,88,h4-1.5-known-development,v5-fixed-source-whitelist-no-replenishment,HIGH,ALGORITHM_REJECTED,4,NA,NA,-1.991829908778003,0.00432041674080641,NA,NA,NA,NA,NA,28,9,0.5543018202938994
energy_event,88,h4-1.5-known-development,v5-fixed-source-whitelist-no-replenishment,HIGH,ALGORITHM_REJECTED,4,NA,NA,-1.9918337729687692,0.004316552550040154,NA,NA,NA,NA,NA,29,9,0.5527558853119712
energy_event,88,h4-1.5-known-development,v5-fixed-source-whitelist-no-replenishment,HIGH,ALGORITHM_REJECTED,4,NA,NA,-1.9918340689170515,0.0043162566017578285,NA,NA,NA,NA,NA,30,9,0.552910145784819
energy_event,88,h4-1.5-known-development,v5-fixed-source-whitelist-no-replenishment,HIGH,ALGORITHM_REJECTED,4,NA,NA,-1.9918340729979052,0.0043162525209041736,NA,NA,NA,NA,NA,31,9,0.5528749992145959
energy_event,88,h4-1.5-known-development,v5-fixed-source-whitelist-no-replenishment,HIGH,ALGORITHM_REJECTED,4,NA,NA,-1.9918340731030528,0.004316252415756505,NA,NA,NA,NA,NA,32,9,0.552862493773007
energy_event,88,h4-1.5-known-development,v5-fixed-source-whitelist-no-replenishment,HIGH,ALGORITHM_REJECTED,4,NA,NA,-1.9918340731076705,0.004316252411138866,NA,NA,NA,NA,NA,33,9,0.5528619937746704
energy_event,88,h4-1.5-known-development,v5-fixed-source-whitelist-no-replenishment,HIGH,ALGORITHM_REJECTED,4,NA,NA,-1.9918340731079975,0.004316252410811794,NA,NA,NA,NA,NA,34,9,0.5528624513250949
energy_event,88,h4-1.5-known-development,v5-fixed-source-whitelist-no-replenishment,HIGH,ALGORITHM_REJECTED,4,NA,NA,-1.9918340731079978,0.004316252410811572,NA,NA,NA,NA,NA,35,9,0.5528624031058539
energy_event,89,h4-1.5-known-development,v5-sequential-with-rebuilding,HIGH,ALGORITHM_REJECTED,1,NA,NA,-1.9947883583653399,0.0013619671534694788,NA,NA,NA,NA,NA,1,9,0.6284145883831613
energy_event,89,h4-1.5-known-development,v5-sequential-with-rebuilding,HIGH,ALGORITHM_REJECTED,1,NA,NA,-1.99478891004363,0.0013614154751793173,NA,NA,NA,NA,NA,2,9,0.6274667828652193
energy_event,89,h4-1.5-known-development,v5-sequential-with-rebuilding,HIGH,ALGORITHM_REJECTED,1,NA,NA,-1.9947889323562515,0.001361393162557789,NA,NA,NA,NA,NA,3,9,0.6274786995794992
energy_event,89,h4-1.5-known-development,v5-sequential-with-rebuilding,HIGH,ALGORITHM_REJECTED,1,NA,NA,-1.994788934310065,0.0013613912087442337,NA,NA,NA,NA,NA,4,9,0.6274867440785921
energy_event,89,h4-1.5-known-development,v5-sequential-with-rebuilding,HIGH,ALGORITHM_REJECTED,1,NA,NA,-1.9947889343240222,0.001361391194787176,NA,NA,NA,NA,NA,5,9,0.6274844713227616
energy_event,89,h4-1.5-known-development,v5-sequential-with-rebuilding,HIGH,ALGORITHM_REJECTED,1,NA,NA,-1.9947889343241305,0.0013613911946788182,NA,NA,NA,NA,NA,6,9,0.6274846241541628
energy_event,89,h4-1.5-known-development,v5-sequential-with-rebuilding,HIGH,ALGORITHM_REJECTED,1,NA,NA,-1.99478893432413,0.0013613911946792623,NA,NA,NA,NA,NA,7,9,0.6274846216538039
energy_event,89,h4-1.5-known-development,v5-sequential-with-rebuilding,HIGH,ALGORITHM_REJECTED,1,NA,NA,-1.994788934324131,0.001361391194678374,NA,NA,NA,NA,NA,8,9,0.6274846237328343
energy_event,89,h4-1.5-known-development,v5-sequential-with-rebuilding,HIGH,ALGORITHM_REJECTED,1,NA,NA,-1.9947889343241305,0.0013613911946788182,NA,NA,NA,NA,NA,9,9,0.6274846213472348
energy_event,89,h4-1.5-known-development,v5-sequential-with-rebuilding,HIGH,ALGORITHM_REJECTED,1,NA,NA,-1.994788934324131,0.001361391194678374,NA,NA,NA,NA,NA,10,9,0.6274846234270696
energy_event,89,h4-1.5-known-development,v5-sequential-with-rebuilding,HIGH,ALGORITHM_REJECTED,2,NA,NA,-1.9935233126596354,0.002627012859173883,NA,NA,NA,NA,NA,11,9,0.588796697332415
energy_event,89,h4-1.5-known-development,v5-sequential-with-rebuilding,HIGH,ALGORITHM_REJECTED,2,NA,NA,-1.9935415112521853,0.002608814266624071,NA,NA,NA,NA,NA,12,9,0.5836196855550155
energy_event,89,h4-1.5-known-development,v5-sequential-with-rebuilding,HIGH,ALGORITHM_REJECTED,2,NA,NA,-1.9935423082914352,0.0026080172273741375,NA,NA,NA,NA,NA,13,9,0.5832338058059175
energy_event,89,h4-1.5-known-development,v5-sequential-with-rebuilding,HIGH,ALGORITHM_REJECTED,2,NA,NA,-1.9935423176912277,0.0026080078275816376,NA,NA,NA,NA,NA,14,9,0.5832664932092128
energy_event,89,h4-1.5-known-development,v5-sequential-with-rebuilding,HIGH,ALGORITHM_REJECTED,2,NA,NA,-1.9935423178414198,0.0026080076773895566,NA,NA,NA,NA,NA,15,9,0.583253193016802
energy_event,89,h4-1.5-known-development,v5-sequential-with-rebuilding,HIGH,ALGORITHM_REJECTED,2,NA,NA,-1.9935423178481433,0.002608007670666046,NA,NA,NA,NA,NA,16,9,0.583250871919538
energy_event,89,h4-1.5-known-development,v5-sequential-with-rebuilding,HIGH,ALGORITHM_REJECTED,2,NA,NA,-1.9935423178486034,0.0026080076702059696,NA,NA,NA,NA,NA,17,9,0.5832514649576649
energy_event,89,h4-1.5-known-development,v5-sequential-with-rebuilding,HIGH,ALGORITHM_REJECTED,2,NA,NA,-1.9935423178486071,0.002608007670202195,NA,NA,NA,NA,NA,18,9,0.5832514568813778
energy_event,89,h4-1.5-known-development,v5-sequential-with-rebuilding,HIGH,ALGORITHM_REJECTED,3,NA,NA,-1.9927756948578093,0.0033746306610000776,NA,NA,NA,NA,NA,19,9,0.5514754154849015
energy_event,89,h4-1.5-known-development,v5-sequential-with-rebuilding,HIGH,ALGORITHM_REJECTED,3,NA,NA,-1.9928891709631162,0.003261154555693091,NA,NA,NA,NA,NA,20,9,0.5409648744757235
energy_event,89,h4-1.5-known-development,v5-sequential-with-rebuilding,HIGH,ALGORITHM_REJECTED,3,NA,NA,-1.9928936489338613,0.003256676584947993,NA,NA,NA,NA,NA,21,9,0.5397416856226783
energy_event,89,h4-1.5-known-development,v5-sequential-with-rebuilding,HIGH,ALGORITHM_REJECTED,3,NA,NA,-1.9928937662949882,0.003256559223821176,NA,NA,NA,NA,NA,22,9,0.5399750726451156
energy_event,89,h4-1.5-known-development,v5-sequential-with-rebuilding,HIGH,ALGORITHM_REJECTED,3,NA,NA,-1.9928937731754077,0.0032565523434016086,NA,NA,NA,NA,NA,23,9,0.5399720701588736
energy_event,89,h4-1.5-known-development,v5-sequential-with-rebuilding,HIGH,ALGORITHM_REJECTED,3,NA,NA,-1.9928937733003507,0.0032565522184586637,NA,NA,NA,NA,NA,24,9,0.5399638834232122
energy_event,89,h4-1.5-known-development,v5-sequential-with-rebuilding,HIGH,ALGORITHM_REJECTED,3,NA,NA,-1.992893773301637,0.0032565522171723593,NA,NA,NA,NA,NA,25,9,0.5399648747229685
energy_event,89,h4-1.5-known-development,v5-sequential-with-rebuilding,HIGH,ALGORITHM_REJECTED,3,NA,NA,-1.9928937733016394,0.003256552217169917,NA,NA,NA,NA,NA,26,9,0.5399648535478192
energy_event,89,h4-1.5-known-development,v5-sequential-with-rebuilding,HIGH,ALGORITHM_REJECTED,4,NA,NA,-1.9917492264438867,0.0044010990749225876,NA,NA,NA,NA,NA,27,9,0.5625688772491639
energy_event,89,h4-1.5-known-development,v5-sequential-with-rebuilding,HIGH,ALGORITHM_REJECTED,4,NA,NA,-1.991829908778003,0.00432041674080641,NA,NA,NA,NA,NA,28,9,0.5543018202938994
energy_event,89,h4-1.5-known-development,v5-sequential-with-rebuilding,HIGH,ALGORITHM_REJECTED,4,NA,NA,-1.9918337729687692,0.004316552550040154,NA,NA,NA,NA,NA,29,9,0.5527558853119712
energy_event,89,h4-1.5-known-development,v5-sequential-with-rebuilding,HIGH,ALGORITHM_REJECTED,4,NA,NA,-1.9918340689170515,0.0043162566017578285,NA,NA,NA,NA,NA,30,9,0.552910145784819
energy_event,89,h4-1.5-known-development,v5-sequential-with-rebuilding,HIGH,ALGORITHM_REJECTED,4,NA,NA,-1.9918340729979052,0.0043162525209041736,NA,NA,NA,NA,NA,31,9,0.5528749992145959
energy_event,89,h4-1.5-known-development,v5-sequential-with-rebuilding,HIGH,ALGORITHM_REJECTED,4,NA,NA,-1.9918340731030528,0.004316252415756505,NA,NA,NA,NA,NA,32,9,0.552862493773007
energy_event,89,h4-1.5-known-development,v5-sequential-with-rebuilding,HIGH,ALGORITHM_REJECTED,4,NA,NA,-1.9918340731076705,0.004316252411138866,NA,NA,NA,NA,NA,33,9,0.5528619937746704
energy_event,89,h4-1.5-known-development,v5-sequential-with-rebuilding,HIGH,ALGORITHM_REJECTED,4,NA,NA,-1.9918340731079975,0.004316252410811794,NA,NA,NA,NA,NA,34,9,0.5528624513250949
energy_event,89,h4-1.5-known-development,v5-sequential-with-rebuilding,HIGH,ALGORITHM_REJECTED,4,NA,NA,-1.9918340731079978,0.004316252410811572,NA,NA,NA,NA,NA,35,9,0.5528624031058539
